refid,refid_value,projid,tstamp,filename,author_entity
1,1,research_reviewer_main,2025-06-23 21:25:43,raw_ref_to_json.py,"{'key': 'author-1', 'name': 'Chris Brunsdon', 's2_id': None, 'orcid': 'https://orcid.org/0000-0003-4254-1780', 'raw_name': 'C. Brunsdon'}"
1,1,research_reviewer_main,2025-06-23 21:25:43,raw_ref_to_json.py,"{'key': 'author-2', 'name': 'A. Stewart Fotheringham', 's2_id': None, 'orcid': 'https://orcid.org/0000-0002-0407-1901', 'raw_name': 'A. S. Fotheringham'}"
1,1,research_reviewer_main,2025-06-23 21:25:43,raw_ref_to_json.py,"{'key': 'author-3', 'name': 'Martin Charlton', 's2_id': None, 'orcid': 'https://orcid.org/0000-0002-0622-393X', 'raw_name': 'M. E. Charlton'}"
2,2,research_reviewer_main,2025-06-23 21:25:43,raw_ref_to_json.py,"{'key': 'author-1', 'name': 'Chris Brunsdon', 's2_id': None, 'orcid': 'https://orcid.org/0000-0003-4254-1780', 'raw_name': 'C. Brunsdon'}"
2,2,research_reviewer_main,2025-06-23 21:25:43,raw_ref_to_json.py,"{'key': 'author-2', 'name': 'A. Stewart Fotheringham', 's2_id': None, 'orcid': 'https://orcid.org/0000-0002-0407-1901', 'raw_name': 'A. S. Fotheringham'}"
2,2,research_reviewer_main,2025-06-23 21:25:43,raw_ref_to_json.py,"{'key': 'author-3', 'name': 'Martin Charlton', 's2_id': None, 'orcid': 'https://orcid.org/0000-0002-0622-393X', 'raw_name': 'M. E. Charlton'}"
2,2,research_reviewer_main,2025-06-23 21:25:43,raw_ref_to_json.py,"{'key': 'author-4', 'name': 'Wenbai Yang', 's2_id': None, 'orcid': 'https://orcid.org/0000-0003-3293-8389', 'raw_name': 'W. Yang'}"
2,2,research_reviewer_main,2025-06-23 21:25:43,raw_ref_to_json.py,"{'key': 'author-5', 'name': 'Wei Kang', 's2_id': None, 'orcid': 'https://orcid.org/0000-0002-1073-7781', 'raw_name': 'W. Kang'}"
3,3,research_reviewer_main,2025-06-23 21:25:43,raw_ref_to_json.py,"{'key': 'author-1', 'name': 'Chris Brunsdon', 's2_id': None, 'orcid': 'https://orcid.org/0000-0003-4254-1780', 'raw_name': 'C. Brunsdon'}"
3,3,research_reviewer_main,2025-06-23 21:25:43,raw_ref_to_json.py,"{'key': 'author-2', 'name': 'A. Stewart Fotheringham', 's2_id': None, 'orcid': 'https://orcid.org/0000-0002-0407-1901', 'raw_name': 'A. S. Fotheringham'}"
3,3,research_reviewer_main,2025-06-23 21:25:43,raw_ref_to_json.py,"{'key': 'author-3', 'name': 'Martin Charlton', 's2_id': None, 'orcid': 'https://orcid.org/0000-0002-0622-393X', 'raw_name': 'M. E. Charlton'}"
3,3,research_reviewer_main,2025-06-23 21:25:43,raw_ref_to_json.py,"{'key': 'author-4', 'name': 'Wenbai Yang', 's2_id': None, 'orcid': 'https://orcid.org/0000-0003-3293-8389', 'raw_name': 'W. Yang'}"
3,3,research_reviewer_main,2025-06-23 21:25:43,raw_ref_to_json.py,"{'key': 'author-5', 'name': 'Wei Kang', 's2_id': None, 'orcid': 'https://orcid.org/0000-0002-1073-7781', 'raw_name': 'W. Kang'}"
3,3,research_reviewer_main,2025-06-23 21:25:43,raw_ref_to_json.py,"{'key': 'author-6', 'name': 'T. Gao', 's2_id': None, 'orcid': None, 'raw_name': 'T. Gao'}"
3,3,research_reviewer_main,2025-06-23 21:25:43,raw_ref_to_json.py,"{'key': 'author-7', 'name': 'J. Hullman', 's2_id': None, 'orcid': None, 'raw_name': 'J. Hullman'}"
3,3,research_reviewer_main,2025-06-23 21:25:43,raw_ref_to_json.py,"{'key': 'author-8', 'name': 'E. Adar', 's2_id': None, 'orcid': None, 'raw_name': 'E. Adar'}"
3,3,research_reviewer_main,2025-06-23 21:25:43,raw_ref_to_json.py,"{'key': 'author-9', 'name': 'B. Hecht', 's2_id': None, 'orcid': None, 'raw_name': 'B. Hecht'}"
3,3,research_reviewer_main,2025-06-23 21:25:43,raw_ref_to_json.py,"{'key': 'author-10', 'name': 'N. Diakopoulos', 's2_id': None, 'orcid': None, 'raw_name': 'N. Diakopoulos'}"
4,4,research_reviewer_main,2025-06-23 21:25:43,raw_ref_to_json.py,"{'key': 'author-1', 'name': 'Chris Brunsdon', 's2_id': None, 'orcid': 'https://orcid.org/0000-0003-4254-1780', 'raw_name': 'C. Brunsdon'}"
4,4,research_reviewer_main,2025-06-23 21:25:43,raw_ref_to_json.py,"{'key': 'author-2', 'name': 'A. Stewart Fotheringham', 's2_id': None, 'orcid': 'https://orcid.org/0000-0002-0407-1901', 'raw_name': 'A. S. Fotheringham'}"
4,4,research_reviewer_main,2025-06-23 21:25:43,raw_ref_to_json.py,"{'key': 'author-3', 'name': 'Martin Charlton', 's2_id': None, 'orcid': 'https://orcid.org/0000-0002-0622-393X', 'raw_name': 'M. E. Charlton'}"
4,4,research_reviewer_main,2025-06-23 21:25:43,raw_ref_to_json.py,"{'key': 'author-4', 'name': 'Wenbai Yang', 's2_id': None, 'orcid': 'https://orcid.org/0000-0003-3293-8389', 'raw_name': 'W. Yang'}"
4,4,research_reviewer_main,2025-06-23 21:25:43,raw_ref_to_json.py,"{'key': 'author-5', 'name': 'Wei Kang', 's2_id': None, 'orcid': 'https://orcid.org/0000-0002-1073-7781', 'raw_name': 'W. Kang'}"
4,4,research_reviewer_main,2025-06-23 21:25:43,raw_ref_to_json.py,"{'key': 'author-6', 'name': 'T. Gao', 's2_id': None, 'orcid': None, 'raw_name': 'T. Gao'}"
4,4,research_reviewer_main,2025-06-23 21:25:43,raw_ref_to_json.py,"{'key': 'author-7', 'name': 'J. Hullman', 's2_id': None, 'orcid': None, 'raw_name': 'J. Hullman'}"
4,4,research_reviewer_main,2025-06-23 21:25:43,raw_ref_to_json.py,"{'key': 'author-8', 'name': 'E. Adar', 's2_id': None, 'orcid': None, 'raw_name': 'E. Adar'}"
4,4,research_reviewer_main,2025-06-23 21:25:43,raw_ref_to_json.py,"{'key': 'author-9', 'name': 'B. Hecht', 's2_id': None, 'orcid': None, 'raw_name': 'B. Hecht'}"
4,4,research_reviewer_main,2025-06-23 21:25:43,raw_ref_to_json.py,"{'key': 'author-10', 'name': 'N. Diakopoulos', 's2_id': None, 'orcid': None, 'raw_name': 'N. Diakopoulos'}"
4,4,research_reviewer_main,2025-06-23 21:25:43,raw_ref_to_json.py,"{'key': 'author-11', 'name': 'Sarah Goodwin', 's2_id': None, 'orcid': 'https://orcid.org/0000-0001-8894-8282', 'raw_name': 'S. Goodwin'}"
4,4,research_reviewer_main,2025-06-23 21:25:43,raw_ref_to_json.py,"{'key': 'author-12', 'name': 'Jason Dykes', 's2_id': None, 'orcid': 'https://orcid.org/0000-0002-8096-5763', 'raw_name': 'J. Dykes'}"
4,4,research_reviewer_main,2025-06-23 21:25:43,raw_ref_to_json.py,"{'key': 'author-13', 'name': 'Aidan Slingsby', 's2_id': None, 'orcid': 'https://orcid.org/0000-0003-3941-553X', 'raw_name': 'A. Slingsby'}"
4,4,research_reviewer_main,2025-06-23 21:25:43,raw_ref_to_json.py,"{'key': 'author-14', 'name': 'Çağatay Turkay', 's2_id': None, 'orcid': 'https://orcid.org/0000-0001-6788-251X', 'raw_name': 'C. Turkay'}"
5,5,research_reviewer_main,2025-06-23 21:25:43,raw_ref_to_json.py,"{'key': 'author-1', 'name': 'Chris Brunsdon', 's2_id': None, 'orcid': 'https://orcid.org/0000-0003-4254-1780', 'raw_name': 'C. Brunsdon'}"
5,5,research_reviewer_main,2025-06-23 21:25:43,raw_ref_to_json.py,"{'key': 'author-2', 'name': 'A. Stewart Fotheringham', 's2_id': None, 'orcid': 'https://orcid.org/0000-0002-0407-1901', 'raw_name': 'A. S. Fotheringham'}"
5,5,research_reviewer_main,2025-06-23 21:25:43,raw_ref_to_json.py,"{'key': 'author-3', 'name': 'Martin Charlton', 's2_id': None, 'orcid': 'https://orcid.org/0000-0002-0622-393X', 'raw_name': 'M. E. Charlton'}"
5,5,research_reviewer_main,2025-06-23 21:25:43,raw_ref_to_json.py,"{'key': 'author-4', 'name': 'Wenbai Yang', 's2_id': None, 'orcid': 'https://orcid.org/0000-0003-3293-8389', 'raw_name': 'W. Yang'}"
5,5,research_reviewer_main,2025-06-23 21:25:43,raw_ref_to_json.py,"{'key': 'author-5', 'name': 'Wei Kang', 's2_id': None, 'orcid': 'https://orcid.org/0000-0002-1073-7781', 'raw_name': 'W. Kang'}"
5,5,research_reviewer_main,2025-06-23 21:25:43,raw_ref_to_json.py,"{'key': 'author-6', 'name': 'T. Gao', 's2_id': None, 'orcid': None, 'raw_name': 'T. Gao'}"
5,5,research_reviewer_main,2025-06-23 21:25:43,raw_ref_to_json.py,"{'key': 'author-7', 'name': 'J. Hullman', 's2_id': None, 'orcid': None, 'raw_name': 'J. Hullman'}"
5,5,research_reviewer_main,2025-06-23 21:25:43,raw_ref_to_json.py,"{'key': 'author-8', 'name': 'E. Adar', 's2_id': None, 'orcid': None, 'raw_name': 'E. Adar'}"
5,5,research_reviewer_main,2025-06-23 21:25:43,raw_ref_to_json.py,"{'key': 'author-9', 'name': 'B. Hecht', 's2_id': None, 'orcid': None, 'raw_name': 'B. Hecht'}"
5,5,research_reviewer_main,2025-06-23 21:25:43,raw_ref_to_json.py,"{'key': 'author-10', 'name': 'N. Diakopoulos', 's2_id': None, 'orcid': None, 'raw_name': 'N. Diakopoulos'}"
5,5,research_reviewer_main,2025-06-23 21:25:43,raw_ref_to_json.py,"{'key': 'author-11', 'name': 'Sarah Goodwin', 's2_id': None, 'orcid': 'https://orcid.org/0000-0001-8894-8282', 'raw_name': 'S. Goodwin'}"
5,5,research_reviewer_main,2025-06-23 21:25:43,raw_ref_to_json.py,"{'key': 'author-12', 'name': 'Jason Dykes', 's2_id': None, 'orcid': 'https://orcid.org/0000-0002-8096-5763', 'raw_name': 'J. Dykes'}"
5,5,research_reviewer_main,2025-06-23 21:25:43,raw_ref_to_json.py,"{'key': 'author-13', 'name': 'Aidan Slingsby', 's2_id': None, 'orcid': 'https://orcid.org/0000-0003-3941-553X', 'raw_name': 'A. Slingsby'}"
5,5,research_reviewer_main,2025-06-23 21:25:43,raw_ref_to_json.py,"{'key': 'author-14', 'name': 'Çağatay Turkay', 's2_id': None, 'orcid': 'https://orcid.org/0000-0001-6788-251X', 'raw_name': 'C. Turkay'}"
6,6,research_reviewer_main,2025-06-23 21:25:43,raw_ref_to_json.py,"{'key': 'author-1', 'name': 'Chris Brunsdon', 's2_id': None, 'orcid': 'https://orcid.org/0000-0003-4254-1780', 'raw_name': 'C. Brunsdon'}"
6,6,research_reviewer_main,2025-06-23 21:25:43,raw_ref_to_json.py,"{'key': 'author-2', 'name': 'A. Stewart Fotheringham', 's2_id': None, 'orcid': 'https://orcid.org/0000-0002-0407-1901', 'raw_name': 'A. S. Fotheringham'}"
6,6,research_reviewer_main,2025-06-23 21:25:43,raw_ref_to_json.py,"{'key': 'author-3', 'name': 'Martin Charlton', 's2_id': None, 'orcid': 'https://orcid.org/0000-0002-0622-393X', 'raw_name': 'M. E. Charlton'}"
6,6,research_reviewer_main,2025-06-23 21:25:43,raw_ref_to_json.py,"{'key': 'author-4', 'name': 'Wenbai Yang', 's2_id': None, 'orcid': 'https://orcid.org/0000-0003-3293-8389', 'raw_name': 'W. Yang'}"
6,6,research_reviewer_main,2025-06-23 21:25:43,raw_ref_to_json.py,"{'key': 'author-5', 'name': 'Wei Kang', 's2_id': None, 'orcid': 'https://orcid.org/0000-0002-1073-7781', 'raw_name': 'W. Kang'}"
6,6,research_reviewer_main,2025-06-23 21:25:43,raw_ref_to_json.py,"{'key': 'author-6', 'name': 'T. Gao', 's2_id': None, 'orcid': None, 'raw_name': 'T. Gao'}"
6,6,research_reviewer_main,2025-06-23 21:25:43,raw_ref_to_json.py,"{'key': 'author-7', 'name': 'J. Hullman', 's2_id': None, 'orcid': None, 'raw_name': 'J. Hullman'}"
6,6,research_reviewer_main,2025-06-23 21:25:43,raw_ref_to_json.py,"{'key': 'author-8', 'name': 'E. Adar', 's2_id': None, 'orcid': None, 'raw_name': 'E. Adar'}"
6,6,research_reviewer_main,2025-06-23 21:25:43,raw_ref_to_json.py,"{'key': 'author-9', 'name': 'B. Hecht', 's2_id': None, 'orcid': None, 'raw_name': 'B. Hecht'}"
6,6,research_reviewer_main,2025-06-23 21:25:43,raw_ref_to_json.py,"{'key': 'author-10', 'name': 'N. Diakopoulos', 's2_id': None, 'orcid': None, 'raw_name': 'N. Diakopoulos'}"
6,6,research_reviewer_main,2025-06-23 21:25:43,raw_ref_to_json.py,"{'key': 'author-11', 'name': 'Sarah Goodwin', 's2_id': None, 'orcid': 'https://orcid.org/0000-0001-8894-8282', 'raw_name': 'S. Goodwin'}"
6,6,research_reviewer_main,2025-06-23 21:25:43,raw_ref_to_json.py,"{'key': 'author-12', 'name': 'Jason Dykes', 's2_id': None, 'orcid': 'https://orcid.org/0000-0002-8096-5763', 'raw_name': 'J. Dykes'}"
6,6,research_reviewer_main,2025-06-23 21:25:43,raw_ref_to_json.py,"{'key': 'author-13', 'name': 'Aidan Slingsby', 's2_id': None, 'orcid': 'https://orcid.org/0000-0003-3941-553X', 'raw_name': 'A. Slingsby'}"
6,6,research_reviewer_main,2025-06-23 21:25:43,raw_ref_to_json.py,"{'key': 'author-14', 'name': 'Çağatay Turkay', 's2_id': None, 'orcid': 'https://orcid.org/0000-0001-6788-251X', 'raw_name': 'C. Turkay'}"
6,6,research_reviewer_main,2025-06-23 21:25:43,raw_ref_to_json.py,"{'key': 'author-15', 'name': 'Jabba Hutt', 's2_id': None, 'orcid': None, 'raw_name': 'Jabba Hutt'}"
7,7,research_reviewer_main,2025-06-23 21:25:43,raw_ref_to_json.py,"{'key': 'author-1', 'name': 'Chris Brunsdon', 's2_id': None, 'orcid': 'https://orcid.org/0000-0003-4254-1780', 'raw_name': 'C. Brunsdon'}"
7,7,research_reviewer_main,2025-06-23 21:25:43,raw_ref_to_json.py,"{'key': 'author-2', 'name': 'A. Stewart Fotheringham', 's2_id': None, 'orcid': 'https://orcid.org/0000-0002-0407-1901', 'raw_name': 'A. S. Fotheringham'}"
7,7,research_reviewer_main,2025-06-23 21:25:43,raw_ref_to_json.py,"{'key': 'author-3', 'name': 'Martin Charlton', 's2_id': None, 'orcid': 'https://orcid.org/0000-0002-0622-393X', 'raw_name': 'M. E. Charlton'}"
7,7,research_reviewer_main,2025-06-23 21:25:43,raw_ref_to_json.py,"{'key': 'author-4', 'name': 'Wenbai Yang', 's2_id': None, 'orcid': 'https://orcid.org/0000-0003-3293-8389', 'raw_name': 'W. Yang'}"
7,7,research_reviewer_main,2025-06-23 21:25:43,raw_ref_to_json.py,"{'key': 'author-5', 'name': 'Wei Kang', 's2_id': None, 'orcid': 'https://orcid.org/0000-0002-1073-7781', 'raw_name': 'W. Kang'}"
7,7,research_reviewer_main,2025-06-23 21:25:43,raw_ref_to_json.py,"{'key': 'author-6', 'name': 'T. Gao', 's2_id': None, 'orcid': None, 'raw_name': 'T. Gao'}"
7,7,research_reviewer_main,2025-06-23 21:25:43,raw_ref_to_json.py,"{'key': 'author-7', 'name': 'J. Hullman', 's2_id': None, 'orcid': None, 'raw_name': 'J. Hullman'}"
7,7,research_reviewer_main,2025-06-23 21:25:43,raw_ref_to_json.py,"{'key': 'author-8', 'name': 'E. Adar', 's2_id': None, 'orcid': None, 'raw_name': 'E. Adar'}"
7,7,research_reviewer_main,2025-06-23 21:25:43,raw_ref_to_json.py,"{'key': 'author-9', 'name': 'B. Hecht', 's2_id': None, 'orcid': None, 'raw_name': 'B. Hecht'}"
7,7,research_reviewer_main,2025-06-23 21:25:43,raw_ref_to_json.py,"{'key': 'author-10', 'name': 'N. Diakopoulos', 's2_id': None, 'orcid': None, 'raw_name': 'N. Diakopoulos'}"
7,7,research_reviewer_main,2025-06-23 21:25:43,raw_ref_to_json.py,"{'key': 'author-11', 'name': 'Sarah Goodwin', 's2_id': None, 'orcid': 'https://orcid.org/0000-0001-8894-8282', 'raw_name': 'S. Goodwin'}"
7,7,research_reviewer_main,2025-06-23 21:25:43,raw_ref_to_json.py,"{'key': 'author-12', 'name': 'Jason Dykes', 's2_id': None, 'orcid': 'https://orcid.org/0000-0002-8096-5763', 'raw_name': 'J. Dykes'}"
7,7,research_reviewer_main,2025-06-23 21:25:43,raw_ref_to_json.py,"{'key': 'author-13', 'name': 'Aidan Slingsby', 's2_id': None, 'orcid': 'https://orcid.org/0000-0003-3941-553X', 'raw_name': 'A. Slingsby'}"
7,7,research_reviewer_main,2025-06-23 21:25:43,raw_ref_to_json.py,"{'key': 'author-14', 'name': 'Çağatay Turkay', 's2_id': None, 'orcid': 'https://orcid.org/0000-0001-6788-251X', 'raw_name': 'C. Turkay'}"
7,7,research_reviewer_main,2025-06-23 21:25:43,raw_ref_to_json.py,"{'key': 'author-15', 'name': 'Jabba Hutt', 's2_id': None, 'orcid': None, 'raw_name': 'Jabba Hutt'}"
7,7,research_reviewer_main,2025-06-23 21:25:43,raw_ref_to_json.py,"{'key': 'author-16', 'name': 'Robert Kosara', 's2_id': None, 'orcid': 'https://orcid.org/0000-0002-1178-4029', 'raw_name': 'R. Kosara'}"
7,7,research_reviewer_main,2025-06-23 21:25:43,raw_ref_to_json.py,"{'key': 'author-17', 'name': 'Jock D. Mackinlay', 's2_id': None, 'orcid': None, 'raw_name': 'J. Mackinlay'}"
8,8,research_reviewer_main,2025-06-23 21:25:43,raw_ref_to_json.py,"{'key': 'author-1', 'name': 'Chris Brunsdon', 's2_id': None, 'orcid': 'https://orcid.org/0000-0003-4254-1780', 'raw_name': 'C. Brunsdon'}"
8,8,research_reviewer_main,2025-06-23 21:25:43,raw_ref_to_json.py,"{'key': 'author-2', 'name': 'A. Stewart Fotheringham', 's2_id': None, 'orcid': 'https://orcid.org/0000-0002-0407-1901', 'raw_name': 'A. S. Fotheringham'}"
8,8,research_reviewer_main,2025-06-23 21:25:43,raw_ref_to_json.py,"{'key': 'author-3', 'name': 'Martin Charlton', 's2_id': None, 'orcid': 'https://orcid.org/0000-0002-0622-393X', 'raw_name': 'M. E. Charlton'}"
8,8,research_reviewer_main,2025-06-23 21:25:43,raw_ref_to_json.py,"{'key': 'author-4', 'name': 'Wenbai Yang', 's2_id': None, 'orcid': 'https://orcid.org/0000-0003-3293-8389', 'raw_name': 'W. Yang'}"
8,8,research_reviewer_main,2025-06-23 21:25:43,raw_ref_to_json.py,"{'key': 'author-5', 'name': 'Wei Kang', 's2_id': None, 'orcid': 'https://orcid.org/0000-0002-1073-7781', 'raw_name': 'W. Kang'}"
8,8,research_reviewer_main,2025-06-23 21:25:43,raw_ref_to_json.py,"{'key': 'author-6', 'name': 'T. Gao', 's2_id': None, 'orcid': None, 'raw_name': 'T. Gao'}"
8,8,research_reviewer_main,2025-06-23 21:25:43,raw_ref_to_json.py,"{'key': 'author-7', 'name': 'J. Hullman', 's2_id': None, 'orcid': None, 'raw_name': 'J. Hullman'}"
8,8,research_reviewer_main,2025-06-23 21:25:43,raw_ref_to_json.py,"{'key': 'author-8', 'name': 'E. Adar', 's2_id': None, 'orcid': None, 'raw_name': 'E. Adar'}"
8,8,research_reviewer_main,2025-06-23 21:25:43,raw_ref_to_json.py,"{'key': 'author-9', 'name': 'B. Hecht', 's2_id': None, 'orcid': None, 'raw_name': 'B. Hecht'}"
8,8,research_reviewer_main,2025-06-23 21:25:43,raw_ref_to_json.py,"{'key': 'author-10', 'name': 'N. Diakopoulos', 's2_id': None, 'orcid': None, 'raw_name': 'N. Diakopoulos'}"
8,8,research_reviewer_main,2025-06-23 21:25:43,raw_ref_to_json.py,"{'key': 'author-11', 'name': 'Sarah Goodwin', 's2_id': None, 'orcid': 'https://orcid.org/0000-0001-8894-8282', 'raw_name': 'S. Goodwin'}"
8,8,research_reviewer_main,2025-06-23 21:25:43,raw_ref_to_json.py,"{'key': 'author-12', 'name': 'Jason Dykes', 's2_id': None, 'orcid': 'https://orcid.org/0000-0002-8096-5763', 'raw_name': 'J. Dykes'}"
8,8,research_reviewer_main,2025-06-23 21:25:43,raw_ref_to_json.py,"{'key': 'author-13', 'name': 'Aidan Slingsby', 's2_id': None, 'orcid': 'https://orcid.org/0000-0003-3941-553X', 'raw_name': 'A. Slingsby'}"
8,8,research_reviewer_main,2025-06-23 21:25:43,raw_ref_to_json.py,"{'key': 'author-14', 'name': 'Çağatay Turkay', 's2_id': None, 'orcid': 'https://orcid.org/0000-0001-6788-251X', 'raw_name': 'C. Turkay'}"
8,8,research_reviewer_main,2025-06-23 21:25:43,raw_ref_to_json.py,"{'key': 'author-15', 'name': 'Jabba Hutt', 's2_id': None, 'orcid': None, 'raw_name': 'Jabba Hutt'}"
8,8,research_reviewer_main,2025-06-23 21:25:43,raw_ref_to_json.py,"{'key': 'author-16', 'name': 'Robert Kosara', 's2_id': None, 'orcid': 'https://orcid.org/0000-0002-1178-4029', 'raw_name': 'R. Kosara'}"
8,8,research_reviewer_main,2025-06-23 21:25:43,raw_ref_to_json.py,"{'key': 'author-17', 'name': 'Jock D. Mackinlay', 's2_id': None, 'orcid': None, 'raw_name': 'J. Mackinlay'}"
8,8,research_reviewer_main,2025-06-23 21:25:43,raw_ref_to_json.py,"{'key': 'author-18', 'name': 'J. Krause', 's2_id': None, 'orcid': None, 'raw_name': 'J. Krause'}"
8,8,research_reviewer_main,2025-06-23 21:25:43,raw_ref_to_json.py,"{'key': 'author-19', 'name': 'A. Perer', 's2_id': None, 'orcid': None, 'raw_name': 'A. Perer'}"
8,8,research_reviewer_main,2025-06-23 21:25:43,raw_ref_to_json.py,"{'key': 'author-20', 'name': 'K. Ng', 's2_id': None, 'orcid': None, 'raw_name': 'K. Ng'}"
9,9,research_reviewer_main,2025-06-23 21:25:43,raw_ref_to_json.py,"{'key': 'author-1', 'name': 'Chris Brunsdon', 's2_id': None, 'orcid': 'https://orcid.org/0000-0003-4254-1780', 'raw_name': 'C. Brunsdon'}"
9,9,research_reviewer_main,2025-06-23 21:25:43,raw_ref_to_json.py,"{'key': 'author-2', 'name': 'A. Stewart Fotheringham', 's2_id': None, 'orcid': 'https://orcid.org/0000-0002-0407-1901', 'raw_name': 'A. S. Fotheringham'}"
9,9,research_reviewer_main,2025-06-23 21:25:43,raw_ref_to_json.py,"{'key': 'author-3', 'name': 'Martin Charlton', 's2_id': None, 'orcid': 'https://orcid.org/0000-0002-0622-393X', 'raw_name': 'M. E. Charlton'}"
9,9,research_reviewer_main,2025-06-23 21:25:43,raw_ref_to_json.py,"{'key': 'author-4', 'name': 'Wenbai Yang', 's2_id': None, 'orcid': 'https://orcid.org/0000-0003-3293-8389', 'raw_name': 'W. Yang'}"
9,9,research_reviewer_main,2025-06-23 21:25:43,raw_ref_to_json.py,"{'key': 'author-5', 'name': 'Wei Kang', 's2_id': None, 'orcid': 'https://orcid.org/0000-0002-1073-7781', 'raw_name': 'W. Kang'}"
9,9,research_reviewer_main,2025-06-23 21:25:43,raw_ref_to_json.py,"{'key': 'author-6', 'name': 'T. Gao', 's2_id': None, 'orcid': None, 'raw_name': 'T. Gao'}"
9,9,research_reviewer_main,2025-06-23 21:25:43,raw_ref_to_json.py,"{'key': 'author-7', 'name': 'J. Hullman', 's2_id': None, 'orcid': None, 'raw_name': 'J. Hullman'}"
9,9,research_reviewer_main,2025-06-23 21:25:43,raw_ref_to_json.py,"{'key': 'author-8', 'name': 'E. Adar', 's2_id': None, 'orcid': None, 'raw_name': 'E. Adar'}"
9,9,research_reviewer_main,2025-06-23 21:25:43,raw_ref_to_json.py,"{'key': 'author-9', 'name': 'B. Hecht', 's2_id': None, 'orcid': None, 'raw_name': 'B. Hecht'}"
9,9,research_reviewer_main,2025-06-23 21:25:43,raw_ref_to_json.py,"{'key': 'author-10', 'name': 'N. Diakopoulos', 's2_id': None, 'orcid': None, 'raw_name': 'N. Diakopoulos'}"
9,9,research_reviewer_main,2025-06-23 21:25:43,raw_ref_to_json.py,"{'key': 'author-11', 'name': 'Sarah Goodwin', 's2_id': None, 'orcid': 'https://orcid.org/0000-0001-8894-8282', 'raw_name': 'S. Goodwin'}"
9,9,research_reviewer_main,2025-06-23 21:25:43,raw_ref_to_json.py,"{'key': 'author-12', 'name': 'Jason Dykes', 's2_id': None, 'orcid': 'https://orcid.org/0000-0002-8096-5763', 'raw_name': 'J. Dykes'}"
9,9,research_reviewer_main,2025-06-23 21:25:43,raw_ref_to_json.py,"{'key': 'author-13', 'name': 'Aidan Slingsby', 's2_id': None, 'orcid': 'https://orcid.org/0000-0003-3941-553X', 'raw_name': 'A. Slingsby'}"
9,9,research_reviewer_main,2025-06-23 21:25:43,raw_ref_to_json.py,"{'key': 'author-14', 'name': 'Çağatay Turkay', 's2_id': None, 'orcid': 'https://orcid.org/0000-0001-6788-251X', 'raw_name': 'C. Turkay'}"
9,9,research_reviewer_main,2025-06-23 21:25:43,raw_ref_to_json.py,"{'key': 'author-15', 'name': 'Jabba Hutt', 's2_id': None, 'orcid': None, 'raw_name': 'Jabba Hutt'}"
9,9,research_reviewer_main,2025-06-23 21:25:43,raw_ref_to_json.py,"{'key': 'author-16', 'name': 'Robert Kosara', 's2_id': None, 'orcid': 'https://orcid.org/0000-0002-1178-4029', 'raw_name': 'R. Kosara'}"
9,9,research_reviewer_main,2025-06-23 21:25:43,raw_ref_to_json.py,"{'key': 'author-17', 'name': 'Jock D. Mackinlay', 's2_id': None, 'orcid': None, 'raw_name': 'J. Mackinlay'}"
9,9,research_reviewer_main,2025-06-23 21:25:43,raw_ref_to_json.py,"{'key': 'author-18', 'name': 'J. Krause', 's2_id': None, 'orcid': None, 'raw_name': 'J. Krause'}"
9,9,research_reviewer_main,2025-06-23 21:25:43,raw_ref_to_json.py,"{'key': 'author-19', 'name': 'A. Perer', 's2_id': None, 'orcid': None, 'raw_name': 'A. Perer'}"
9,9,research_reviewer_main,2025-06-23 21:25:43,raw_ref_to_json.py,"{'key': 'author-20', 'name': 'K. Ng', 's2_id': None, 'orcid': None, 'raw_name': 'K. Ng'}"
9,9,research_reviewer_main,2025-06-23 21:25:43,raw_ref_to_json.py,"{'key': 'author-21', 'name': 'Chufan Lai', 's2_id': None, 'orcid': 'https://orcid.org/0009-0002-2880-7335', 'raw_name': 'C. Lai'}"
9,9,research_reviewer_main,2025-06-23 21:25:43,raw_ref_to_json.py,"{'key': 'author-22', 'name': 'Zhixian Lin', 's2_id': None, 'orcid': None, 'raw_name': 'Z. Lin'}"
9,9,research_reviewer_main,2025-06-23 21:25:43,raw_ref_to_json.py,"{'key': 'author-23', 'name': 'Ruike Jiang', 's2_id': None, 'orcid': 'https://orcid.org/0000-0002-5001-5310', 'raw_name': 'R. Jiang'}"
9,9,research_reviewer_main,2025-06-23 21:25:43,raw_ref_to_json.py,"{'key': 'author-24', 'name': 'Yun Han', 's2_id': None, 'orcid': 'https://orcid.org/0000-0003-1410-8090', 'raw_name': 'Y. Han'}"
9,9,research_reviewer_main,2025-06-23 21:25:43,raw_ref_to_json.py,"{'key': 'author-25', 'name': 'Can Liu', 's2_id': None, 'orcid': 'https://orcid.org/0000-0002-1175-0734', 'raw_name': 'C. Liu'}"
9,9,research_reviewer_main,2025-06-23 21:25:43,raw_ref_to_json.py,"{'key': 'author-26', 'name': 'Xiaoru Yuan', 's2_id': None, 'orcid': 'https://orcid.org/0000-0002-7233-980X', 'raw_name': 'X. Yuan'}"
10,10,research_reviewer_main,2025-06-23 21:25:43,raw_ref_to_json.py,"{'key': 'author-1', 'name': 'Chris Brunsdon', 's2_id': None, 'orcid': 'https://orcid.org/0000-0003-4254-1780', 'raw_name': 'C. Brunsdon'}"
10,10,research_reviewer_main,2025-06-23 21:25:43,raw_ref_to_json.py,"{'key': 'author-2', 'name': 'A. Stewart Fotheringham', 's2_id': None, 'orcid': 'https://orcid.org/0000-0002-0407-1901', 'raw_name': 'A. S. Fotheringham'}"
10,10,research_reviewer_main,2025-06-23 21:25:43,raw_ref_to_json.py,"{'key': 'author-3', 'name': 'Martin Charlton', 's2_id': None, 'orcid': 'https://orcid.org/0000-0002-0622-393X', 'raw_name': 'M. E. Charlton'}"
10,10,research_reviewer_main,2025-06-23 21:25:43,raw_ref_to_json.py,"{'key': 'author-4', 'name': 'Wenbai Yang', 's2_id': None, 'orcid': 'https://orcid.org/0000-0003-3293-8389', 'raw_name': 'W. Yang'}"
10,10,research_reviewer_main,2025-06-23 21:25:43,raw_ref_to_json.py,"{'key': 'author-5', 'name': 'Wei Kang', 's2_id': None, 'orcid': 'https://orcid.org/0000-0002-1073-7781', 'raw_name': 'W. Kang'}"
10,10,research_reviewer_main,2025-06-23 21:25:43,raw_ref_to_json.py,"{'key': 'author-6', 'name': 'T. Gao', 's2_id': None, 'orcid': None, 'raw_name': 'T. Gao'}"
10,10,research_reviewer_main,2025-06-23 21:25:43,raw_ref_to_json.py,"{'key': 'author-7', 'name': 'J. Hullman', 's2_id': None, 'orcid': None, 'raw_name': 'J. Hullman'}"
10,10,research_reviewer_main,2025-06-23 21:25:43,raw_ref_to_json.py,"{'key': 'author-8', 'name': 'E. Adar', 's2_id': None, 'orcid': None, 'raw_name': 'E. Adar'}"
10,10,research_reviewer_main,2025-06-23 21:25:43,raw_ref_to_json.py,"{'key': 'author-9', 'name': 'B. Hecht', 's2_id': None, 'orcid': None, 'raw_name': 'B. Hecht'}"
10,10,research_reviewer_main,2025-06-23 21:25:43,raw_ref_to_json.py,"{'key': 'author-10', 'name': 'N. Diakopoulos', 's2_id': None, 'orcid': None, 'raw_name': 'N. Diakopoulos'}"
10,10,research_reviewer_main,2025-06-23 21:25:43,raw_ref_to_json.py,"{'key': 'author-11', 'name': 'Sarah Goodwin', 's2_id': None, 'orcid': 'https://orcid.org/0000-0001-8894-8282', 'raw_name': 'S. Goodwin'}"
10,10,research_reviewer_main,2025-06-23 21:25:43,raw_ref_to_json.py,"{'key': 'author-12', 'name': 'Jason Dykes', 's2_id': None, 'orcid': 'https://orcid.org/0000-0002-8096-5763', 'raw_name': 'J. Dykes'}"
10,10,research_reviewer_main,2025-06-23 21:25:43,raw_ref_to_json.py,"{'key': 'author-13', 'name': 'Aidan Slingsby', 's2_id': None, 'orcid': 'https://orcid.org/0000-0003-3941-553X', 'raw_name': 'A. Slingsby'}"
10,10,research_reviewer_main,2025-06-23 21:25:43,raw_ref_to_json.py,"{'key': 'author-14', 'name': 'Çağatay Turkay', 's2_id': None, 'orcid': 'https://orcid.org/0000-0001-6788-251X', 'raw_name': 'C. Turkay'}"
10,10,research_reviewer_main,2025-06-23 21:25:43,raw_ref_to_json.py,"{'key': 'author-15', 'name': 'Jabba Hutt', 's2_id': None, 'orcid': None, 'raw_name': 'Jabba Hutt'}"
10,10,research_reviewer_main,2025-06-23 21:25:43,raw_ref_to_json.py,"{'key': 'author-16', 'name': 'Robert Kosara', 's2_id': None, 'orcid': 'https://orcid.org/0000-0002-1178-4029', 'raw_name': 'R. Kosara'}"
10,10,research_reviewer_main,2025-06-23 21:25:43,raw_ref_to_json.py,"{'key': 'author-17', 'name': 'Jock D. Mackinlay', 's2_id': None, 'orcid': None, 'raw_name': 'J. Mackinlay'}"
10,10,research_reviewer_main,2025-06-23 21:25:43,raw_ref_to_json.py,"{'key': 'author-18', 'name': 'J. Krause', 's2_id': None, 'orcid': None, 'raw_name': 'J. Krause'}"
10,10,research_reviewer_main,2025-06-23 21:25:43,raw_ref_to_json.py,"{'key': 'author-19', 'name': 'A. Perer', 's2_id': None, 'orcid': None, 'raw_name': 'A. Perer'}"
10,10,research_reviewer_main,2025-06-23 21:25:43,raw_ref_to_json.py,"{'key': 'author-20', 'name': 'K. Ng', 's2_id': None, 'orcid': None, 'raw_name': 'K. Ng'}"
10,10,research_reviewer_main,2025-06-23 21:25:43,raw_ref_to_json.py,"{'key': 'author-21', 'name': 'Chufan Lai', 's2_id': None, 'orcid': 'https://orcid.org/0009-0002-2880-7335', 'raw_name': 'C. Lai'}"
10,10,research_reviewer_main,2025-06-23 21:25:43,raw_ref_to_json.py,"{'key': 'author-22', 'name': 'Zhixian Lin', 's2_id': None, 'orcid': None, 'raw_name': 'Z. Lin'}"
10,10,research_reviewer_main,2025-06-23 21:25:43,raw_ref_to_json.py,"{'key': 'author-23', 'name': 'Ruike Jiang', 's2_id': None, 'orcid': 'https://orcid.org/0000-0002-5001-5310', 'raw_name': 'R. Jiang'}"
10,10,research_reviewer_main,2025-06-23 21:25:43,raw_ref_to_json.py,"{'key': 'author-24', 'name': 'Yun Han', 's2_id': None, 'orcid': 'https://orcid.org/0000-0003-1410-8090', 'raw_name': 'Y. Han'}"
10,10,research_reviewer_main,2025-06-23 21:25:43,raw_ref_to_json.py,"{'key': 'author-25', 'name': 'Can Liu', 's2_id': None, 'orcid': 'https://orcid.org/0000-0002-1175-0734', 'raw_name': 'C. Liu'}"
10,10,research_reviewer_main,2025-06-23 21:25:43,raw_ref_to_json.py,"{'key': 'author-26', 'name': 'Xiaoru Yuan', 's2_id': None, 'orcid': 'https://orcid.org/0000-0002-7233-980X', 'raw_name': 'X. Yuan'}"
10,10,research_reviewer_main,2025-06-23 21:25:43,raw_ref_to_json.py,"{'key': 'author-27', 'name': 'Shahid Latif', 's2_id': None, 'orcid': 'https://orcid.org/0000-0003-2060-5122', 'raw_name': 'S. Latif'}"
10,10,research_reviewer_main,2025-06-23 21:25:43,raw_ref_to_json.py,"{'key': 'author-28', 'name': 'Fabian Beck', 's2_id': None, 'orcid': 'https://orcid.org/0000-0003-4042-3043', 'raw_name': 'F. Beck'}"
11,11,research_reviewer_main,2025-06-23 21:25:43,raw_ref_to_json.py,"{'key': 'author-1', 'name': 'Chris Brunsdon', 's2_id': None, 'orcid': 'https://orcid.org/0000-0003-4254-1780', 'raw_name': 'C. Brunsdon'}"
11,11,research_reviewer_main,2025-06-23 21:25:43,raw_ref_to_json.py,"{'key': 'author-2', 'name': 'A. Stewart Fotheringham', 's2_id': None, 'orcid': 'https://orcid.org/0000-0002-0407-1901', 'raw_name': 'A. S. Fotheringham'}"
11,11,research_reviewer_main,2025-06-23 21:25:43,raw_ref_to_json.py,"{'key': 'author-3', 'name': 'Martin Charlton', 's2_id': None, 'orcid': 'https://orcid.org/0000-0002-0622-393X', 'raw_name': 'M. E. Charlton'}"
11,11,research_reviewer_main,2025-06-23 21:25:43,raw_ref_to_json.py,"{'key': 'author-4', 'name': 'Wenbai Yang', 's2_id': None, 'orcid': 'https://orcid.org/0000-0003-3293-8389', 'raw_name': 'W. Yang'}"
11,11,research_reviewer_main,2025-06-23 21:25:43,raw_ref_to_json.py,"{'key': 'author-5', 'name': 'Wei Kang', 's2_id': None, 'orcid': 'https://orcid.org/0000-0002-1073-7781', 'raw_name': 'W. Kang'}"
11,11,research_reviewer_main,2025-06-23 21:25:43,raw_ref_to_json.py,"{'key': 'author-6', 'name': 'T. Gao', 's2_id': None, 'orcid': None, 'raw_name': 'T. Gao'}"
11,11,research_reviewer_main,2025-06-23 21:25:43,raw_ref_to_json.py,"{'key': 'author-7', 'name': 'J. Hullman', 's2_id': None, 'orcid': None, 'raw_name': 'J. Hullman'}"
11,11,research_reviewer_main,2025-06-23 21:25:43,raw_ref_to_json.py,"{'key': 'author-8', 'name': 'E. Adar', 's2_id': None, 'orcid': None, 'raw_name': 'E. Adar'}"
11,11,research_reviewer_main,2025-06-23 21:25:43,raw_ref_to_json.py,"{'key': 'author-9', 'name': 'B. Hecht', 's2_id': None, 'orcid': None, 'raw_name': 'B. Hecht'}"
11,11,research_reviewer_main,2025-06-23 21:25:43,raw_ref_to_json.py,"{'key': 'author-10', 'name': 'N. Diakopoulos', 's2_id': None, 'orcid': None, 'raw_name': 'N. Diakopoulos'}"
11,11,research_reviewer_main,2025-06-23 21:25:43,raw_ref_to_json.py,"{'key': 'author-11', 'name': 'Sarah Goodwin', 's2_id': None, 'orcid': 'https://orcid.org/0000-0001-8894-8282', 'raw_name': 'S. Goodwin'}"
11,11,research_reviewer_main,2025-06-23 21:25:43,raw_ref_to_json.py,"{'key': 'author-12', 'name': 'Jason Dykes', 's2_id': None, 'orcid': 'https://orcid.org/0000-0002-8096-5763', 'raw_name': 'J. Dykes'}"
11,11,research_reviewer_main,2025-06-23 21:25:43,raw_ref_to_json.py,"{'key': 'author-13', 'name': 'Aidan Slingsby', 's2_id': None, 'orcid': 'https://orcid.org/0000-0003-3941-553X', 'raw_name': 'A. Slingsby'}"
11,11,research_reviewer_main,2025-06-23 21:25:43,raw_ref_to_json.py,"{'key': 'author-14', 'name': 'Çağatay Turkay', 's2_id': None, 'orcid': 'https://orcid.org/0000-0001-6788-251X', 'raw_name': 'C. Turkay'}"
11,11,research_reviewer_main,2025-06-23 21:25:43,raw_ref_to_json.py,"{'key': 'author-15', 'name': 'Jabba Hutt', 's2_id': None, 'orcid': None, 'raw_name': 'Jabba Hutt'}"
11,11,research_reviewer_main,2025-06-23 21:25:43,raw_ref_to_json.py,"{'key': 'author-16', 'name': 'Robert Kosara', 's2_id': None, 'orcid': 'https://orcid.org/0000-0002-1178-4029', 'raw_name': 'R. Kosara'}"
11,11,research_reviewer_main,2025-06-23 21:25:43,raw_ref_to_json.py,"{'key': 'author-17', 'name': 'Jock D. Mackinlay', 's2_id': None, 'orcid': None, 'raw_name': 'J. Mackinlay'}"
11,11,research_reviewer_main,2025-06-23 21:25:43,raw_ref_to_json.py,"{'key': 'author-18', 'name': 'J. Krause', 's2_id': None, 'orcid': None, 'raw_name': 'J. Krause'}"
11,11,research_reviewer_main,2025-06-23 21:25:43,raw_ref_to_json.py,"{'key': 'author-19', 'name': 'A. Perer', 's2_id': None, 'orcid': None, 'raw_name': 'A. Perer'}"
11,11,research_reviewer_main,2025-06-23 21:25:43,raw_ref_to_json.py,"{'key': 'author-20', 'name': 'K. Ng', 's2_id': None, 'orcid': None, 'raw_name': 'K. Ng'}"
11,11,research_reviewer_main,2025-06-23 21:25:43,raw_ref_to_json.py,"{'key': 'author-21', 'name': 'Chufan Lai', 's2_id': None, 'orcid': 'https://orcid.org/0009-0002-2880-7335', 'raw_name': 'C. Lai'}"
11,11,research_reviewer_main,2025-06-23 21:25:43,raw_ref_to_json.py,"{'key': 'author-22', 'name': 'Zhixian Lin', 's2_id': None, 'orcid': None, 'raw_name': 'Z. Lin'}"
11,11,research_reviewer_main,2025-06-23 21:25:43,raw_ref_to_json.py,"{'key': 'author-23', 'name': 'Ruike Jiang', 's2_id': None, 'orcid': 'https://orcid.org/0000-0002-5001-5310', 'raw_name': 'R. Jiang'}"
11,11,research_reviewer_main,2025-06-23 21:25:43,raw_ref_to_json.py,"{'key': 'author-24', 'name': 'Yun Han', 's2_id': None, 'orcid': 'https://orcid.org/0000-0003-1410-8090', 'raw_name': 'Y. Han'}"
11,11,research_reviewer_main,2025-06-23 21:25:43,raw_ref_to_json.py,"{'key': 'author-25', 'name': 'Can Liu', 's2_id': None, 'orcid': 'https://orcid.org/0000-0002-1175-0734', 'raw_name': 'C. Liu'}"
11,11,research_reviewer_main,2025-06-23 21:25:43,raw_ref_to_json.py,"{'key': 'author-26', 'name': 'Xiaoru Yuan', 's2_id': None, 'orcid': 'https://orcid.org/0000-0002-7233-980X', 'raw_name': 'X. Yuan'}"
11,11,research_reviewer_main,2025-06-23 21:25:43,raw_ref_to_json.py,"{'key': 'author-27', 'name': 'Shahid Latif', 's2_id': None, 'orcid': 'https://orcid.org/0000-0003-2060-5122', 'raw_name': 'S. Latif'}"
11,11,research_reviewer_main,2025-06-23 21:25:43,raw_ref_to_json.py,"{'key': 'author-28', 'name': 'Fabian Beck', 's2_id': None, 'orcid': 'https://orcid.org/0000-0003-4042-3043', 'raw_name': 'F. Beck'}"
11,11,research_reviewer_main,2025-06-23 21:25:43,raw_ref_to_json.py,"{'key': 'author-29', 'name': 'Siming Chen', 's2_id': None, 'orcid': 'https://orcid.org/0000-0002-2690-3588', 'raw_name': 'S. Chen'}"
12,12,research_reviewer_main,2025-06-23 21:25:43,raw_ref_to_json.py,"{'key': 'author-1', 'name': 'Chris Brunsdon', 's2_id': None, 'orcid': 'https://orcid.org/0000-0003-4254-1780', 'raw_name': 'C. Brunsdon'}"
12,12,research_reviewer_main,2025-06-23 21:25:43,raw_ref_to_json.py,"{'key': 'author-2', 'name': 'A. Stewart Fotheringham', 's2_id': None, 'orcid': 'https://orcid.org/0000-0002-0407-1901', 'raw_name': 'A. S. Fotheringham'}"
12,12,research_reviewer_main,2025-06-23 21:25:43,raw_ref_to_json.py,"{'key': 'author-3', 'name': 'Martin Charlton', 's2_id': None, 'orcid': 'https://orcid.org/0000-0002-0622-393X', 'raw_name': 'M. E. Charlton'}"
12,12,research_reviewer_main,2025-06-23 21:25:43,raw_ref_to_json.py,"{'key': 'author-4', 'name': 'Wenbai Yang', 's2_id': None, 'orcid': 'https://orcid.org/0000-0003-3293-8389', 'raw_name': 'W. Yang'}"
12,12,research_reviewer_main,2025-06-23 21:25:43,raw_ref_to_json.py,"{'key': 'author-5', 'name': 'Wei Kang', 's2_id': None, 'orcid': 'https://orcid.org/0000-0002-1073-7781', 'raw_name': 'W. Kang'}"
12,12,research_reviewer_main,2025-06-23 21:25:43,raw_ref_to_json.py,"{'key': 'author-6', 'name': 'T. Gao', 's2_id': None, 'orcid': None, 'raw_name': 'T. Gao'}"
12,12,research_reviewer_main,2025-06-23 21:25:43,raw_ref_to_json.py,"{'key': 'author-7', 'name': 'J. Hullman', 's2_id': None, 'orcid': None, 'raw_name': 'J. Hullman'}"
12,12,research_reviewer_main,2025-06-23 21:25:43,raw_ref_to_json.py,"{'key': 'author-8', 'name': 'E. Adar', 's2_id': None, 'orcid': None, 'raw_name': 'E. Adar'}"
12,12,research_reviewer_main,2025-06-23 21:25:43,raw_ref_to_json.py,"{'key': 'author-9', 'name': 'B. Hecht', 's2_id': None, 'orcid': None, 'raw_name': 'B. Hecht'}"
12,12,research_reviewer_main,2025-06-23 21:25:43,raw_ref_to_json.py,"{'key': 'author-10', 'name': 'N. Diakopoulos', 's2_id': None, 'orcid': None, 'raw_name': 'N. Diakopoulos'}"
12,12,research_reviewer_main,2025-06-23 21:25:43,raw_ref_to_json.py,"{'key': 'author-11', 'name': 'Sarah Goodwin', 's2_id': None, 'orcid': 'https://orcid.org/0000-0001-8894-8282', 'raw_name': 'S. Goodwin'}"
12,12,research_reviewer_main,2025-06-23 21:25:43,raw_ref_to_json.py,"{'key': 'author-12', 'name': 'Jason Dykes', 's2_id': None, 'orcid': 'https://orcid.org/0000-0002-8096-5763', 'raw_name': 'J. Dykes'}"
12,12,research_reviewer_main,2025-06-23 21:25:43,raw_ref_to_json.py,"{'key': 'author-13', 'name': 'Aidan Slingsby', 's2_id': None, 'orcid': 'https://orcid.org/0000-0003-3941-553X', 'raw_name': 'A. Slingsby'}"
12,12,research_reviewer_main,2025-06-23 21:25:43,raw_ref_to_json.py,"{'key': 'author-14', 'name': 'Çağatay Turkay', 's2_id': None, 'orcid': 'https://orcid.org/0000-0001-6788-251X', 'raw_name': 'C. Turkay'}"
12,12,research_reviewer_main,2025-06-23 21:25:43,raw_ref_to_json.py,"{'key': 'author-15', 'name': 'Jabba Hutt', 's2_id': None, 'orcid': None, 'raw_name': 'Jabba Hutt'}"
12,12,research_reviewer_main,2025-06-23 21:25:43,raw_ref_to_json.py,"{'key': 'author-16', 'name': 'Robert Kosara', 's2_id': None, 'orcid': 'https://orcid.org/0000-0002-1178-4029', 'raw_name': 'R. Kosara'}"
12,12,research_reviewer_main,2025-06-23 21:25:43,raw_ref_to_json.py,"{'key': 'author-17', 'name': 'Jock D. Mackinlay', 's2_id': None, 'orcid': None, 'raw_name': 'J. Mackinlay'}"
12,12,research_reviewer_main,2025-06-23 21:25:43,raw_ref_to_json.py,"{'key': 'author-18', 'name': 'J. Krause', 's2_id': None, 'orcid': None, 'raw_name': 'J. Krause'}"
12,12,research_reviewer_main,2025-06-23 21:25:43,raw_ref_to_json.py,"{'key': 'author-19', 'name': 'A. Perer', 's2_id': None, 'orcid': None, 'raw_name': 'A. Perer'}"
12,12,research_reviewer_main,2025-06-23 21:25:43,raw_ref_to_json.py,"{'key': 'author-20', 'name': 'K. Ng', 's2_id': None, 'orcid': None, 'raw_name': 'K. Ng'}"
12,12,research_reviewer_main,2025-06-23 21:25:43,raw_ref_to_json.py,"{'key': 'author-21', 'name': 'Chufan Lai', 's2_id': None, 'orcid': 'https://orcid.org/0009-0002-2880-7335', 'raw_name': 'C. Lai'}"
12,12,research_reviewer_main,2025-06-23 21:25:43,raw_ref_to_json.py,"{'key': 'author-22', 'name': 'Zhixian Lin', 's2_id': None, 'orcid': None, 'raw_name': 'Z. Lin'}"
12,12,research_reviewer_main,2025-06-23 21:25:43,raw_ref_to_json.py,"{'key': 'author-23', 'name': 'Ruike Jiang', 's2_id': None, 'orcid': 'https://orcid.org/0000-0002-5001-5310', 'raw_name': 'R. Jiang'}"
12,12,research_reviewer_main,2025-06-23 21:25:43,raw_ref_to_json.py,"{'key': 'author-24', 'name': 'Yun Han', 's2_id': None, 'orcid': 'https://orcid.org/0000-0003-1410-8090', 'raw_name': 'Y. Han'}"
12,12,research_reviewer_main,2025-06-23 21:25:43,raw_ref_to_json.py,"{'key': 'author-25', 'name': 'Can Liu', 's2_id': None, 'orcid': 'https://orcid.org/0000-0002-1175-0734', 'raw_name': 'C. Liu'}"
12,12,research_reviewer_main,2025-06-23 21:25:43,raw_ref_to_json.py,"{'key': 'author-26', 'name': 'Xiaoru Yuan', 's2_id': None, 'orcid': 'https://orcid.org/0000-0002-7233-980X', 'raw_name': 'X. Yuan'}"
12,12,research_reviewer_main,2025-06-23 21:25:43,raw_ref_to_json.py,"{'key': 'author-27', 'name': 'Shahid Latif', 's2_id': None, 'orcid': 'https://orcid.org/0000-0003-2060-5122', 'raw_name': 'S. Latif'}"
12,12,research_reviewer_main,2025-06-23 21:25:43,raw_ref_to_json.py,"{'key': 'author-28', 'name': 'Fabian Beck', 's2_id': None, 'orcid': 'https://orcid.org/0000-0003-4042-3043', 'raw_name': 'F. Beck'}"
12,12,research_reviewer_main,2025-06-23 21:25:43,raw_ref_to_json.py,"{'key': 'author-29', 'name': 'Siming Chen', 's2_id': None, 'orcid': 'https://orcid.org/0000-0002-2690-3588', 'raw_name': 'S. Chen'}"
12,12,research_reviewer_main,2025-06-23 21:25:43,raw_ref_to_json.py,"{'key': 'author-30', 'name': 'Yafeng Lu', 's2_id': None, 'orcid': 'https://orcid.org/0000-0002-3978-9550', 'raw_name': 'Y. Lu'}"
12,12,research_reviewer_main,2025-06-23 21:25:43,raw_ref_to_json.py,"{'key': 'author-31', 'name': 'Rolando Garcia', 's2_id': None, 'orcid': None, 'raw_name': 'R. Garcia'}"
12,12,research_reviewer_main,2025-06-23 21:25:43,raw_ref_to_json.py,"{'key': 'author-32', 'name': 'Brett Hansen', 's2_id': None, 'orcid': None, 'raw_name': 'B. Hansen'}"
12,12,research_reviewer_main,2025-06-23 21:25:43,raw_ref_to_json.py,"{'key': 'author-33', 'name': 'Michael Gleicher', 's2_id': None, 'orcid': 'https://orcid.org/0000-0003-3295-4071', 'raw_name': 'M. Gleicher'}"
12,12,research_reviewer_main,2025-06-23 21:25:43,raw_ref_to_json.py,"{'key': 'author-34', 'name': 'Ross Maciejewski', 's2_id': None, 'orcid': 'https://orcid.org/0000-0001-8803-6355', 'raw_name': 'R. Maciejewski'}"
13,13,research_reviewer_main,2025-06-23 21:25:43,raw_ref_to_json.py,"{'key': 'author-1', 'name': 'Chris Brunsdon', 's2_id': None, 'orcid': 'https://orcid.org/0000-0003-4254-1780', 'raw_name': 'C. Brunsdon'}"
13,13,research_reviewer_main,2025-06-23 21:25:43,raw_ref_to_json.py,"{'key': 'author-2', 'name': 'A. Stewart Fotheringham', 's2_id': None, 'orcid': 'https://orcid.org/0000-0002-0407-1901', 'raw_name': 'A. S. Fotheringham'}"
13,13,research_reviewer_main,2025-06-23 21:25:43,raw_ref_to_json.py,"{'key': 'author-3', 'name': 'Martin Charlton', 's2_id': None, 'orcid': 'https://orcid.org/0000-0002-0622-393X', 'raw_name': 'M. E. Charlton'}"
13,13,research_reviewer_main,2025-06-23 21:25:43,raw_ref_to_json.py,"{'key': 'author-4', 'name': 'Wenbai Yang', 's2_id': None, 'orcid': 'https://orcid.org/0000-0003-3293-8389', 'raw_name': 'W. Yang'}"
13,13,research_reviewer_main,2025-06-23 21:25:43,raw_ref_to_json.py,"{'key': 'author-5', 'name': 'Wei Kang', 's2_id': None, 'orcid': 'https://orcid.org/0000-0002-1073-7781', 'raw_name': 'W. Kang'}"
13,13,research_reviewer_main,2025-06-23 21:25:43,raw_ref_to_json.py,"{'key': 'author-6', 'name': 'T. Gao', 's2_id': None, 'orcid': None, 'raw_name': 'T. Gao'}"
13,13,research_reviewer_main,2025-06-23 21:25:43,raw_ref_to_json.py,"{'key': 'author-7', 'name': 'J. Hullman', 's2_id': None, 'orcid': None, 'raw_name': 'J. Hullman'}"
13,13,research_reviewer_main,2025-06-23 21:25:43,raw_ref_to_json.py,"{'key': 'author-8', 'name': 'E. Adar', 's2_id': None, 'orcid': None, 'raw_name': 'E. Adar'}"
13,13,research_reviewer_main,2025-06-23 21:25:43,raw_ref_to_json.py,"{'key': 'author-9', 'name': 'B. Hecht', 's2_id': None, 'orcid': None, 'raw_name': 'B. Hecht'}"
13,13,research_reviewer_main,2025-06-23 21:25:43,raw_ref_to_json.py,"{'key': 'author-10', 'name': 'N. Diakopoulos', 's2_id': None, 'orcid': None, 'raw_name': 'N. Diakopoulos'}"
13,13,research_reviewer_main,2025-06-23 21:25:43,raw_ref_to_json.py,"{'key': 'author-11', 'name': 'Sarah Goodwin', 's2_id': None, 'orcid': 'https://orcid.org/0000-0001-8894-8282', 'raw_name': 'S. Goodwin'}"
13,13,research_reviewer_main,2025-06-23 21:25:43,raw_ref_to_json.py,"{'key': 'author-12', 'name': 'Jason Dykes', 's2_id': None, 'orcid': 'https://orcid.org/0000-0002-8096-5763', 'raw_name': 'J. Dykes'}"
13,13,research_reviewer_main,2025-06-23 21:25:43,raw_ref_to_json.py,"{'key': 'author-13', 'name': 'Aidan Slingsby', 's2_id': None, 'orcid': 'https://orcid.org/0000-0003-3941-553X', 'raw_name': 'A. Slingsby'}"
13,13,research_reviewer_main,2025-06-23 21:25:43,raw_ref_to_json.py,"{'key': 'author-14', 'name': 'Çağatay Turkay', 's2_id': None, 'orcid': 'https://orcid.org/0000-0001-6788-251X', 'raw_name': 'C. Turkay'}"
13,13,research_reviewer_main,2025-06-23 21:25:43,raw_ref_to_json.py,"{'key': 'author-15', 'name': 'Jabba Hutt', 's2_id': None, 'orcid': None, 'raw_name': 'Jabba Hutt'}"
13,13,research_reviewer_main,2025-06-23 21:25:43,raw_ref_to_json.py,"{'key': 'author-16', 'name': 'Robert Kosara', 's2_id': None, 'orcid': 'https://orcid.org/0000-0002-1178-4029', 'raw_name': 'R. Kosara'}"
13,13,research_reviewer_main,2025-06-23 21:25:43,raw_ref_to_json.py,"{'key': 'author-17', 'name': 'Jock D. Mackinlay', 's2_id': None, 'orcid': None, 'raw_name': 'J. Mackinlay'}"
13,13,research_reviewer_main,2025-06-23 21:25:43,raw_ref_to_json.py,"{'key': 'author-18', 'name': 'J. Krause', 's2_id': None, 'orcid': None, 'raw_name': 'J. Krause'}"
13,13,research_reviewer_main,2025-06-23 21:25:43,raw_ref_to_json.py,"{'key': 'author-19', 'name': 'A. Perer', 's2_id': None, 'orcid': None, 'raw_name': 'A. Perer'}"
13,13,research_reviewer_main,2025-06-23 21:25:43,raw_ref_to_json.py,"{'key': 'author-20', 'name': 'K. Ng', 's2_id': None, 'orcid': None, 'raw_name': 'K. Ng'}"
13,13,research_reviewer_main,2025-06-23 21:25:43,raw_ref_to_json.py,"{'key': 'author-21', 'name': 'Chufan Lai', 's2_id': None, 'orcid': 'https://orcid.org/0009-0002-2880-7335', 'raw_name': 'C. Lai'}"
13,13,research_reviewer_main,2025-06-23 21:25:43,raw_ref_to_json.py,"{'key': 'author-22', 'name': 'Zhixian Lin', 's2_id': None, 'orcid': None, 'raw_name': 'Z. Lin'}"
13,13,research_reviewer_main,2025-06-23 21:25:43,raw_ref_to_json.py,"{'key': 'author-23', 'name': 'Ruike Jiang', 's2_id': None, 'orcid': 'https://orcid.org/0000-0002-5001-5310', 'raw_name': 'R. Jiang'}"
13,13,research_reviewer_main,2025-06-23 21:25:43,raw_ref_to_json.py,"{'key': 'author-24', 'name': 'Yun Han', 's2_id': None, 'orcid': 'https://orcid.org/0000-0003-1410-8090', 'raw_name': 'Y. Han'}"
13,13,research_reviewer_main,2025-06-23 21:25:43,raw_ref_to_json.py,"{'key': 'author-25', 'name': 'Can Liu', 's2_id': None, 'orcid': 'https://orcid.org/0000-0002-1175-0734', 'raw_name': 'C. Liu'}"
13,13,research_reviewer_main,2025-06-23 21:25:43,raw_ref_to_json.py,"{'key': 'author-26', 'name': 'Xiaoru Yuan', 's2_id': None, 'orcid': 'https://orcid.org/0000-0002-7233-980X', 'raw_name': 'X. Yuan'}"
13,13,research_reviewer_main,2025-06-23 21:25:43,raw_ref_to_json.py,"{'key': 'author-27', 'name': 'Shahid Latif', 's2_id': None, 'orcid': 'https://orcid.org/0000-0003-2060-5122', 'raw_name': 'S. Latif'}"
13,13,research_reviewer_main,2025-06-23 21:25:43,raw_ref_to_json.py,"{'key': 'author-28', 'name': 'Fabian Beck', 's2_id': None, 'orcid': 'https://orcid.org/0000-0003-4042-3043', 'raw_name': 'F. Beck'}"
13,13,research_reviewer_main,2025-06-23 21:25:43,raw_ref_to_json.py,"{'key': 'author-29', 'name': 'Siming Chen', 's2_id': None, 'orcid': 'https://orcid.org/0000-0002-2690-3588', 'raw_name': 'S. Chen'}"
13,13,research_reviewer_main,2025-06-23 21:25:43,raw_ref_to_json.py,"{'key': 'author-30', 'name': 'Yafeng Lu', 's2_id': None, 'orcid': 'https://orcid.org/0000-0002-3978-9550', 'raw_name': 'Y. Lu'}"
13,13,research_reviewer_main,2025-06-23 21:25:43,raw_ref_to_json.py,"{'key': 'author-31', 'name': 'Rolando Garcia', 's2_id': None, 'orcid': None, 'raw_name': 'R. Garcia'}"
13,13,research_reviewer_main,2025-06-23 21:25:43,raw_ref_to_json.py,"{'key': 'author-32', 'name': 'Brett Hansen', 's2_id': None, 'orcid': None, 'raw_name': 'B. Hansen'}"
13,13,research_reviewer_main,2025-06-23 21:25:43,raw_ref_to_json.py,"{'key': 'author-33', 'name': 'Michael Gleicher', 's2_id': None, 'orcid': 'https://orcid.org/0000-0003-3295-4071', 'raw_name': 'M. Gleicher'}"
13,13,research_reviewer_main,2025-06-23 21:25:43,raw_ref_to_json.py,"{'key': 'author-34', 'name': 'Ross Maciejewski', 's2_id': None, 'orcid': 'https://orcid.org/0000-0001-8803-6355', 'raw_name': 'R. Maciejewski'}"
13,13,research_reviewer_main,2025-06-23 21:25:43,raw_ref_to_json.py,"{'key': 'author-35', 'name': 'Ming Yao', 's2_id': None, 'orcid': 'https://orcid.org/0000-0002-6377-6063', 'raw_name': 'Y. Ming'}"
13,13,research_reviewer_main,2025-06-23 21:25:43,raw_ref_to_json.py,"{'key': 'author-36', 'name': 'Huamin Qu', 's2_id': None, 'orcid': 'https://orcid.org/0000-0002-3344-9694', 'raw_name': 'H. Qu'}"
13,13,research_reviewer_main,2025-06-23 21:25:43,raw_ref_to_json.py,"{'key': 'author-37', 'name': 'Enrico Bertini', 's2_id': None, 'orcid': 'https://orcid.org/0000-0002-9932-0551', 'raw_name': 'E. Bertini'}"
14,14,research_reviewer_main,2025-06-23 21:25:43,raw_ref_to_json.py,"{'key': 'author-1', 'name': 'Chris Brunsdon', 's2_id': None, 'orcid': 'https://orcid.org/0000-0003-4254-1780', 'raw_name': 'C. Brunsdon'}"
14,14,research_reviewer_main,2025-06-23 21:25:43,raw_ref_to_json.py,"{'key': 'author-2', 'name': 'A. Stewart Fotheringham', 's2_id': None, 'orcid': 'https://orcid.org/0000-0002-0407-1901', 'raw_name': 'A. S. Fotheringham'}"
14,14,research_reviewer_main,2025-06-23 21:25:43,raw_ref_to_json.py,"{'key': 'author-3', 'name': 'Martin Charlton', 's2_id': None, 'orcid': 'https://orcid.org/0000-0002-0622-393X', 'raw_name': 'M. E. Charlton'}"
14,14,research_reviewer_main,2025-06-23 21:25:43,raw_ref_to_json.py,"{'key': 'author-4', 'name': 'Wenbai Yang', 's2_id': None, 'orcid': 'https://orcid.org/0000-0003-3293-8389', 'raw_name': 'W. Yang'}"
14,14,research_reviewer_main,2025-06-23 21:25:43,raw_ref_to_json.py,"{'key': 'author-5', 'name': 'Wei Kang', 's2_id': None, 'orcid': 'https://orcid.org/0000-0002-1073-7781', 'raw_name': 'W. Kang'}"
14,14,research_reviewer_main,2025-06-23 21:25:43,raw_ref_to_json.py,"{'key': 'author-6', 'name': 'T. Gao', 's2_id': None, 'orcid': None, 'raw_name': 'T. Gao'}"
14,14,research_reviewer_main,2025-06-23 21:25:43,raw_ref_to_json.py,"{'key': 'author-7', 'name': 'J. Hullman', 's2_id': None, 'orcid': None, 'raw_name': 'J. Hullman'}"
14,14,research_reviewer_main,2025-06-23 21:25:43,raw_ref_to_json.py,"{'key': 'author-8', 'name': 'E. Adar', 's2_id': None, 'orcid': None, 'raw_name': 'E. Adar'}"
14,14,research_reviewer_main,2025-06-23 21:25:43,raw_ref_to_json.py,"{'key': 'author-9', 'name': 'B. Hecht', 's2_id': None, 'orcid': None, 'raw_name': 'B. Hecht'}"
14,14,research_reviewer_main,2025-06-23 21:25:43,raw_ref_to_json.py,"{'key': 'author-10', 'name': 'N. Diakopoulos', 's2_id': None, 'orcid': None, 'raw_name': 'N. Diakopoulos'}"
14,14,research_reviewer_main,2025-06-23 21:25:43,raw_ref_to_json.py,"{'key': 'author-11', 'name': 'Sarah Goodwin', 's2_id': None, 'orcid': 'https://orcid.org/0000-0001-8894-8282', 'raw_name': 'S. Goodwin'}"
14,14,research_reviewer_main,2025-06-23 21:25:43,raw_ref_to_json.py,"{'key': 'author-12', 'name': 'Jason Dykes', 's2_id': None, 'orcid': 'https://orcid.org/0000-0002-8096-5763', 'raw_name': 'J. Dykes'}"
14,14,research_reviewer_main,2025-06-23 21:25:43,raw_ref_to_json.py,"{'key': 'author-13', 'name': 'Aidan Slingsby', 's2_id': None, 'orcid': 'https://orcid.org/0000-0003-3941-553X', 'raw_name': 'A. Slingsby'}"
14,14,research_reviewer_main,2025-06-23 21:25:43,raw_ref_to_json.py,"{'key': 'author-14', 'name': 'Çağatay Turkay', 's2_id': None, 'orcid': 'https://orcid.org/0000-0001-6788-251X', 'raw_name': 'C. Turkay'}"
14,14,research_reviewer_main,2025-06-23 21:25:43,raw_ref_to_json.py,"{'key': 'author-15', 'name': 'Jabba Hutt', 's2_id': None, 'orcid': None, 'raw_name': 'Jabba Hutt'}"
14,14,research_reviewer_main,2025-06-23 21:25:43,raw_ref_to_json.py,"{'key': 'author-16', 'name': 'Robert Kosara', 's2_id': None, 'orcid': 'https://orcid.org/0000-0002-1178-4029', 'raw_name': 'R. Kosara'}"
14,14,research_reviewer_main,2025-06-23 21:25:43,raw_ref_to_json.py,"{'key': 'author-17', 'name': 'Jock D. Mackinlay', 's2_id': None, 'orcid': None, 'raw_name': 'J. Mackinlay'}"
14,14,research_reviewer_main,2025-06-23 21:25:43,raw_ref_to_json.py,"{'key': 'author-18', 'name': 'J. Krause', 's2_id': None, 'orcid': None, 'raw_name': 'J. Krause'}"
14,14,research_reviewer_main,2025-06-23 21:25:43,raw_ref_to_json.py,"{'key': 'author-19', 'name': 'A. Perer', 's2_id': None, 'orcid': None, 'raw_name': 'A. Perer'}"
14,14,research_reviewer_main,2025-06-23 21:25:43,raw_ref_to_json.py,"{'key': 'author-20', 'name': 'K. Ng', 's2_id': None, 'orcid': None, 'raw_name': 'K. Ng'}"
14,14,research_reviewer_main,2025-06-23 21:25:43,raw_ref_to_json.py,"{'key': 'author-21', 'name': 'Chufan Lai', 's2_id': None, 'orcid': 'https://orcid.org/0009-0002-2880-7335', 'raw_name': 'C. Lai'}"
14,14,research_reviewer_main,2025-06-23 21:25:43,raw_ref_to_json.py,"{'key': 'author-22', 'name': 'Zhixian Lin', 's2_id': None, 'orcid': None, 'raw_name': 'Z. Lin'}"
14,14,research_reviewer_main,2025-06-23 21:25:43,raw_ref_to_json.py,"{'key': 'author-23', 'name': 'Ruike Jiang', 's2_id': None, 'orcid': 'https://orcid.org/0000-0002-5001-5310', 'raw_name': 'R. Jiang'}"
14,14,research_reviewer_main,2025-06-23 21:25:43,raw_ref_to_json.py,"{'key': 'author-24', 'name': 'Yun Han', 's2_id': None, 'orcid': 'https://orcid.org/0000-0003-1410-8090', 'raw_name': 'Y. Han'}"
14,14,research_reviewer_main,2025-06-23 21:25:43,raw_ref_to_json.py,"{'key': 'author-25', 'name': 'Can Liu', 's2_id': None, 'orcid': 'https://orcid.org/0000-0002-1175-0734', 'raw_name': 'C. Liu'}"
14,14,research_reviewer_main,2025-06-23 21:25:43,raw_ref_to_json.py,"{'key': 'author-26', 'name': 'Xiaoru Yuan', 's2_id': None, 'orcid': 'https://orcid.org/0000-0002-7233-980X', 'raw_name': 'X. Yuan'}"
14,14,research_reviewer_main,2025-06-23 21:25:43,raw_ref_to_json.py,"{'key': 'author-27', 'name': 'Shahid Latif', 's2_id': None, 'orcid': 'https://orcid.org/0000-0003-2060-5122', 'raw_name': 'S. Latif'}"
14,14,research_reviewer_main,2025-06-23 21:25:43,raw_ref_to_json.py,"{'key': 'author-28', 'name': 'Fabian Beck', 's2_id': None, 'orcid': 'https://orcid.org/0000-0003-4042-3043', 'raw_name': 'F. Beck'}"
14,14,research_reviewer_main,2025-06-23 21:25:43,raw_ref_to_json.py,"{'key': 'author-29', 'name': 'Siming Chen', 's2_id': None, 'orcid': 'https://orcid.org/0000-0002-2690-3588', 'raw_name': 'S. Chen'}"
14,14,research_reviewer_main,2025-06-23 21:25:43,raw_ref_to_json.py,"{'key': 'author-30', 'name': 'Yafeng Lu', 's2_id': None, 'orcid': 'https://orcid.org/0000-0002-3978-9550', 'raw_name': 'Y. Lu'}"
14,14,research_reviewer_main,2025-06-23 21:25:43,raw_ref_to_json.py,"{'key': 'author-31', 'name': 'Rolando Garcia', 's2_id': None, 'orcid': None, 'raw_name': 'R. Garcia'}"
14,14,research_reviewer_main,2025-06-23 21:25:43,raw_ref_to_json.py,"{'key': 'author-32', 'name': 'Brett Hansen', 's2_id': None, 'orcid': None, 'raw_name': 'B. Hansen'}"
14,14,research_reviewer_main,2025-06-23 21:25:43,raw_ref_to_json.py,"{'key': 'author-33', 'name': 'Michael Gleicher', 's2_id': None, 'orcid': 'https://orcid.org/0000-0003-3295-4071', 'raw_name': 'M. Gleicher'}"
14,14,research_reviewer_main,2025-06-23 21:25:43,raw_ref_to_json.py,"{'key': 'author-34', 'name': 'Ross Maciejewski', 's2_id': None, 'orcid': 'https://orcid.org/0000-0001-8803-6355', 'raw_name': 'R. Maciejewski'}"
14,14,research_reviewer_main,2025-06-23 21:25:43,raw_ref_to_json.py,"{'key': 'author-35', 'name': 'Ming Yao', 's2_id': None, 'orcid': 'https://orcid.org/0000-0002-6377-6063', 'raw_name': 'Y. Ming'}"
14,14,research_reviewer_main,2025-06-23 21:25:43,raw_ref_to_json.py,"{'key': 'author-36', 'name': 'Huamin Qu', 's2_id': None, 'orcid': 'https://orcid.org/0000-0002-3344-9694', 'raw_name': 'H. Qu'}"
14,14,research_reviewer_main,2025-06-23 21:25:43,raw_ref_to_json.py,"{'key': 'author-37', 'name': 'Enrico Bertini', 's2_id': None, 'orcid': 'https://orcid.org/0000-0002-9932-0551', 'raw_name': 'E. Bertini'}"
14,14,research_reviewer_main,2025-06-23 21:25:43,raw_ref_to_json.py,"{'key': 'author-38', 'name': 'Thomas Mühlbacher', 's2_id': None, 'orcid': None, 'raw_name': 'T. Muhlbacher'}"
14,14,research_reviewer_main,2025-06-23 21:25:43,raw_ref_to_json.py,"{'key': 'author-39', 'name': 'Harald Piringer', 's2_id': None, 'orcid': None, 'raw_name': 'H. Piringer'}"
15,15,research_reviewer_main,2025-06-23 21:25:43,raw_ref_to_json.py,"{'key': 'author-1', 'name': 'Chris Brunsdon', 's2_id': None, 'orcid': 'https://orcid.org/0000-0003-4254-1780', 'raw_name': 'C. Brunsdon'}"
15,15,research_reviewer_main,2025-06-23 21:25:43,raw_ref_to_json.py,"{'key': 'author-2', 'name': 'A. Stewart Fotheringham', 's2_id': None, 'orcid': 'https://orcid.org/0000-0002-0407-1901', 'raw_name': 'A. S. Fotheringham'}"
15,15,research_reviewer_main,2025-06-23 21:25:43,raw_ref_to_json.py,"{'key': 'author-3', 'name': 'Martin Charlton', 's2_id': None, 'orcid': 'https://orcid.org/0000-0002-0622-393X', 'raw_name': 'M. E. Charlton'}"
15,15,research_reviewer_main,2025-06-23 21:25:43,raw_ref_to_json.py,"{'key': 'author-4', 'name': 'Wenbai Yang', 's2_id': None, 'orcid': 'https://orcid.org/0000-0003-3293-8389', 'raw_name': 'W. Yang'}"
15,15,research_reviewer_main,2025-06-23 21:25:43,raw_ref_to_json.py,"{'key': 'author-5', 'name': 'Wei Kang', 's2_id': None, 'orcid': 'https://orcid.org/0000-0002-1073-7781', 'raw_name': 'W. Kang'}"
15,15,research_reviewer_main,2025-06-23 21:25:43,raw_ref_to_json.py,"{'key': 'author-6', 'name': 'T. Gao', 's2_id': None, 'orcid': None, 'raw_name': 'T. Gao'}"
15,15,research_reviewer_main,2025-06-23 21:25:43,raw_ref_to_json.py,"{'key': 'author-7', 'name': 'J. Hullman', 's2_id': None, 'orcid': None, 'raw_name': 'J. Hullman'}"
15,15,research_reviewer_main,2025-06-23 21:25:43,raw_ref_to_json.py,"{'key': 'author-8', 'name': 'E. Adar', 's2_id': None, 'orcid': None, 'raw_name': 'E. Adar'}"
15,15,research_reviewer_main,2025-06-23 21:25:43,raw_ref_to_json.py,"{'key': 'author-9', 'name': 'B. Hecht', 's2_id': None, 'orcid': None, 'raw_name': 'B. Hecht'}"
15,15,research_reviewer_main,2025-06-23 21:25:43,raw_ref_to_json.py,"{'key': 'author-10', 'name': 'N. Diakopoulos', 's2_id': None, 'orcid': None, 'raw_name': 'N. Diakopoulos'}"
15,15,research_reviewer_main,2025-06-23 21:25:43,raw_ref_to_json.py,"{'key': 'author-11', 'name': 'Sarah Goodwin', 's2_id': None, 'orcid': 'https://orcid.org/0000-0001-8894-8282', 'raw_name': 'S. Goodwin'}"
15,15,research_reviewer_main,2025-06-23 21:25:43,raw_ref_to_json.py,"{'key': 'author-12', 'name': 'Jason Dykes', 's2_id': None, 'orcid': 'https://orcid.org/0000-0002-8096-5763', 'raw_name': 'J. Dykes'}"
15,15,research_reviewer_main,2025-06-23 21:25:43,raw_ref_to_json.py,"{'key': 'author-13', 'name': 'Aidan Slingsby', 's2_id': None, 'orcid': 'https://orcid.org/0000-0003-3941-553X', 'raw_name': 'A. Slingsby'}"
15,15,research_reviewer_main,2025-06-23 21:25:43,raw_ref_to_json.py,"{'key': 'author-14', 'name': 'Çağatay Turkay', 's2_id': None, 'orcid': 'https://orcid.org/0000-0001-6788-251X', 'raw_name': 'C. Turkay'}"
15,15,research_reviewer_main,2025-06-23 21:25:43,raw_ref_to_json.py,"{'key': 'author-15', 'name': 'Jabba Hutt', 's2_id': None, 'orcid': None, 'raw_name': 'Jabba Hutt'}"
15,15,research_reviewer_main,2025-06-23 21:25:43,raw_ref_to_json.py,"{'key': 'author-16', 'name': 'Robert Kosara', 's2_id': None, 'orcid': 'https://orcid.org/0000-0002-1178-4029', 'raw_name': 'R. Kosara'}"
15,15,research_reviewer_main,2025-06-23 21:25:43,raw_ref_to_json.py,"{'key': 'author-17', 'name': 'Jock D. Mackinlay', 's2_id': None, 'orcid': None, 'raw_name': 'J. Mackinlay'}"
15,15,research_reviewer_main,2025-06-23 21:25:43,raw_ref_to_json.py,"{'key': 'author-18', 'name': 'J. Krause', 's2_id': None, 'orcid': None, 'raw_name': 'J. Krause'}"
15,15,research_reviewer_main,2025-06-23 21:25:43,raw_ref_to_json.py,"{'key': 'author-19', 'name': 'A. Perer', 's2_id': None, 'orcid': None, 'raw_name': 'A. Perer'}"
15,15,research_reviewer_main,2025-06-23 21:25:43,raw_ref_to_json.py,"{'key': 'author-20', 'name': 'K. Ng', 's2_id': None, 'orcid': None, 'raw_name': 'K. Ng'}"
15,15,research_reviewer_main,2025-06-23 21:25:43,raw_ref_to_json.py,"{'key': 'author-21', 'name': 'Chufan Lai', 's2_id': None, 'orcid': 'https://orcid.org/0009-0002-2880-7335', 'raw_name': 'C. Lai'}"
15,15,research_reviewer_main,2025-06-23 21:25:43,raw_ref_to_json.py,"{'key': 'author-22', 'name': 'Zhixian Lin', 's2_id': None, 'orcid': None, 'raw_name': 'Z. Lin'}"
15,15,research_reviewer_main,2025-06-23 21:25:43,raw_ref_to_json.py,"{'key': 'author-23', 'name': 'Ruike Jiang', 's2_id': None, 'orcid': 'https://orcid.org/0000-0002-5001-5310', 'raw_name': 'R. Jiang'}"
15,15,research_reviewer_main,2025-06-23 21:25:43,raw_ref_to_json.py,"{'key': 'author-24', 'name': 'Yun Han', 's2_id': None, 'orcid': 'https://orcid.org/0000-0003-1410-8090', 'raw_name': 'Y. Han'}"
15,15,research_reviewer_main,2025-06-23 21:25:43,raw_ref_to_json.py,"{'key': 'author-25', 'name': 'Can Liu', 's2_id': None, 'orcid': 'https://orcid.org/0000-0002-1175-0734', 'raw_name': 'C. Liu'}"
15,15,research_reviewer_main,2025-06-23 21:25:43,raw_ref_to_json.py,"{'key': 'author-26', 'name': 'Xiaoru Yuan', 's2_id': None, 'orcid': 'https://orcid.org/0000-0002-7233-980X', 'raw_name': 'X. Yuan'}"
15,15,research_reviewer_main,2025-06-23 21:25:43,raw_ref_to_json.py,"{'key': 'author-27', 'name': 'Shahid Latif', 's2_id': None, 'orcid': 'https://orcid.org/0000-0003-2060-5122', 'raw_name': 'S. Latif'}"
15,15,research_reviewer_main,2025-06-23 21:25:43,raw_ref_to_json.py,"{'key': 'author-28', 'name': 'Fabian Beck', 's2_id': None, 'orcid': 'https://orcid.org/0000-0003-4042-3043', 'raw_name': 'F. Beck'}"
15,15,research_reviewer_main,2025-06-23 21:25:43,raw_ref_to_json.py,"{'key': 'author-29', 'name': 'Siming Chen', 's2_id': None, 'orcid': 'https://orcid.org/0000-0002-2690-3588', 'raw_name': 'S. Chen'}"
15,15,research_reviewer_main,2025-06-23 21:25:43,raw_ref_to_json.py,"{'key': 'author-30', 'name': 'Yafeng Lu', 's2_id': None, 'orcid': 'https://orcid.org/0000-0002-3978-9550', 'raw_name': 'Y. Lu'}"
15,15,research_reviewer_main,2025-06-23 21:25:43,raw_ref_to_json.py,"{'key': 'author-31', 'name': 'Rolando Garcia', 's2_id': None, 'orcid': None, 'raw_name': 'R. Garcia'}"
15,15,research_reviewer_main,2025-06-23 21:25:43,raw_ref_to_json.py,"{'key': 'author-32', 'name': 'Brett Hansen', 's2_id': None, 'orcid': None, 'raw_name': 'B. Hansen'}"
15,15,research_reviewer_main,2025-06-23 21:25:43,raw_ref_to_json.py,"{'key': 'author-33', 'name': 'Michael Gleicher', 's2_id': None, 'orcid': 'https://orcid.org/0000-0003-3295-4071', 'raw_name': 'M. Gleicher'}"
15,15,research_reviewer_main,2025-06-23 21:25:43,raw_ref_to_json.py,"{'key': 'author-34', 'name': 'Ross Maciejewski', 's2_id': None, 'orcid': 'https://orcid.org/0000-0001-8803-6355', 'raw_name': 'R. Maciejewski'}"
15,15,research_reviewer_main,2025-06-23 21:25:43,raw_ref_to_json.py,"{'key': 'author-35', 'name': 'Ming Yao', 's2_id': None, 'orcid': 'https://orcid.org/0000-0002-6377-6063', 'raw_name': 'Y. Ming'}"
15,15,research_reviewer_main,2025-06-23 21:25:43,raw_ref_to_json.py,"{'key': 'author-36', 'name': 'Huamin Qu', 's2_id': None, 'orcid': 'https://orcid.org/0000-0002-3344-9694', 'raw_name': 'H. Qu'}"
15,15,research_reviewer_main,2025-06-23 21:25:43,raw_ref_to_json.py,"{'key': 'author-37', 'name': 'Enrico Bertini', 's2_id': None, 'orcid': 'https://orcid.org/0000-0002-9932-0551', 'raw_name': 'E. Bertini'}"
15,15,research_reviewer_main,2025-06-23 21:25:43,raw_ref_to_json.py,"{'key': 'author-38', 'name': 'Thomas Mühlbacher', 's2_id': None, 'orcid': None, 'raw_name': 'T. Muhlbacher'}"
15,15,research_reviewer_main,2025-06-23 21:25:43,raw_ref_to_json.py,"{'key': 'author-39', 'name': 'Harald Piringer', 's2_id': None, 'orcid': None, 'raw_name': 'H. Piringer'}"
15,15,research_reviewer_main,2025-06-23 21:25:43,raw_ref_to_json.py,"{'key': 'author-40', 'name': 'Donghao Ren', 's2_id': None, 'orcid': 'https://orcid.org/0000-0001-8666-7241', 'raw_name': 'D. Ren'}"
15,15,research_reviewer_main,2025-06-23 21:25:43,raw_ref_to_json.py,"{'key': 'author-41', 'name': 'Matthew Brehmer', 's2_id': None, 'orcid': 'https://orcid.org/0000-0001-5524-2291', 'raw_name': 'M. Brehmer'}"
15,15,research_reviewer_main,2025-06-23 21:25:43,raw_ref_to_json.py,"{'key': 'author-42', 'name': 'Bongshin Lee', 's2_id': None, 'orcid': 'https://orcid.org/0000-0002-4217-627X', 'raw_name': 'B. Lee'}"
15,15,research_reviewer_main,2025-06-23 21:25:43,raw_ref_to_json.py,"{'key': 'author-43', 'name': 'Tobias Höllerer', 's2_id': None, 'orcid': 'https://orcid.org/0000-0002-6240-0291', 'raw_name': 'T. Hollerer'}"
15,15,research_reviewer_main,2025-06-23 21:25:43,raw_ref_to_json.py,"{'key': 'author-44', 'name': 'Eun Kyoung Choe', 's2_id': None, 'orcid': 'https://orcid.org/0000-0001-5038-8320', 'raw_name': 'E. K. Choe'}"
16,16,research_reviewer_main,2025-06-23 21:25:43,raw_ref_to_json.py,"{'key': 'author-1', 'name': 'Chris Brunsdon', 's2_id': None, 'orcid': 'https://orcid.org/0000-0003-4254-1780', 'raw_name': 'C. Brunsdon'}"
16,16,research_reviewer_main,2025-06-23 21:25:43,raw_ref_to_json.py,"{'key': 'author-2', 'name': 'A. Stewart Fotheringham', 's2_id': None, 'orcid': 'https://orcid.org/0000-0002-0407-1901', 'raw_name': 'A. S. Fotheringham'}"
16,16,research_reviewer_main,2025-06-23 21:25:43,raw_ref_to_json.py,"{'key': 'author-3', 'name': 'Martin Charlton', 's2_id': None, 'orcid': 'https://orcid.org/0000-0002-0622-393X', 'raw_name': 'M. E. Charlton'}"
16,16,research_reviewer_main,2025-06-23 21:25:43,raw_ref_to_json.py,"{'key': 'author-4', 'name': 'Wenbai Yang', 's2_id': None, 'orcid': 'https://orcid.org/0000-0003-3293-8389', 'raw_name': 'W. Yang'}"
16,16,research_reviewer_main,2025-06-23 21:25:43,raw_ref_to_json.py,"{'key': 'author-5', 'name': 'Wei Kang', 's2_id': None, 'orcid': 'https://orcid.org/0000-0002-1073-7781', 'raw_name': 'W. Kang'}"
16,16,research_reviewer_main,2025-06-23 21:25:43,raw_ref_to_json.py,"{'key': 'author-6', 'name': 'T. Gao', 's2_id': None, 'orcid': None, 'raw_name': 'T. Gao'}"
16,16,research_reviewer_main,2025-06-23 21:25:43,raw_ref_to_json.py,"{'key': 'author-7', 'name': 'J. Hullman', 's2_id': None, 'orcid': None, 'raw_name': 'J. Hullman'}"
16,16,research_reviewer_main,2025-06-23 21:25:43,raw_ref_to_json.py,"{'key': 'author-8', 'name': 'E. Adar', 's2_id': None, 'orcid': None, 'raw_name': 'E. Adar'}"
16,16,research_reviewer_main,2025-06-23 21:25:43,raw_ref_to_json.py,"{'key': 'author-9', 'name': 'B. Hecht', 's2_id': None, 'orcid': None, 'raw_name': 'B. Hecht'}"
16,16,research_reviewer_main,2025-06-23 21:25:43,raw_ref_to_json.py,"{'key': 'author-10', 'name': 'N. Diakopoulos', 's2_id': None, 'orcid': None, 'raw_name': 'N. Diakopoulos'}"
16,16,research_reviewer_main,2025-06-23 21:25:43,raw_ref_to_json.py,"{'key': 'author-11', 'name': 'Sarah Goodwin', 's2_id': None, 'orcid': 'https://orcid.org/0000-0001-8894-8282', 'raw_name': 'S. Goodwin'}"
16,16,research_reviewer_main,2025-06-23 21:25:43,raw_ref_to_json.py,"{'key': 'author-12', 'name': 'Jason Dykes', 's2_id': None, 'orcid': 'https://orcid.org/0000-0002-8096-5763', 'raw_name': 'J. Dykes'}"
16,16,research_reviewer_main,2025-06-23 21:25:43,raw_ref_to_json.py,"{'key': 'author-13', 'name': 'Aidan Slingsby', 's2_id': None, 'orcid': 'https://orcid.org/0000-0003-3941-553X', 'raw_name': 'A. Slingsby'}"
16,16,research_reviewer_main,2025-06-23 21:25:43,raw_ref_to_json.py,"{'key': 'author-14', 'name': 'Çağatay Turkay', 's2_id': None, 'orcid': 'https://orcid.org/0000-0001-6788-251X', 'raw_name': 'C. Turkay'}"
16,16,research_reviewer_main,2025-06-23 21:25:43,raw_ref_to_json.py,"{'key': 'author-15', 'name': 'Jabba Hutt', 's2_id': None, 'orcid': None, 'raw_name': 'Jabba Hutt'}"
16,16,research_reviewer_main,2025-06-23 21:25:43,raw_ref_to_json.py,"{'key': 'author-16', 'name': 'Robert Kosara', 's2_id': None, 'orcid': 'https://orcid.org/0000-0002-1178-4029', 'raw_name': 'R. Kosara'}"
16,16,research_reviewer_main,2025-06-23 21:25:43,raw_ref_to_json.py,"{'key': 'author-17', 'name': 'Jock D. Mackinlay', 's2_id': None, 'orcid': None, 'raw_name': 'J. Mackinlay'}"
16,16,research_reviewer_main,2025-06-23 21:25:43,raw_ref_to_json.py,"{'key': 'author-18', 'name': 'J. Krause', 's2_id': None, 'orcid': None, 'raw_name': 'J. Krause'}"
16,16,research_reviewer_main,2025-06-23 21:25:43,raw_ref_to_json.py,"{'key': 'author-19', 'name': 'A. Perer', 's2_id': None, 'orcid': None, 'raw_name': 'A. Perer'}"
16,16,research_reviewer_main,2025-06-23 21:25:43,raw_ref_to_json.py,"{'key': 'author-20', 'name': 'K. Ng', 's2_id': None, 'orcid': None, 'raw_name': 'K. Ng'}"
16,16,research_reviewer_main,2025-06-23 21:25:43,raw_ref_to_json.py,"{'key': 'author-21', 'name': 'Chufan Lai', 's2_id': None, 'orcid': 'https://orcid.org/0009-0002-2880-7335', 'raw_name': 'C. Lai'}"
16,16,research_reviewer_main,2025-06-23 21:25:43,raw_ref_to_json.py,"{'key': 'author-22', 'name': 'Zhixian Lin', 's2_id': None, 'orcid': None, 'raw_name': 'Z. Lin'}"
16,16,research_reviewer_main,2025-06-23 21:25:43,raw_ref_to_json.py,"{'key': 'author-23', 'name': 'Ruike Jiang', 's2_id': None, 'orcid': 'https://orcid.org/0000-0002-5001-5310', 'raw_name': 'R. Jiang'}"
16,16,research_reviewer_main,2025-06-23 21:25:43,raw_ref_to_json.py,"{'key': 'author-24', 'name': 'Yun Han', 's2_id': None, 'orcid': 'https://orcid.org/0000-0003-1410-8090', 'raw_name': 'Y. Han'}"
16,16,research_reviewer_main,2025-06-23 21:25:43,raw_ref_to_json.py,"{'key': 'author-25', 'name': 'Can Liu', 's2_id': None, 'orcid': 'https://orcid.org/0000-0002-1175-0734', 'raw_name': 'C. Liu'}"
16,16,research_reviewer_main,2025-06-23 21:25:43,raw_ref_to_json.py,"{'key': 'author-26', 'name': 'Xiaoru Yuan', 's2_id': None, 'orcid': 'https://orcid.org/0000-0002-7233-980X', 'raw_name': 'X. Yuan'}"
16,16,research_reviewer_main,2025-06-23 21:25:43,raw_ref_to_json.py,"{'key': 'author-27', 'name': 'Shahid Latif', 's2_id': None, 'orcid': 'https://orcid.org/0000-0003-2060-5122', 'raw_name': 'S. Latif'}"
16,16,research_reviewer_main,2025-06-23 21:25:43,raw_ref_to_json.py,"{'key': 'author-28', 'name': 'Fabian Beck', 's2_id': None, 'orcid': 'https://orcid.org/0000-0003-4042-3043', 'raw_name': 'F. Beck'}"
16,16,research_reviewer_main,2025-06-23 21:25:43,raw_ref_to_json.py,"{'key': 'author-29', 'name': 'Siming Chen', 's2_id': None, 'orcid': 'https://orcid.org/0000-0002-2690-3588', 'raw_name': 'S. Chen'}"
16,16,research_reviewer_main,2025-06-23 21:25:43,raw_ref_to_json.py,"{'key': 'author-30', 'name': 'Yafeng Lu', 's2_id': None, 'orcid': 'https://orcid.org/0000-0002-3978-9550', 'raw_name': 'Y. Lu'}"
16,16,research_reviewer_main,2025-06-23 21:25:43,raw_ref_to_json.py,"{'key': 'author-31', 'name': 'Rolando Garcia', 's2_id': None, 'orcid': None, 'raw_name': 'R. Garcia'}"
16,16,research_reviewer_main,2025-06-23 21:25:43,raw_ref_to_json.py,"{'key': 'author-32', 'name': 'Brett Hansen', 's2_id': None, 'orcid': None, 'raw_name': 'B. Hansen'}"
16,16,research_reviewer_main,2025-06-23 21:25:43,raw_ref_to_json.py,"{'key': 'author-33', 'name': 'Michael Gleicher', 's2_id': None, 'orcid': 'https://orcid.org/0000-0003-3295-4071', 'raw_name': 'M. Gleicher'}"
16,16,research_reviewer_main,2025-06-23 21:25:43,raw_ref_to_json.py,"{'key': 'author-34', 'name': 'Ross Maciejewski', 's2_id': None, 'orcid': 'https://orcid.org/0000-0001-8803-6355', 'raw_name': 'R. Maciejewski'}"
16,16,research_reviewer_main,2025-06-23 21:25:43,raw_ref_to_json.py,"{'key': 'author-35', 'name': 'Ming Yao', 's2_id': None, 'orcid': 'https://orcid.org/0000-0002-6377-6063', 'raw_name': 'Y. Ming'}"
16,16,research_reviewer_main,2025-06-23 21:25:43,raw_ref_to_json.py,"{'key': 'author-36', 'name': 'Huamin Qu', 's2_id': None, 'orcid': 'https://orcid.org/0000-0002-3344-9694', 'raw_name': 'H. Qu'}"
16,16,research_reviewer_main,2025-06-23 21:25:43,raw_ref_to_json.py,"{'key': 'author-37', 'name': 'Enrico Bertini', 's2_id': None, 'orcid': 'https://orcid.org/0000-0002-9932-0551', 'raw_name': 'E. Bertini'}"
16,16,research_reviewer_main,2025-06-23 21:25:43,raw_ref_to_json.py,"{'key': 'author-38', 'name': 'Thomas Mühlbacher', 's2_id': None, 'orcid': None, 'raw_name': 'T. Muhlbacher'}"
16,16,research_reviewer_main,2025-06-23 21:25:43,raw_ref_to_json.py,"{'key': 'author-39', 'name': 'Harald Piringer', 's2_id': None, 'orcid': None, 'raw_name': 'H. Piringer'}"
16,16,research_reviewer_main,2025-06-23 21:25:43,raw_ref_to_json.py,"{'key': 'author-40', 'name': 'Donghao Ren', 's2_id': None, 'orcid': 'https://orcid.org/0000-0001-8666-7241', 'raw_name': 'D. Ren'}"
16,16,research_reviewer_main,2025-06-23 21:25:43,raw_ref_to_json.py,"{'key': 'author-41', 'name': 'Matthew Brehmer', 's2_id': None, 'orcid': 'https://orcid.org/0000-0001-5524-2291', 'raw_name': 'M. Brehmer'}"
16,16,research_reviewer_main,2025-06-23 21:25:43,raw_ref_to_json.py,"{'key': 'author-42', 'name': 'Bongshin Lee', 's2_id': None, 'orcid': 'https://orcid.org/0000-0002-4217-627X', 'raw_name': 'B. Lee'}"
16,16,research_reviewer_main,2025-06-23 21:25:43,raw_ref_to_json.py,"{'key': 'author-43', 'name': 'Tobias Höllerer', 's2_id': None, 'orcid': 'https://orcid.org/0000-0002-6240-0291', 'raw_name': 'T. Hollerer'}"
16,16,research_reviewer_main,2025-06-23 21:25:43,raw_ref_to_json.py,"{'key': 'author-44', 'name': 'Eun Kyoung Choe', 's2_id': None, 'orcid': 'https://orcid.org/0000-0001-5038-8320', 'raw_name': 'E. K. Choe'}"
16,16,research_reviewer_main,2025-06-23 21:25:43,raw_ref_to_json.py,"{'key': 'author-45', 'name': 'Arvind Satyanarayan', 's2_id': None, 'orcid': 'https://orcid.org/0000-0001-5564-635X', 'raw_name': 'A. Satyanarayan'}"
16,16,research_reviewer_main,2025-06-23 21:25:43,raw_ref_to_json.py,"{'key': 'author-46', 'name': 'Jeffrey Heer', 's2_id': None, 'orcid': 'https://orcid.org/0000-0002-6175-1655', 'raw_name': 'J. Heer'}"
17,17,research_reviewer_main,2025-06-23 21:25:43,raw_ref_to_json.py,"{'key': 'author-1', 'name': 'Chris Brunsdon', 's2_id': None, 'orcid': 'https://orcid.org/0000-0003-4254-1780', 'raw_name': 'C. Brunsdon'}"
17,17,research_reviewer_main,2025-06-23 21:25:43,raw_ref_to_json.py,"{'key': 'author-2', 'name': 'A. Stewart Fotheringham', 's2_id': None, 'orcid': 'https://orcid.org/0000-0002-0407-1901', 'raw_name': 'A. S. Fotheringham'}"
17,17,research_reviewer_main,2025-06-23 21:25:43,raw_ref_to_json.py,"{'key': 'author-3', 'name': 'Martin Charlton', 's2_id': None, 'orcid': 'https://orcid.org/0000-0002-0622-393X', 'raw_name': 'M. E. Charlton'}"
17,17,research_reviewer_main,2025-06-23 21:25:43,raw_ref_to_json.py,"{'key': 'author-4', 'name': 'Wenbai Yang', 's2_id': None, 'orcid': 'https://orcid.org/0000-0003-3293-8389', 'raw_name': 'W. Yang'}"
17,17,research_reviewer_main,2025-06-23 21:25:43,raw_ref_to_json.py,"{'key': 'author-5', 'name': 'Wei Kang', 's2_id': None, 'orcid': 'https://orcid.org/0000-0002-1073-7781', 'raw_name': 'W. Kang'}"
17,17,research_reviewer_main,2025-06-23 21:25:43,raw_ref_to_json.py,"{'key': 'author-6', 'name': 'T. Gao', 's2_id': None, 'orcid': None, 'raw_name': 'T. Gao'}"
17,17,research_reviewer_main,2025-06-23 21:25:43,raw_ref_to_json.py,"{'key': 'author-7', 'name': 'J. Hullman', 's2_id': None, 'orcid': None, 'raw_name': 'J. Hullman'}"
17,17,research_reviewer_main,2025-06-23 21:25:43,raw_ref_to_json.py,"{'key': 'author-8', 'name': 'E. Adar', 's2_id': None, 'orcid': None, 'raw_name': 'E. Adar'}"
17,17,research_reviewer_main,2025-06-23 21:25:43,raw_ref_to_json.py,"{'key': 'author-9', 'name': 'B. Hecht', 's2_id': None, 'orcid': None, 'raw_name': 'B. Hecht'}"
17,17,research_reviewer_main,2025-06-23 21:25:43,raw_ref_to_json.py,"{'key': 'author-10', 'name': 'N. Diakopoulos', 's2_id': None, 'orcid': None, 'raw_name': 'N. Diakopoulos'}"
17,17,research_reviewer_main,2025-06-23 21:25:43,raw_ref_to_json.py,"{'key': 'author-11', 'name': 'Sarah Goodwin', 's2_id': None, 'orcid': 'https://orcid.org/0000-0001-8894-8282', 'raw_name': 'S. Goodwin'}"
17,17,research_reviewer_main,2025-06-23 21:25:43,raw_ref_to_json.py,"{'key': 'author-12', 'name': 'Jason Dykes', 's2_id': None, 'orcid': 'https://orcid.org/0000-0002-8096-5763', 'raw_name': 'J. Dykes'}"
17,17,research_reviewer_main,2025-06-23 21:25:43,raw_ref_to_json.py,"{'key': 'author-13', 'name': 'Aidan Slingsby', 's2_id': None, 'orcid': 'https://orcid.org/0000-0003-3941-553X', 'raw_name': 'A. Slingsby'}"
17,17,research_reviewer_main,2025-06-23 21:25:43,raw_ref_to_json.py,"{'key': 'author-14', 'name': 'Çağatay Turkay', 's2_id': None, 'orcid': 'https://orcid.org/0000-0001-6788-251X', 'raw_name': 'C. Turkay'}"
17,17,research_reviewer_main,2025-06-23 21:25:43,raw_ref_to_json.py,"{'key': 'author-15', 'name': 'Jabba Hutt', 's2_id': None, 'orcid': None, 'raw_name': 'Jabba Hutt'}"
17,17,research_reviewer_main,2025-06-23 21:25:43,raw_ref_to_json.py,"{'key': 'author-16', 'name': 'Robert Kosara', 's2_id': None, 'orcid': 'https://orcid.org/0000-0002-1178-4029', 'raw_name': 'R. Kosara'}"
17,17,research_reviewer_main,2025-06-23 21:25:43,raw_ref_to_json.py,"{'key': 'author-17', 'name': 'Jock D. Mackinlay', 's2_id': None, 'orcid': None, 'raw_name': 'J. Mackinlay'}"
17,17,research_reviewer_main,2025-06-23 21:25:43,raw_ref_to_json.py,"{'key': 'author-18', 'name': 'J. Krause', 's2_id': None, 'orcid': None, 'raw_name': 'J. Krause'}"
17,17,research_reviewer_main,2025-06-23 21:25:43,raw_ref_to_json.py,"{'key': 'author-19', 'name': 'A. Perer', 's2_id': None, 'orcid': None, 'raw_name': 'A. Perer'}"
17,17,research_reviewer_main,2025-06-23 21:25:43,raw_ref_to_json.py,"{'key': 'author-20', 'name': 'K. Ng', 's2_id': None, 'orcid': None, 'raw_name': 'K. Ng'}"
17,17,research_reviewer_main,2025-06-23 21:25:43,raw_ref_to_json.py,"{'key': 'author-21', 'name': 'Chufan Lai', 's2_id': None, 'orcid': 'https://orcid.org/0009-0002-2880-7335', 'raw_name': 'C. Lai'}"
17,17,research_reviewer_main,2025-06-23 21:25:43,raw_ref_to_json.py,"{'key': 'author-22', 'name': 'Zhixian Lin', 's2_id': None, 'orcid': None, 'raw_name': 'Z. Lin'}"
17,17,research_reviewer_main,2025-06-23 21:25:43,raw_ref_to_json.py,"{'key': 'author-23', 'name': 'Ruike Jiang', 's2_id': None, 'orcid': 'https://orcid.org/0000-0002-5001-5310', 'raw_name': 'R. Jiang'}"
17,17,research_reviewer_main,2025-06-23 21:25:43,raw_ref_to_json.py,"{'key': 'author-24', 'name': 'Yun Han', 's2_id': None, 'orcid': 'https://orcid.org/0000-0003-1410-8090', 'raw_name': 'Y. Han'}"
17,17,research_reviewer_main,2025-06-23 21:25:43,raw_ref_to_json.py,"{'key': 'author-25', 'name': 'Can Liu', 's2_id': None, 'orcid': 'https://orcid.org/0000-0002-1175-0734', 'raw_name': 'C. Liu'}"
17,17,research_reviewer_main,2025-06-23 21:25:43,raw_ref_to_json.py,"{'key': 'author-26', 'name': 'Xiaoru Yuan', 's2_id': None, 'orcid': 'https://orcid.org/0000-0002-7233-980X', 'raw_name': 'X. Yuan'}"
17,17,research_reviewer_main,2025-06-23 21:25:43,raw_ref_to_json.py,"{'key': 'author-27', 'name': 'Shahid Latif', 's2_id': None, 'orcid': 'https://orcid.org/0000-0003-2060-5122', 'raw_name': 'S. Latif'}"
17,17,research_reviewer_main,2025-06-23 21:25:43,raw_ref_to_json.py,"{'key': 'author-28', 'name': 'Fabian Beck', 's2_id': None, 'orcid': 'https://orcid.org/0000-0003-4042-3043', 'raw_name': 'F. Beck'}"
17,17,research_reviewer_main,2025-06-23 21:25:43,raw_ref_to_json.py,"{'key': 'author-29', 'name': 'Siming Chen', 's2_id': None, 'orcid': 'https://orcid.org/0000-0002-2690-3588', 'raw_name': 'S. Chen'}"
17,17,research_reviewer_main,2025-06-23 21:25:43,raw_ref_to_json.py,"{'key': 'author-30', 'name': 'Yafeng Lu', 's2_id': None, 'orcid': 'https://orcid.org/0000-0002-3978-9550', 'raw_name': 'Y. Lu'}"
17,17,research_reviewer_main,2025-06-23 21:25:43,raw_ref_to_json.py,"{'key': 'author-31', 'name': 'Rolando Garcia', 's2_id': None, 'orcid': None, 'raw_name': 'R. Garcia'}"
17,17,research_reviewer_main,2025-06-23 21:25:43,raw_ref_to_json.py,"{'key': 'author-32', 'name': 'Brett Hansen', 's2_id': None, 'orcid': None, 'raw_name': 'B. Hansen'}"
17,17,research_reviewer_main,2025-06-23 21:25:43,raw_ref_to_json.py,"{'key': 'author-33', 'name': 'Michael Gleicher', 's2_id': None, 'orcid': 'https://orcid.org/0000-0003-3295-4071', 'raw_name': 'M. Gleicher'}"
17,17,research_reviewer_main,2025-06-23 21:25:43,raw_ref_to_json.py,"{'key': 'author-34', 'name': 'Ross Maciejewski', 's2_id': None, 'orcid': 'https://orcid.org/0000-0001-8803-6355', 'raw_name': 'R. Maciejewski'}"
17,17,research_reviewer_main,2025-06-23 21:25:43,raw_ref_to_json.py,"{'key': 'author-35', 'name': 'Ming Yao', 's2_id': None, 'orcid': 'https://orcid.org/0000-0002-6377-6063', 'raw_name': 'Y. Ming'}"
17,17,research_reviewer_main,2025-06-23 21:25:43,raw_ref_to_json.py,"{'key': 'author-36', 'name': 'Huamin Qu', 's2_id': None, 'orcid': 'https://orcid.org/0000-0002-3344-9694', 'raw_name': 'H. Qu'}"
17,17,research_reviewer_main,2025-06-23 21:25:43,raw_ref_to_json.py,"{'key': 'author-37', 'name': 'Enrico Bertini', 's2_id': None, 'orcid': 'https://orcid.org/0000-0002-9932-0551', 'raw_name': 'E. Bertini'}"
17,17,research_reviewer_main,2025-06-23 21:25:43,raw_ref_to_json.py,"{'key': 'author-38', 'name': 'Thomas Mühlbacher', 's2_id': None, 'orcid': None, 'raw_name': 'T. Muhlbacher'}"
17,17,research_reviewer_main,2025-06-23 21:25:43,raw_ref_to_json.py,"{'key': 'author-39', 'name': 'Harald Piringer', 's2_id': None, 'orcid': None, 'raw_name': 'H. Piringer'}"
17,17,research_reviewer_main,2025-06-23 21:25:43,raw_ref_to_json.py,"{'key': 'author-40', 'name': 'Donghao Ren', 's2_id': None, 'orcid': 'https://orcid.org/0000-0001-8666-7241', 'raw_name': 'D. Ren'}"
17,17,research_reviewer_main,2025-06-23 21:25:43,raw_ref_to_json.py,"{'key': 'author-41', 'name': 'Matthew Brehmer', 's2_id': None, 'orcid': 'https://orcid.org/0000-0001-5524-2291', 'raw_name': 'M. Brehmer'}"
17,17,research_reviewer_main,2025-06-23 21:25:43,raw_ref_to_json.py,"{'key': 'author-42', 'name': 'Bongshin Lee', 's2_id': None, 'orcid': 'https://orcid.org/0000-0002-4217-627X', 'raw_name': 'B. Lee'}"
17,17,research_reviewer_main,2025-06-23 21:25:43,raw_ref_to_json.py,"{'key': 'author-43', 'name': 'Tobias Höllerer', 's2_id': None, 'orcid': 'https://orcid.org/0000-0002-6240-0291', 'raw_name': 'T. Hollerer'}"
17,17,research_reviewer_main,2025-06-23 21:25:43,raw_ref_to_json.py,"{'key': 'author-44', 'name': 'Eun Kyoung Choe', 's2_id': None, 'orcid': 'https://orcid.org/0000-0001-5038-8320', 'raw_name': 'E. K. Choe'}"
17,17,research_reviewer_main,2025-06-23 21:25:43,raw_ref_to_json.py,"{'key': 'author-45', 'name': 'Arvind Satyanarayan', 's2_id': None, 'orcid': 'https://orcid.org/0000-0001-5564-635X', 'raw_name': 'A. Satyanarayan'}"
17,17,research_reviewer_main,2025-06-23 21:25:43,raw_ref_to_json.py,"{'key': 'author-46', 'name': 'Jeffrey Heer', 's2_id': None, 'orcid': 'https://orcid.org/0000-0002-6175-1655', 'raw_name': 'J. Heer'}"
17,17,research_reviewer_main,2025-06-23 21:25:43,raw_ref_to_json.py,"{'key': 'author-47', 'name': 'Michael Sedlmair', 's2_id': None, 'orcid': 'https://orcid.org/0000-0001-7048-9292', 'raw_name': 'M. Sedlmair'}"
17,17,research_reviewer_main,2025-06-23 21:25:43,raw_ref_to_json.py,"{'key': 'author-48', 'name': 'Christoph Heinzl', 's2_id': None, 'orcid': 'https://orcid.org/0000-0002-3173-8871', 'raw_name': 'C. Heinzl'}"
17,17,research_reviewer_main,2025-06-23 21:25:43,raw_ref_to_json.py,"{'key': 'author-49', 'name': 'Stefan Brückner', 's2_id': None, 'orcid': 'https://orcid.org/0000-0002-0885-8402', 'raw_name': 'S. Bruckner'}"
17,17,research_reviewer_main,2025-06-23 21:25:43,raw_ref_to_json.py,"{'key': 'author-50', 'name': 'Torsten Möller', 's2_id': None, 'orcid': 'https://orcid.org/0000-0003-1192-0710', 'raw_name': 'T. Moller'}"
18,18,research_reviewer_main,2025-06-23 21:25:43,raw_ref_to_json.py,"{'key': 'author-1', 'name': 'Chris Brunsdon', 's2_id': None, 'orcid': 'https://orcid.org/0000-0003-4254-1780', 'raw_name': 'C. Brunsdon'}"
18,18,research_reviewer_main,2025-06-23 21:25:43,raw_ref_to_json.py,"{'key': 'author-2', 'name': 'A. Stewart Fotheringham', 's2_id': None, 'orcid': 'https://orcid.org/0000-0002-0407-1901', 'raw_name': 'A. S. Fotheringham'}"
18,18,research_reviewer_main,2025-06-23 21:25:43,raw_ref_to_json.py,"{'key': 'author-3', 'name': 'Martin Charlton', 's2_id': None, 'orcid': 'https://orcid.org/0000-0002-0622-393X', 'raw_name': 'M. E. Charlton'}"
18,18,research_reviewer_main,2025-06-23 21:25:43,raw_ref_to_json.py,"{'key': 'author-4', 'name': 'Wenbai Yang', 's2_id': None, 'orcid': 'https://orcid.org/0000-0003-3293-8389', 'raw_name': 'W. Yang'}"
18,18,research_reviewer_main,2025-06-23 21:25:43,raw_ref_to_json.py,"{'key': 'author-5', 'name': 'Wei Kang', 's2_id': None, 'orcid': 'https://orcid.org/0000-0002-1073-7781', 'raw_name': 'W. Kang'}"
18,18,research_reviewer_main,2025-06-23 21:25:43,raw_ref_to_json.py,"{'key': 'author-6', 'name': 'T. Gao', 's2_id': None, 'orcid': None, 'raw_name': 'T. Gao'}"
18,18,research_reviewer_main,2025-06-23 21:25:43,raw_ref_to_json.py,"{'key': 'author-7', 'name': 'J. Hullman', 's2_id': None, 'orcid': None, 'raw_name': 'J. Hullman'}"
18,18,research_reviewer_main,2025-06-23 21:25:43,raw_ref_to_json.py,"{'key': 'author-8', 'name': 'E. Adar', 's2_id': None, 'orcid': None, 'raw_name': 'E. Adar'}"
18,18,research_reviewer_main,2025-06-23 21:25:43,raw_ref_to_json.py,"{'key': 'author-9', 'name': 'B. Hecht', 's2_id': None, 'orcid': None, 'raw_name': 'B. Hecht'}"
18,18,research_reviewer_main,2025-06-23 21:25:43,raw_ref_to_json.py,"{'key': 'author-10', 'name': 'N. Diakopoulos', 's2_id': None, 'orcid': None, 'raw_name': 'N. Diakopoulos'}"
18,18,research_reviewer_main,2025-06-23 21:25:43,raw_ref_to_json.py,"{'key': 'author-11', 'name': 'Sarah Goodwin', 's2_id': None, 'orcid': 'https://orcid.org/0000-0001-8894-8282', 'raw_name': 'S. Goodwin'}"
18,18,research_reviewer_main,2025-06-23 21:25:43,raw_ref_to_json.py,"{'key': 'author-12', 'name': 'Jason Dykes', 's2_id': None, 'orcid': 'https://orcid.org/0000-0002-8096-5763', 'raw_name': 'J. Dykes'}"
18,18,research_reviewer_main,2025-06-23 21:25:43,raw_ref_to_json.py,"{'key': 'author-13', 'name': 'Aidan Slingsby', 's2_id': None, 'orcid': 'https://orcid.org/0000-0003-3941-553X', 'raw_name': 'A. Slingsby'}"
18,18,research_reviewer_main,2025-06-23 21:25:43,raw_ref_to_json.py,"{'key': 'author-14', 'name': 'Çağatay Turkay', 's2_id': None, 'orcid': 'https://orcid.org/0000-0001-6788-251X', 'raw_name': 'C. Turkay'}"
18,18,research_reviewer_main,2025-06-23 21:25:43,raw_ref_to_json.py,"{'key': 'author-15', 'name': 'Jabba Hutt', 's2_id': None, 'orcid': None, 'raw_name': 'Jabba Hutt'}"
18,18,research_reviewer_main,2025-06-23 21:25:43,raw_ref_to_json.py,"{'key': 'author-16', 'name': 'Robert Kosara', 's2_id': None, 'orcid': 'https://orcid.org/0000-0002-1178-4029', 'raw_name': 'R. Kosara'}"
18,18,research_reviewer_main,2025-06-23 21:25:43,raw_ref_to_json.py,"{'key': 'author-17', 'name': 'Jock D. Mackinlay', 's2_id': None, 'orcid': None, 'raw_name': 'J. Mackinlay'}"
18,18,research_reviewer_main,2025-06-23 21:25:43,raw_ref_to_json.py,"{'key': 'author-18', 'name': 'J. Krause', 's2_id': None, 'orcid': None, 'raw_name': 'J. Krause'}"
18,18,research_reviewer_main,2025-06-23 21:25:43,raw_ref_to_json.py,"{'key': 'author-19', 'name': 'A. Perer', 's2_id': None, 'orcid': None, 'raw_name': 'A. Perer'}"
18,18,research_reviewer_main,2025-06-23 21:25:43,raw_ref_to_json.py,"{'key': 'author-20', 'name': 'K. Ng', 's2_id': None, 'orcid': None, 'raw_name': 'K. Ng'}"
18,18,research_reviewer_main,2025-06-23 21:25:43,raw_ref_to_json.py,"{'key': 'author-21', 'name': 'Chufan Lai', 's2_id': None, 'orcid': 'https://orcid.org/0009-0002-2880-7335', 'raw_name': 'C. Lai'}"
18,18,research_reviewer_main,2025-06-23 21:25:43,raw_ref_to_json.py,"{'key': 'author-22', 'name': 'Zhixian Lin', 's2_id': None, 'orcid': None, 'raw_name': 'Z. Lin'}"
18,18,research_reviewer_main,2025-06-23 21:25:43,raw_ref_to_json.py,"{'key': 'author-23', 'name': 'Ruike Jiang', 's2_id': None, 'orcid': 'https://orcid.org/0000-0002-5001-5310', 'raw_name': 'R. Jiang'}"
18,18,research_reviewer_main,2025-06-23 21:25:43,raw_ref_to_json.py,"{'key': 'author-24', 'name': 'Yun Han', 's2_id': None, 'orcid': 'https://orcid.org/0000-0003-1410-8090', 'raw_name': 'Y. Han'}"
18,18,research_reviewer_main,2025-06-23 21:25:43,raw_ref_to_json.py,"{'key': 'author-25', 'name': 'Can Liu', 's2_id': None, 'orcid': 'https://orcid.org/0000-0002-1175-0734', 'raw_name': 'C. Liu'}"
18,18,research_reviewer_main,2025-06-23 21:25:43,raw_ref_to_json.py,"{'key': 'author-26', 'name': 'Xiaoru Yuan', 's2_id': None, 'orcid': 'https://orcid.org/0000-0002-7233-980X', 'raw_name': 'X. Yuan'}"
18,18,research_reviewer_main,2025-06-23 21:25:43,raw_ref_to_json.py,"{'key': 'author-27', 'name': 'Shahid Latif', 's2_id': None, 'orcid': 'https://orcid.org/0000-0003-2060-5122', 'raw_name': 'S. Latif'}"
18,18,research_reviewer_main,2025-06-23 21:25:43,raw_ref_to_json.py,"{'key': 'author-28', 'name': 'Fabian Beck', 's2_id': None, 'orcid': 'https://orcid.org/0000-0003-4042-3043', 'raw_name': 'F. Beck'}"
18,18,research_reviewer_main,2025-06-23 21:25:43,raw_ref_to_json.py,"{'key': 'author-29', 'name': 'Siming Chen', 's2_id': None, 'orcid': 'https://orcid.org/0000-0002-2690-3588', 'raw_name': 'S. Chen'}"
18,18,research_reviewer_main,2025-06-23 21:25:43,raw_ref_to_json.py,"{'key': 'author-30', 'name': 'Yafeng Lu', 's2_id': None, 'orcid': 'https://orcid.org/0000-0002-3978-9550', 'raw_name': 'Y. Lu'}"
18,18,research_reviewer_main,2025-06-23 21:25:43,raw_ref_to_json.py,"{'key': 'author-31', 'name': 'Rolando Garcia', 's2_id': None, 'orcid': None, 'raw_name': 'R. Garcia'}"
18,18,research_reviewer_main,2025-06-23 21:25:43,raw_ref_to_json.py,"{'key': 'author-32', 'name': 'Brett Hansen', 's2_id': None, 'orcid': None, 'raw_name': 'B. Hansen'}"
18,18,research_reviewer_main,2025-06-23 21:25:43,raw_ref_to_json.py,"{'key': 'author-33', 'name': 'Michael Gleicher', 's2_id': None, 'orcid': 'https://orcid.org/0000-0003-3295-4071', 'raw_name': 'M. Gleicher'}"
18,18,research_reviewer_main,2025-06-23 21:25:43,raw_ref_to_json.py,"{'key': 'author-34', 'name': 'Ross Maciejewski', 's2_id': None, 'orcid': 'https://orcid.org/0000-0001-8803-6355', 'raw_name': 'R. Maciejewski'}"
18,18,research_reviewer_main,2025-06-23 21:25:43,raw_ref_to_json.py,"{'key': 'author-35', 'name': 'Ming Yao', 's2_id': None, 'orcid': 'https://orcid.org/0000-0002-6377-6063', 'raw_name': 'Y. Ming'}"
18,18,research_reviewer_main,2025-06-23 21:25:43,raw_ref_to_json.py,"{'key': 'author-36', 'name': 'Huamin Qu', 's2_id': None, 'orcid': 'https://orcid.org/0000-0002-3344-9694', 'raw_name': 'H. Qu'}"
18,18,research_reviewer_main,2025-06-23 21:25:43,raw_ref_to_json.py,"{'key': 'author-37', 'name': 'Enrico Bertini', 's2_id': None, 'orcid': 'https://orcid.org/0000-0002-9932-0551', 'raw_name': 'E. Bertini'}"
18,18,research_reviewer_main,2025-06-23 21:25:43,raw_ref_to_json.py,"{'key': 'author-38', 'name': 'Thomas Mühlbacher', 's2_id': None, 'orcid': None, 'raw_name': 'T. Muhlbacher'}"
18,18,research_reviewer_main,2025-06-23 21:25:43,raw_ref_to_json.py,"{'key': 'author-39', 'name': 'Harald Piringer', 's2_id': None, 'orcid': None, 'raw_name': 'H. Piringer'}"
18,18,research_reviewer_main,2025-06-23 21:25:43,raw_ref_to_json.py,"{'key': 'author-40', 'name': 'Donghao Ren', 's2_id': None, 'orcid': 'https://orcid.org/0000-0001-8666-7241', 'raw_name': 'D. Ren'}"
18,18,research_reviewer_main,2025-06-23 21:25:43,raw_ref_to_json.py,"{'key': 'author-41', 'name': 'Matthew Brehmer', 's2_id': None, 'orcid': 'https://orcid.org/0000-0001-5524-2291', 'raw_name': 'M. Brehmer'}"
18,18,research_reviewer_main,2025-06-23 21:25:43,raw_ref_to_json.py,"{'key': 'author-42', 'name': 'Bongshin Lee', 's2_id': None, 'orcid': 'https://orcid.org/0000-0002-4217-627X', 'raw_name': 'B. Lee'}"
18,18,research_reviewer_main,2025-06-23 21:25:43,raw_ref_to_json.py,"{'key': 'author-43', 'name': 'Tobias Höllerer', 's2_id': None, 'orcid': 'https://orcid.org/0000-0002-6240-0291', 'raw_name': 'T. Hollerer'}"
18,18,research_reviewer_main,2025-06-23 21:25:43,raw_ref_to_json.py,"{'key': 'author-44', 'name': 'Eun Kyoung Choe', 's2_id': None, 'orcid': 'https://orcid.org/0000-0001-5038-8320', 'raw_name': 'E. K. Choe'}"
18,18,research_reviewer_main,2025-06-23 21:25:43,raw_ref_to_json.py,"{'key': 'author-45', 'name': 'Arvind Satyanarayan', 's2_id': None, 'orcid': 'https://orcid.org/0000-0001-5564-635X', 'raw_name': 'A. Satyanarayan'}"
18,18,research_reviewer_main,2025-06-23 21:25:43,raw_ref_to_json.py,"{'key': 'author-46', 'name': 'Jeffrey Heer', 's2_id': None, 'orcid': 'https://orcid.org/0000-0002-6175-1655', 'raw_name': 'J. Heer'}"
18,18,research_reviewer_main,2025-06-23 21:25:43,raw_ref_to_json.py,"{'key': 'author-47', 'name': 'Michael Sedlmair', 's2_id': None, 'orcid': 'https://orcid.org/0000-0001-7048-9292', 'raw_name': 'M. Sedlmair'}"
18,18,research_reviewer_main,2025-06-23 21:25:43,raw_ref_to_json.py,"{'key': 'author-48', 'name': 'Christoph Heinzl', 's2_id': None, 'orcid': 'https://orcid.org/0000-0002-3173-8871', 'raw_name': 'C. Heinzl'}"
18,18,research_reviewer_main,2025-06-23 21:25:43,raw_ref_to_json.py,"{'key': 'author-49', 'name': 'Stefan Brückner', 's2_id': None, 'orcid': 'https://orcid.org/0000-0002-0885-8402', 'raw_name': 'S. Bruckner'}"
18,18,research_reviewer_main,2025-06-23 21:25:43,raw_ref_to_json.py,"{'key': 'author-50', 'name': 'Torsten Möller', 's2_id': None, 'orcid': 'https://orcid.org/0000-0003-1192-0710', 'raw_name': 'T. Moller'}"
18,18,research_reviewer_main,2025-06-23 21:25:43,raw_ref_to_json.py,"{'key': 'author-51', 'name': 'Edward Segel', 's2_id': None, 'orcid': None, 'raw_name': 'E. Segel'}"
19,19,research_reviewer_main,2025-06-23 21:25:43,raw_ref_to_json.py,"{'key': 'author-1', 'name': 'Chris Brunsdon', 's2_id': None, 'orcid': 'https://orcid.org/0000-0003-4254-1780', 'raw_name': 'C. Brunsdon'}"
19,19,research_reviewer_main,2025-06-23 21:25:43,raw_ref_to_json.py,"{'key': 'author-2', 'name': 'A. Stewart Fotheringham', 's2_id': None, 'orcid': 'https://orcid.org/0000-0002-0407-1901', 'raw_name': 'A. S. Fotheringham'}"
19,19,research_reviewer_main,2025-06-23 21:25:43,raw_ref_to_json.py,"{'key': 'author-3', 'name': 'Martin Charlton', 's2_id': None, 'orcid': 'https://orcid.org/0000-0002-0622-393X', 'raw_name': 'M. E. Charlton'}"
19,19,research_reviewer_main,2025-06-23 21:25:43,raw_ref_to_json.py,"{'key': 'author-4', 'name': 'Wenbai Yang', 's2_id': None, 'orcid': 'https://orcid.org/0000-0003-3293-8389', 'raw_name': 'W. Yang'}"
19,19,research_reviewer_main,2025-06-23 21:25:43,raw_ref_to_json.py,"{'key': 'author-5', 'name': 'Wei Kang', 's2_id': None, 'orcid': 'https://orcid.org/0000-0002-1073-7781', 'raw_name': 'W. Kang'}"
19,19,research_reviewer_main,2025-06-23 21:25:43,raw_ref_to_json.py,"{'key': 'author-6', 'name': 'T. Gao', 's2_id': None, 'orcid': None, 'raw_name': 'T. Gao'}"
19,19,research_reviewer_main,2025-06-23 21:25:43,raw_ref_to_json.py,"{'key': 'author-7', 'name': 'J. Hullman', 's2_id': None, 'orcid': None, 'raw_name': 'J. Hullman'}"
19,19,research_reviewer_main,2025-06-23 21:25:43,raw_ref_to_json.py,"{'key': 'author-8', 'name': 'E. Adar', 's2_id': None, 'orcid': None, 'raw_name': 'E. Adar'}"
19,19,research_reviewer_main,2025-06-23 21:25:43,raw_ref_to_json.py,"{'key': 'author-9', 'name': 'B. Hecht', 's2_id': None, 'orcid': None, 'raw_name': 'B. Hecht'}"
19,19,research_reviewer_main,2025-06-23 21:25:43,raw_ref_to_json.py,"{'key': 'author-10', 'name': 'N. Diakopoulos', 's2_id': None, 'orcid': None, 'raw_name': 'N. Diakopoulos'}"
19,19,research_reviewer_main,2025-06-23 21:25:43,raw_ref_to_json.py,"{'key': 'author-11', 'name': 'Sarah Goodwin', 's2_id': None, 'orcid': 'https://orcid.org/0000-0001-8894-8282', 'raw_name': 'S. Goodwin'}"
19,19,research_reviewer_main,2025-06-23 21:25:43,raw_ref_to_json.py,"{'key': 'author-12', 'name': 'Jason Dykes', 's2_id': None, 'orcid': 'https://orcid.org/0000-0002-8096-5763', 'raw_name': 'J. Dykes'}"
19,19,research_reviewer_main,2025-06-23 21:25:43,raw_ref_to_json.py,"{'key': 'author-13', 'name': 'Aidan Slingsby', 's2_id': None, 'orcid': 'https://orcid.org/0000-0003-3941-553X', 'raw_name': 'A. Slingsby'}"
19,19,research_reviewer_main,2025-06-23 21:25:43,raw_ref_to_json.py,"{'key': 'author-14', 'name': 'Çağatay Turkay', 's2_id': None, 'orcid': 'https://orcid.org/0000-0001-6788-251X', 'raw_name': 'C. Turkay'}"
19,19,research_reviewer_main,2025-06-23 21:25:43,raw_ref_to_json.py,"{'key': 'author-15', 'name': 'Jabba Hutt', 's2_id': None, 'orcid': None, 'raw_name': 'Jabba Hutt'}"
19,19,research_reviewer_main,2025-06-23 21:25:43,raw_ref_to_json.py,"{'key': 'author-16', 'name': 'Robert Kosara', 's2_id': None, 'orcid': 'https://orcid.org/0000-0002-1178-4029', 'raw_name': 'R. Kosara'}"
19,19,research_reviewer_main,2025-06-23 21:25:43,raw_ref_to_json.py,"{'key': 'author-17', 'name': 'Jock D. Mackinlay', 's2_id': None, 'orcid': None, 'raw_name': 'J. Mackinlay'}"
19,19,research_reviewer_main,2025-06-23 21:25:43,raw_ref_to_json.py,"{'key': 'author-18', 'name': 'J. Krause', 's2_id': None, 'orcid': None, 'raw_name': 'J. Krause'}"
19,19,research_reviewer_main,2025-06-23 21:25:43,raw_ref_to_json.py,"{'key': 'author-19', 'name': 'A. Perer', 's2_id': None, 'orcid': None, 'raw_name': 'A. Perer'}"
19,19,research_reviewer_main,2025-06-23 21:25:43,raw_ref_to_json.py,"{'key': 'author-20', 'name': 'K. Ng', 's2_id': None, 'orcid': None, 'raw_name': 'K. Ng'}"
19,19,research_reviewer_main,2025-06-23 21:25:43,raw_ref_to_json.py,"{'key': 'author-21', 'name': 'Chufan Lai', 's2_id': None, 'orcid': 'https://orcid.org/0009-0002-2880-7335', 'raw_name': 'C. Lai'}"
19,19,research_reviewer_main,2025-06-23 21:25:43,raw_ref_to_json.py,"{'key': 'author-22', 'name': 'Zhixian Lin', 's2_id': None, 'orcid': None, 'raw_name': 'Z. Lin'}"
19,19,research_reviewer_main,2025-06-23 21:25:43,raw_ref_to_json.py,"{'key': 'author-23', 'name': 'Ruike Jiang', 's2_id': None, 'orcid': 'https://orcid.org/0000-0002-5001-5310', 'raw_name': 'R. Jiang'}"
19,19,research_reviewer_main,2025-06-23 21:25:43,raw_ref_to_json.py,"{'key': 'author-24', 'name': 'Yun Han', 's2_id': None, 'orcid': 'https://orcid.org/0000-0003-1410-8090', 'raw_name': 'Y. Han'}"
19,19,research_reviewer_main,2025-06-23 21:25:43,raw_ref_to_json.py,"{'key': 'author-25', 'name': 'Can Liu', 's2_id': None, 'orcid': 'https://orcid.org/0000-0002-1175-0734', 'raw_name': 'C. Liu'}"
19,19,research_reviewer_main,2025-06-23 21:25:43,raw_ref_to_json.py,"{'key': 'author-26', 'name': 'Xiaoru Yuan', 's2_id': None, 'orcid': 'https://orcid.org/0000-0002-7233-980X', 'raw_name': 'X. Yuan'}"
19,19,research_reviewer_main,2025-06-23 21:25:43,raw_ref_to_json.py,"{'key': 'author-27', 'name': 'Shahid Latif', 's2_id': None, 'orcid': 'https://orcid.org/0000-0003-2060-5122', 'raw_name': 'S. Latif'}"
19,19,research_reviewer_main,2025-06-23 21:25:43,raw_ref_to_json.py,"{'key': 'author-28', 'name': 'Fabian Beck', 's2_id': None, 'orcid': 'https://orcid.org/0000-0003-4042-3043', 'raw_name': 'F. Beck'}"
19,19,research_reviewer_main,2025-06-23 21:25:43,raw_ref_to_json.py,"{'key': 'author-29', 'name': 'Siming Chen', 's2_id': None, 'orcid': 'https://orcid.org/0000-0002-2690-3588', 'raw_name': 'S. Chen'}"
19,19,research_reviewer_main,2025-06-23 21:25:43,raw_ref_to_json.py,"{'key': 'author-30', 'name': 'Yafeng Lu', 's2_id': None, 'orcid': 'https://orcid.org/0000-0002-3978-9550', 'raw_name': 'Y. Lu'}"
19,19,research_reviewer_main,2025-06-23 21:25:43,raw_ref_to_json.py,"{'key': 'author-31', 'name': 'Rolando Garcia', 's2_id': None, 'orcid': None, 'raw_name': 'R. Garcia'}"
19,19,research_reviewer_main,2025-06-23 21:25:43,raw_ref_to_json.py,"{'key': 'author-32', 'name': 'Brett Hansen', 's2_id': None, 'orcid': None, 'raw_name': 'B. Hansen'}"
19,19,research_reviewer_main,2025-06-23 21:25:43,raw_ref_to_json.py,"{'key': 'author-33', 'name': 'Michael Gleicher', 's2_id': None, 'orcid': 'https://orcid.org/0000-0003-3295-4071', 'raw_name': 'M. Gleicher'}"
19,19,research_reviewer_main,2025-06-23 21:25:43,raw_ref_to_json.py,"{'key': 'author-34', 'name': 'Ross Maciejewski', 's2_id': None, 'orcid': 'https://orcid.org/0000-0001-8803-6355', 'raw_name': 'R. Maciejewski'}"
19,19,research_reviewer_main,2025-06-23 21:25:43,raw_ref_to_json.py,"{'key': 'author-35', 'name': 'Ming Yao', 's2_id': None, 'orcid': 'https://orcid.org/0000-0002-6377-6063', 'raw_name': 'Y. Ming'}"
19,19,research_reviewer_main,2025-06-23 21:25:43,raw_ref_to_json.py,"{'key': 'author-36', 'name': 'Huamin Qu', 's2_id': None, 'orcid': 'https://orcid.org/0000-0002-3344-9694', 'raw_name': 'H. Qu'}"
19,19,research_reviewer_main,2025-06-23 21:25:43,raw_ref_to_json.py,"{'key': 'author-37', 'name': 'Enrico Bertini', 's2_id': None, 'orcid': 'https://orcid.org/0000-0002-9932-0551', 'raw_name': 'E. Bertini'}"
19,19,research_reviewer_main,2025-06-23 21:25:43,raw_ref_to_json.py,"{'key': 'author-38', 'name': 'Thomas Mühlbacher', 's2_id': None, 'orcid': None, 'raw_name': 'T. Muhlbacher'}"
19,19,research_reviewer_main,2025-06-23 21:25:43,raw_ref_to_json.py,"{'key': 'author-39', 'name': 'Harald Piringer', 's2_id': None, 'orcid': None, 'raw_name': 'H. Piringer'}"
19,19,research_reviewer_main,2025-06-23 21:25:43,raw_ref_to_json.py,"{'key': 'author-40', 'name': 'Donghao Ren', 's2_id': None, 'orcid': 'https://orcid.org/0000-0001-8666-7241', 'raw_name': 'D. Ren'}"
19,19,research_reviewer_main,2025-06-23 21:25:43,raw_ref_to_json.py,"{'key': 'author-41', 'name': 'Matthew Brehmer', 's2_id': None, 'orcid': 'https://orcid.org/0000-0001-5524-2291', 'raw_name': 'M. Brehmer'}"
19,19,research_reviewer_main,2025-06-23 21:25:43,raw_ref_to_json.py,"{'key': 'author-42', 'name': 'Bongshin Lee', 's2_id': None, 'orcid': 'https://orcid.org/0000-0002-4217-627X', 'raw_name': 'B. Lee'}"
19,19,research_reviewer_main,2025-06-23 21:25:43,raw_ref_to_json.py,"{'key': 'author-43', 'name': 'Tobias Höllerer', 's2_id': None, 'orcid': 'https://orcid.org/0000-0002-6240-0291', 'raw_name': 'T. Hollerer'}"
19,19,research_reviewer_main,2025-06-23 21:25:43,raw_ref_to_json.py,"{'key': 'author-44', 'name': 'Eun Kyoung Choe', 's2_id': None, 'orcid': 'https://orcid.org/0000-0001-5038-8320', 'raw_name': 'E. K. Choe'}"
19,19,research_reviewer_main,2025-06-23 21:25:43,raw_ref_to_json.py,"{'key': 'author-45', 'name': 'Arvind Satyanarayan', 's2_id': None, 'orcid': 'https://orcid.org/0000-0001-5564-635X', 'raw_name': 'A. Satyanarayan'}"
19,19,research_reviewer_main,2025-06-23 21:25:43,raw_ref_to_json.py,"{'key': 'author-46', 'name': 'Jeffrey Heer', 's2_id': None, 'orcid': 'https://orcid.org/0000-0002-6175-1655', 'raw_name': 'J. Heer'}"
19,19,research_reviewer_main,2025-06-23 21:25:43,raw_ref_to_json.py,"{'key': 'author-47', 'name': 'Michael Sedlmair', 's2_id': None, 'orcid': 'https://orcid.org/0000-0001-7048-9292', 'raw_name': 'M. Sedlmair'}"
19,19,research_reviewer_main,2025-06-23 21:25:43,raw_ref_to_json.py,"{'key': 'author-48', 'name': 'Christoph Heinzl', 's2_id': None, 'orcid': 'https://orcid.org/0000-0002-3173-8871', 'raw_name': 'C. Heinzl'}"
19,19,research_reviewer_main,2025-06-23 21:25:43,raw_ref_to_json.py,"{'key': 'author-49', 'name': 'Stefan Brückner', 's2_id': None, 'orcid': 'https://orcid.org/0000-0002-0885-8402', 'raw_name': 'S. Bruckner'}"
19,19,research_reviewer_main,2025-06-23 21:25:43,raw_ref_to_json.py,"{'key': 'author-50', 'name': 'Torsten Möller', 's2_id': None, 'orcid': 'https://orcid.org/0000-0003-1192-0710', 'raw_name': 'T. Moller'}"
19,19,research_reviewer_main,2025-06-23 21:25:43,raw_ref_to_json.py,"{'key': 'author-51', 'name': 'Edward Segel', 's2_id': None, 'orcid': None, 'raw_name': 'E. Segel'}"
19,19,research_reviewer_main,2025-06-23 21:25:43,raw_ref_to_json.py,"{'key': 'author-52', 'name': 'Luke Skywalker', 's2_id': None, 'orcid': None, 'raw_name': 'Luke Skywalker'}"
19,19,research_reviewer_main,2025-06-23 21:25:43,raw_ref_to_json.py,"{'key': 'author-53', 'name': 'Obi-Wan Kenobi', 's2_id': None, 'orcid': None, 'raw_name': 'Obi-Wan Kenobi'}"
20,20,research_reviewer_main,2025-06-23 21:25:43,raw_ref_to_json.py,"{'key': 'author-1', 'name': 'Chris Brunsdon', 's2_id': None, 'orcid': 'https://orcid.org/0000-0003-4254-1780', 'raw_name': 'C. Brunsdon'}"
20,20,research_reviewer_main,2025-06-23 21:25:43,raw_ref_to_json.py,"{'key': 'author-2', 'name': 'A. Stewart Fotheringham', 's2_id': None, 'orcid': 'https://orcid.org/0000-0002-0407-1901', 'raw_name': 'A. S. Fotheringham'}"
20,20,research_reviewer_main,2025-06-23 21:25:43,raw_ref_to_json.py,"{'key': 'author-3', 'name': 'Martin Charlton', 's2_id': None, 'orcid': 'https://orcid.org/0000-0002-0622-393X', 'raw_name': 'M. E. Charlton'}"
20,20,research_reviewer_main,2025-06-23 21:25:43,raw_ref_to_json.py,"{'key': 'author-4', 'name': 'Wenbai Yang', 's2_id': None, 'orcid': 'https://orcid.org/0000-0003-3293-8389', 'raw_name': 'W. Yang'}"
20,20,research_reviewer_main,2025-06-23 21:25:43,raw_ref_to_json.py,"{'key': 'author-5', 'name': 'Wei Kang', 's2_id': None, 'orcid': 'https://orcid.org/0000-0002-1073-7781', 'raw_name': 'W. Kang'}"
20,20,research_reviewer_main,2025-06-23 21:25:43,raw_ref_to_json.py,"{'key': 'author-6', 'name': 'T. Gao', 's2_id': None, 'orcid': None, 'raw_name': 'T. Gao'}"
20,20,research_reviewer_main,2025-06-23 21:25:43,raw_ref_to_json.py,"{'key': 'author-7', 'name': 'J. Hullman', 's2_id': None, 'orcid': None, 'raw_name': 'J. Hullman'}"
20,20,research_reviewer_main,2025-06-23 21:25:43,raw_ref_to_json.py,"{'key': 'author-8', 'name': 'E. Adar', 's2_id': None, 'orcid': None, 'raw_name': 'E. Adar'}"
20,20,research_reviewer_main,2025-06-23 21:25:43,raw_ref_to_json.py,"{'key': 'author-9', 'name': 'B. Hecht', 's2_id': None, 'orcid': None, 'raw_name': 'B. Hecht'}"
20,20,research_reviewer_main,2025-06-23 21:25:43,raw_ref_to_json.py,"{'key': 'author-10', 'name': 'N. Diakopoulos', 's2_id': None, 'orcid': None, 'raw_name': 'N. Diakopoulos'}"
20,20,research_reviewer_main,2025-06-23 21:25:43,raw_ref_to_json.py,"{'key': 'author-11', 'name': 'Sarah Goodwin', 's2_id': None, 'orcid': 'https://orcid.org/0000-0001-8894-8282', 'raw_name': 'S. Goodwin'}"
20,20,research_reviewer_main,2025-06-23 21:25:43,raw_ref_to_json.py,"{'key': 'author-12', 'name': 'Jason Dykes', 's2_id': None, 'orcid': 'https://orcid.org/0000-0002-8096-5763', 'raw_name': 'J. Dykes'}"
20,20,research_reviewer_main,2025-06-23 21:25:43,raw_ref_to_json.py,"{'key': 'author-13', 'name': 'Aidan Slingsby', 's2_id': None, 'orcid': 'https://orcid.org/0000-0003-3941-553X', 'raw_name': 'A. Slingsby'}"
20,20,research_reviewer_main,2025-06-23 21:25:43,raw_ref_to_json.py,"{'key': 'author-14', 'name': 'Çağatay Turkay', 's2_id': None, 'orcid': 'https://orcid.org/0000-0001-6788-251X', 'raw_name': 'C. Turkay'}"
20,20,research_reviewer_main,2025-06-23 21:25:43,raw_ref_to_json.py,"{'key': 'author-15', 'name': 'Jabba Hutt', 's2_id': None, 'orcid': None, 'raw_name': 'Jabba Hutt'}"
20,20,research_reviewer_main,2025-06-23 21:25:43,raw_ref_to_json.py,"{'key': 'author-16', 'name': 'Robert Kosara', 's2_id': None, 'orcid': 'https://orcid.org/0000-0002-1178-4029', 'raw_name': 'R. Kosara'}"
20,20,research_reviewer_main,2025-06-23 21:25:43,raw_ref_to_json.py,"{'key': 'author-17', 'name': 'Jock D. Mackinlay', 's2_id': None, 'orcid': None, 'raw_name': 'J. Mackinlay'}"
20,20,research_reviewer_main,2025-06-23 21:25:43,raw_ref_to_json.py,"{'key': 'author-18', 'name': 'J. Krause', 's2_id': None, 'orcid': None, 'raw_name': 'J. Krause'}"
20,20,research_reviewer_main,2025-06-23 21:25:43,raw_ref_to_json.py,"{'key': 'author-19', 'name': 'A. Perer', 's2_id': None, 'orcid': None, 'raw_name': 'A. Perer'}"
20,20,research_reviewer_main,2025-06-23 21:25:43,raw_ref_to_json.py,"{'key': 'author-20', 'name': 'K. Ng', 's2_id': None, 'orcid': None, 'raw_name': 'K. Ng'}"
20,20,research_reviewer_main,2025-06-23 21:25:43,raw_ref_to_json.py,"{'key': 'author-21', 'name': 'Chufan Lai', 's2_id': None, 'orcid': 'https://orcid.org/0009-0002-2880-7335', 'raw_name': 'C. Lai'}"
20,20,research_reviewer_main,2025-06-23 21:25:43,raw_ref_to_json.py,"{'key': 'author-22', 'name': 'Zhixian Lin', 's2_id': None, 'orcid': None, 'raw_name': 'Z. Lin'}"
20,20,research_reviewer_main,2025-06-23 21:25:43,raw_ref_to_json.py,"{'key': 'author-23', 'name': 'Ruike Jiang', 's2_id': None, 'orcid': 'https://orcid.org/0000-0002-5001-5310', 'raw_name': 'R. Jiang'}"
20,20,research_reviewer_main,2025-06-23 21:25:43,raw_ref_to_json.py,"{'key': 'author-24', 'name': 'Yun Han', 's2_id': None, 'orcid': 'https://orcid.org/0000-0003-1410-8090', 'raw_name': 'Y. Han'}"
20,20,research_reviewer_main,2025-06-23 21:25:43,raw_ref_to_json.py,"{'key': 'author-25', 'name': 'Can Liu', 's2_id': None, 'orcid': 'https://orcid.org/0000-0002-1175-0734', 'raw_name': 'C. Liu'}"
20,20,research_reviewer_main,2025-06-23 21:25:43,raw_ref_to_json.py,"{'key': 'author-26', 'name': 'Xiaoru Yuan', 's2_id': None, 'orcid': 'https://orcid.org/0000-0002-7233-980X', 'raw_name': 'X. Yuan'}"
20,20,research_reviewer_main,2025-06-23 21:25:43,raw_ref_to_json.py,"{'key': 'author-27', 'name': 'Shahid Latif', 's2_id': None, 'orcid': 'https://orcid.org/0000-0003-2060-5122', 'raw_name': 'S. Latif'}"
20,20,research_reviewer_main,2025-06-23 21:25:43,raw_ref_to_json.py,"{'key': 'author-28', 'name': 'Fabian Beck', 's2_id': None, 'orcid': 'https://orcid.org/0000-0003-4042-3043', 'raw_name': 'F. Beck'}"
20,20,research_reviewer_main,2025-06-23 21:25:43,raw_ref_to_json.py,"{'key': 'author-29', 'name': 'Siming Chen', 's2_id': None, 'orcid': 'https://orcid.org/0000-0002-2690-3588', 'raw_name': 'S. Chen'}"
20,20,research_reviewer_main,2025-06-23 21:25:43,raw_ref_to_json.py,"{'key': 'author-30', 'name': 'Yafeng Lu', 's2_id': None, 'orcid': 'https://orcid.org/0000-0002-3978-9550', 'raw_name': 'Y. Lu'}"
20,20,research_reviewer_main,2025-06-23 21:25:43,raw_ref_to_json.py,"{'key': 'author-31', 'name': 'Rolando Garcia', 's2_id': None, 'orcid': None, 'raw_name': 'R. Garcia'}"
20,20,research_reviewer_main,2025-06-23 21:25:43,raw_ref_to_json.py,"{'key': 'author-32', 'name': 'Brett Hansen', 's2_id': None, 'orcid': None, 'raw_name': 'B. Hansen'}"
20,20,research_reviewer_main,2025-06-23 21:25:43,raw_ref_to_json.py,"{'key': 'author-33', 'name': 'Michael Gleicher', 's2_id': None, 'orcid': 'https://orcid.org/0000-0003-3295-4071', 'raw_name': 'M. Gleicher'}"
20,20,research_reviewer_main,2025-06-23 21:25:43,raw_ref_to_json.py,"{'key': 'author-34', 'name': 'Ross Maciejewski', 's2_id': None, 'orcid': 'https://orcid.org/0000-0001-8803-6355', 'raw_name': 'R. Maciejewski'}"
20,20,research_reviewer_main,2025-06-23 21:25:43,raw_ref_to_json.py,"{'key': 'author-35', 'name': 'Ming Yao', 's2_id': None, 'orcid': 'https://orcid.org/0000-0002-6377-6063', 'raw_name': 'Y. Ming'}"
20,20,research_reviewer_main,2025-06-23 21:25:43,raw_ref_to_json.py,"{'key': 'author-36', 'name': 'Huamin Qu', 's2_id': None, 'orcid': 'https://orcid.org/0000-0002-3344-9694', 'raw_name': 'H. Qu'}"
20,20,research_reviewer_main,2025-06-23 21:25:43,raw_ref_to_json.py,"{'key': 'author-37', 'name': 'Enrico Bertini', 's2_id': None, 'orcid': 'https://orcid.org/0000-0002-9932-0551', 'raw_name': 'E. Bertini'}"
20,20,research_reviewer_main,2025-06-23 21:25:43,raw_ref_to_json.py,"{'key': 'author-38', 'name': 'Thomas Mühlbacher', 's2_id': None, 'orcid': None, 'raw_name': 'T. Muhlbacher'}"
20,20,research_reviewer_main,2025-06-23 21:25:43,raw_ref_to_json.py,"{'key': 'author-39', 'name': 'Harald Piringer', 's2_id': None, 'orcid': None, 'raw_name': 'H. Piringer'}"
20,20,research_reviewer_main,2025-06-23 21:25:43,raw_ref_to_json.py,"{'key': 'author-40', 'name': 'Donghao Ren', 's2_id': None, 'orcid': 'https://orcid.org/0000-0001-8666-7241', 'raw_name': 'D. Ren'}"
20,20,research_reviewer_main,2025-06-23 21:25:43,raw_ref_to_json.py,"{'key': 'author-41', 'name': 'Matthew Brehmer', 's2_id': None, 'orcid': 'https://orcid.org/0000-0001-5524-2291', 'raw_name': 'M. Brehmer'}"
20,20,research_reviewer_main,2025-06-23 21:25:43,raw_ref_to_json.py,"{'key': 'author-42', 'name': 'Bongshin Lee', 's2_id': None, 'orcid': 'https://orcid.org/0000-0002-4217-627X', 'raw_name': 'B. Lee'}"
20,20,research_reviewer_main,2025-06-23 21:25:43,raw_ref_to_json.py,"{'key': 'author-43', 'name': 'Tobias Höllerer', 's2_id': None, 'orcid': 'https://orcid.org/0000-0002-6240-0291', 'raw_name': 'T. Hollerer'}"
20,20,research_reviewer_main,2025-06-23 21:25:43,raw_ref_to_json.py,"{'key': 'author-44', 'name': 'Eun Kyoung Choe', 's2_id': None, 'orcid': 'https://orcid.org/0000-0001-5038-8320', 'raw_name': 'E. K. Choe'}"
20,20,research_reviewer_main,2025-06-23 21:25:43,raw_ref_to_json.py,"{'key': 'author-45', 'name': 'Arvind Satyanarayan', 's2_id': None, 'orcid': 'https://orcid.org/0000-0001-5564-635X', 'raw_name': 'A. Satyanarayan'}"
20,20,research_reviewer_main,2025-06-23 21:25:43,raw_ref_to_json.py,"{'key': 'author-46', 'name': 'Jeffrey Heer', 's2_id': None, 'orcid': 'https://orcid.org/0000-0002-6175-1655', 'raw_name': 'J. Heer'}"
20,20,research_reviewer_main,2025-06-23 21:25:43,raw_ref_to_json.py,"{'key': 'author-47', 'name': 'Michael Sedlmair', 's2_id': None, 'orcid': 'https://orcid.org/0000-0001-7048-9292', 'raw_name': 'M. Sedlmair'}"
20,20,research_reviewer_main,2025-06-23 21:25:43,raw_ref_to_json.py,"{'key': 'author-48', 'name': 'Christoph Heinzl', 's2_id': None, 'orcid': 'https://orcid.org/0000-0002-3173-8871', 'raw_name': 'C. Heinzl'}"
20,20,research_reviewer_main,2025-06-23 21:25:43,raw_ref_to_json.py,"{'key': 'author-49', 'name': 'Stefan Brückner', 's2_id': None, 'orcid': 'https://orcid.org/0000-0002-0885-8402', 'raw_name': 'S. Bruckner'}"
20,20,research_reviewer_main,2025-06-23 21:25:43,raw_ref_to_json.py,"{'key': 'author-50', 'name': 'Torsten Möller', 's2_id': None, 'orcid': 'https://orcid.org/0000-0003-1192-0710', 'raw_name': 'T. Moller'}"
20,20,research_reviewer_main,2025-06-23 21:25:43,raw_ref_to_json.py,"{'key': 'author-51', 'name': 'Edward Segel', 's2_id': None, 'orcid': None, 'raw_name': 'E. Segel'}"
20,20,research_reviewer_main,2025-06-23 21:25:43,raw_ref_to_json.py,"{'key': 'author-52', 'name': 'Luke Skywalker', 's2_id': None, 'orcid': None, 'raw_name': 'Luke Skywalker'}"
20,20,research_reviewer_main,2025-06-23 21:25:43,raw_ref_to_json.py,"{'key': 'author-53', 'name': 'Obi-Wan Kenobi', 's2_id': None, 'orcid': None, 'raw_name': 'Obi-Wan Kenobi'}"
20,20,research_reviewer_main,2025-06-23 21:25:43,raw_ref_to_json.py,"{'key': 'author-54', 'name': 'Dirk Smeesters', 's2_id': None, 'orcid': None, 'raw_name': 'Dirk Smeesters'}"
20,20,research_reviewer_main,2025-06-23 21:25:43,raw_ref_to_json.py,"{'key': 'author-55', 'name': 'Jia Liu', 's2_id': None, 'orcid': 'https://orcid.org/0000-0003-0383-0934', 'raw_name': 'Jia Liu'}"
21,21,research_reviewer_main,2025-06-23 21:25:43,raw_ref_to_json.py,"{'key': 'author-1', 'name': 'Chris Brunsdon', 's2_id': None, 'orcid': 'https://orcid.org/0000-0003-4254-1780', 'raw_name': 'C. Brunsdon'}"
21,21,research_reviewer_main,2025-06-23 21:25:43,raw_ref_to_json.py,"{'key': 'author-2', 'name': 'A. Stewart Fotheringham', 's2_id': None, 'orcid': 'https://orcid.org/0000-0002-0407-1901', 'raw_name': 'A. S. Fotheringham'}"
21,21,research_reviewer_main,2025-06-23 21:25:43,raw_ref_to_json.py,"{'key': 'author-3', 'name': 'Martin Charlton', 's2_id': None, 'orcid': 'https://orcid.org/0000-0002-0622-393X', 'raw_name': 'M. E. Charlton'}"
21,21,research_reviewer_main,2025-06-23 21:25:43,raw_ref_to_json.py,"{'key': 'author-4', 'name': 'Wenbai Yang', 's2_id': None, 'orcid': 'https://orcid.org/0000-0003-3293-8389', 'raw_name': 'W. Yang'}"
21,21,research_reviewer_main,2025-06-23 21:25:43,raw_ref_to_json.py,"{'key': 'author-5', 'name': 'Wei Kang', 's2_id': None, 'orcid': 'https://orcid.org/0000-0002-1073-7781', 'raw_name': 'W. Kang'}"
21,21,research_reviewer_main,2025-06-23 21:25:43,raw_ref_to_json.py,"{'key': 'author-6', 'name': 'T. Gao', 's2_id': None, 'orcid': None, 'raw_name': 'T. Gao'}"
21,21,research_reviewer_main,2025-06-23 21:25:43,raw_ref_to_json.py,"{'key': 'author-7', 'name': 'J. Hullman', 's2_id': None, 'orcid': None, 'raw_name': 'J. Hullman'}"
21,21,research_reviewer_main,2025-06-23 21:25:43,raw_ref_to_json.py,"{'key': 'author-8', 'name': 'E. Adar', 's2_id': None, 'orcid': None, 'raw_name': 'E. Adar'}"
21,21,research_reviewer_main,2025-06-23 21:25:43,raw_ref_to_json.py,"{'key': 'author-9', 'name': 'B. Hecht', 's2_id': None, 'orcid': None, 'raw_name': 'B. Hecht'}"
21,21,research_reviewer_main,2025-06-23 21:25:43,raw_ref_to_json.py,"{'key': 'author-10', 'name': 'N. Diakopoulos', 's2_id': None, 'orcid': None, 'raw_name': 'N. Diakopoulos'}"
21,21,research_reviewer_main,2025-06-23 21:25:43,raw_ref_to_json.py,"{'key': 'author-11', 'name': 'Sarah Goodwin', 's2_id': None, 'orcid': 'https://orcid.org/0000-0001-8894-8282', 'raw_name': 'S. Goodwin'}"
21,21,research_reviewer_main,2025-06-23 21:25:43,raw_ref_to_json.py,"{'key': 'author-12', 'name': 'Jason Dykes', 's2_id': None, 'orcid': 'https://orcid.org/0000-0002-8096-5763', 'raw_name': 'J. Dykes'}"
21,21,research_reviewer_main,2025-06-23 21:25:43,raw_ref_to_json.py,"{'key': 'author-13', 'name': 'Aidan Slingsby', 's2_id': None, 'orcid': 'https://orcid.org/0000-0003-3941-553X', 'raw_name': 'A. Slingsby'}"
21,21,research_reviewer_main,2025-06-23 21:25:43,raw_ref_to_json.py,"{'key': 'author-14', 'name': 'Çağatay Turkay', 's2_id': None, 'orcid': 'https://orcid.org/0000-0001-6788-251X', 'raw_name': 'C. Turkay'}"
21,21,research_reviewer_main,2025-06-23 21:25:43,raw_ref_to_json.py,"{'key': 'author-15', 'name': 'Jabba Hutt', 's2_id': None, 'orcid': None, 'raw_name': 'Jabba Hutt'}"
21,21,research_reviewer_main,2025-06-23 21:25:43,raw_ref_to_json.py,"{'key': 'author-16', 'name': 'Robert Kosara', 's2_id': None, 'orcid': 'https://orcid.org/0000-0002-1178-4029', 'raw_name': 'R. Kosara'}"
21,21,research_reviewer_main,2025-06-23 21:25:43,raw_ref_to_json.py,"{'key': 'author-17', 'name': 'Jock D. Mackinlay', 's2_id': None, 'orcid': None, 'raw_name': 'J. Mackinlay'}"
21,21,research_reviewer_main,2025-06-23 21:25:43,raw_ref_to_json.py,"{'key': 'author-18', 'name': 'J. Krause', 's2_id': None, 'orcid': None, 'raw_name': 'J. Krause'}"
21,21,research_reviewer_main,2025-06-23 21:25:43,raw_ref_to_json.py,"{'key': 'author-19', 'name': 'A. Perer', 's2_id': None, 'orcid': None, 'raw_name': 'A. Perer'}"
21,21,research_reviewer_main,2025-06-23 21:25:43,raw_ref_to_json.py,"{'key': 'author-20', 'name': 'K. Ng', 's2_id': None, 'orcid': None, 'raw_name': 'K. Ng'}"
21,21,research_reviewer_main,2025-06-23 21:25:43,raw_ref_to_json.py,"{'key': 'author-21', 'name': 'Chufan Lai', 's2_id': None, 'orcid': 'https://orcid.org/0009-0002-2880-7335', 'raw_name': 'C. Lai'}"
21,21,research_reviewer_main,2025-06-23 21:25:43,raw_ref_to_json.py,"{'key': 'author-22', 'name': 'Zhixian Lin', 's2_id': None, 'orcid': None, 'raw_name': 'Z. Lin'}"
21,21,research_reviewer_main,2025-06-23 21:25:43,raw_ref_to_json.py,"{'key': 'author-23', 'name': 'Ruike Jiang', 's2_id': None, 'orcid': 'https://orcid.org/0000-0002-5001-5310', 'raw_name': 'R. Jiang'}"
21,21,research_reviewer_main,2025-06-23 21:25:43,raw_ref_to_json.py,"{'key': 'author-24', 'name': 'Yun Han', 's2_id': None, 'orcid': 'https://orcid.org/0000-0003-1410-8090', 'raw_name': 'Y. Han'}"
21,21,research_reviewer_main,2025-06-23 21:25:43,raw_ref_to_json.py,"{'key': 'author-25', 'name': 'Can Liu', 's2_id': None, 'orcid': 'https://orcid.org/0000-0002-1175-0734', 'raw_name': 'C. Liu'}"
21,21,research_reviewer_main,2025-06-23 21:25:43,raw_ref_to_json.py,"{'key': 'author-26', 'name': 'Xiaoru Yuan', 's2_id': None, 'orcid': 'https://orcid.org/0000-0002-7233-980X', 'raw_name': 'X. Yuan'}"
21,21,research_reviewer_main,2025-06-23 21:25:43,raw_ref_to_json.py,"{'key': 'author-27', 'name': 'Shahid Latif', 's2_id': None, 'orcid': 'https://orcid.org/0000-0003-2060-5122', 'raw_name': 'S. Latif'}"
21,21,research_reviewer_main,2025-06-23 21:25:43,raw_ref_to_json.py,"{'key': 'author-28', 'name': 'Fabian Beck', 's2_id': None, 'orcid': 'https://orcid.org/0000-0003-4042-3043', 'raw_name': 'F. Beck'}"
21,21,research_reviewer_main,2025-06-23 21:25:43,raw_ref_to_json.py,"{'key': 'author-29', 'name': 'Siming Chen', 's2_id': None, 'orcid': 'https://orcid.org/0000-0002-2690-3588', 'raw_name': 'S. Chen'}"
21,21,research_reviewer_main,2025-06-23 21:25:43,raw_ref_to_json.py,"{'key': 'author-30', 'name': 'Yafeng Lu', 's2_id': None, 'orcid': 'https://orcid.org/0000-0002-3978-9550', 'raw_name': 'Y. Lu'}"
21,21,research_reviewer_main,2025-06-23 21:25:43,raw_ref_to_json.py,"{'key': 'author-31', 'name': 'Rolando Garcia', 's2_id': None, 'orcid': None, 'raw_name': 'R. Garcia'}"
21,21,research_reviewer_main,2025-06-23 21:25:43,raw_ref_to_json.py,"{'key': 'author-32', 'name': 'Brett Hansen', 's2_id': None, 'orcid': None, 'raw_name': 'B. Hansen'}"
21,21,research_reviewer_main,2025-06-23 21:25:43,raw_ref_to_json.py,"{'key': 'author-33', 'name': 'Michael Gleicher', 's2_id': None, 'orcid': 'https://orcid.org/0000-0003-3295-4071', 'raw_name': 'M. Gleicher'}"
21,21,research_reviewer_main,2025-06-23 21:25:43,raw_ref_to_json.py,"{'key': 'author-34', 'name': 'Ross Maciejewski', 's2_id': None, 'orcid': 'https://orcid.org/0000-0001-8803-6355', 'raw_name': 'R. Maciejewski'}"
21,21,research_reviewer_main,2025-06-23 21:25:43,raw_ref_to_json.py,"{'key': 'author-35', 'name': 'Ming Yao', 's2_id': None, 'orcid': 'https://orcid.org/0000-0002-6377-6063', 'raw_name': 'Y. Ming'}"
21,21,research_reviewer_main,2025-06-23 21:25:43,raw_ref_to_json.py,"{'key': 'author-36', 'name': 'Huamin Qu', 's2_id': None, 'orcid': 'https://orcid.org/0000-0002-3344-9694', 'raw_name': 'H. Qu'}"
21,21,research_reviewer_main,2025-06-23 21:25:43,raw_ref_to_json.py,"{'key': 'author-37', 'name': 'Enrico Bertini', 's2_id': None, 'orcid': 'https://orcid.org/0000-0002-9932-0551', 'raw_name': 'E. Bertini'}"
21,21,research_reviewer_main,2025-06-23 21:25:43,raw_ref_to_json.py,"{'key': 'author-38', 'name': 'Thomas Mühlbacher', 's2_id': None, 'orcid': None, 'raw_name': 'T. Muhlbacher'}"
21,21,research_reviewer_main,2025-06-23 21:25:43,raw_ref_to_json.py,"{'key': 'author-39', 'name': 'Harald Piringer', 's2_id': None, 'orcid': None, 'raw_name': 'H. Piringer'}"
21,21,research_reviewer_main,2025-06-23 21:25:43,raw_ref_to_json.py,"{'key': 'author-40', 'name': 'Donghao Ren', 's2_id': None, 'orcid': 'https://orcid.org/0000-0001-8666-7241', 'raw_name': 'D. Ren'}"
21,21,research_reviewer_main,2025-06-23 21:25:43,raw_ref_to_json.py,"{'key': 'author-41', 'name': 'Matthew Brehmer', 's2_id': None, 'orcid': 'https://orcid.org/0000-0001-5524-2291', 'raw_name': 'M. Brehmer'}"
21,21,research_reviewer_main,2025-06-23 21:25:43,raw_ref_to_json.py,"{'key': 'author-42', 'name': 'Bongshin Lee', 's2_id': None, 'orcid': 'https://orcid.org/0000-0002-4217-627X', 'raw_name': 'B. Lee'}"
21,21,research_reviewer_main,2025-06-23 21:25:43,raw_ref_to_json.py,"{'key': 'author-43', 'name': 'Tobias Höllerer', 's2_id': None, 'orcid': 'https://orcid.org/0000-0002-6240-0291', 'raw_name': 'T. Hollerer'}"
21,21,research_reviewer_main,2025-06-23 21:25:43,raw_ref_to_json.py,"{'key': 'author-44', 'name': 'Eun Kyoung Choe', 's2_id': None, 'orcid': 'https://orcid.org/0000-0001-5038-8320', 'raw_name': 'E. K. Choe'}"
21,21,research_reviewer_main,2025-06-23 21:25:43,raw_ref_to_json.py,"{'key': 'author-45', 'name': 'Arvind Satyanarayan', 's2_id': None, 'orcid': 'https://orcid.org/0000-0001-5564-635X', 'raw_name': 'A. Satyanarayan'}"
21,21,research_reviewer_main,2025-06-23 21:25:43,raw_ref_to_json.py,"{'key': 'author-46', 'name': 'Jeffrey Heer', 's2_id': None, 'orcid': 'https://orcid.org/0000-0002-6175-1655', 'raw_name': 'J. Heer'}"
21,21,research_reviewer_main,2025-06-23 21:25:43,raw_ref_to_json.py,"{'key': 'author-47', 'name': 'Michael Sedlmair', 's2_id': None, 'orcid': 'https://orcid.org/0000-0001-7048-9292', 'raw_name': 'M. Sedlmair'}"
21,21,research_reviewer_main,2025-06-23 21:25:43,raw_ref_to_json.py,"{'key': 'author-48', 'name': 'Christoph Heinzl', 's2_id': None, 'orcid': 'https://orcid.org/0000-0002-3173-8871', 'raw_name': 'C. Heinzl'}"
21,21,research_reviewer_main,2025-06-23 21:25:43,raw_ref_to_json.py,"{'key': 'author-49', 'name': 'Stefan Brückner', 's2_id': None, 'orcid': 'https://orcid.org/0000-0002-0885-8402', 'raw_name': 'S. Bruckner'}"
21,21,research_reviewer_main,2025-06-23 21:25:43,raw_ref_to_json.py,"{'key': 'author-50', 'name': 'Torsten Möller', 's2_id': None, 'orcid': 'https://orcid.org/0000-0003-1192-0710', 'raw_name': 'T. Moller'}"
21,21,research_reviewer_main,2025-06-23 21:25:43,raw_ref_to_json.py,"{'key': 'author-51', 'name': 'Edward Segel', 's2_id': None, 'orcid': None, 'raw_name': 'E. Segel'}"
21,21,research_reviewer_main,2025-06-23 21:25:43,raw_ref_to_json.py,"{'key': 'author-52', 'name': 'Luke Skywalker', 's2_id': None, 'orcid': None, 'raw_name': 'Luke Skywalker'}"
21,21,research_reviewer_main,2025-06-23 21:25:43,raw_ref_to_json.py,"{'key': 'author-53', 'name': 'Obi-Wan Kenobi', 's2_id': None, 'orcid': None, 'raw_name': 'Obi-Wan Kenobi'}"
21,21,research_reviewer_main,2025-06-23 21:25:43,raw_ref_to_json.py,"{'key': 'author-54', 'name': 'Dirk Smeesters', 's2_id': None, 'orcid': None, 'raw_name': 'Dirk Smeesters'}"
21,21,research_reviewer_main,2025-06-23 21:25:43,raw_ref_to_json.py,"{'key': 'author-55', 'name': 'Jia Liu', 's2_id': None, 'orcid': 'https://orcid.org/0000-0003-0383-0934', 'raw_name': 'Jia Liu'}"
21,21,research_reviewer_main,2025-06-23 21:25:43,raw_ref_to_json.py,"{'key': 'author-56', 'name': 'Han Solo', 's2_id': None, 'orcid': None, 'raw_name': 'Han Solo'}"
22,22,research_reviewer_main,2025-06-23 21:25:43,raw_ref_to_json.py,"{'key': 'author-1', 'name': 'Chris Brunsdon', 's2_id': None, 'orcid': 'https://orcid.org/0000-0003-4254-1780', 'raw_name': 'C. Brunsdon'}"
22,22,research_reviewer_main,2025-06-23 21:25:43,raw_ref_to_json.py,"{'key': 'author-2', 'name': 'A. Stewart Fotheringham', 's2_id': None, 'orcid': 'https://orcid.org/0000-0002-0407-1901', 'raw_name': 'A. S. Fotheringham'}"
22,22,research_reviewer_main,2025-06-23 21:25:43,raw_ref_to_json.py,"{'key': 'author-3', 'name': 'Martin Charlton', 's2_id': None, 'orcid': 'https://orcid.org/0000-0002-0622-393X', 'raw_name': 'M. E. Charlton'}"
22,22,research_reviewer_main,2025-06-23 21:25:43,raw_ref_to_json.py,"{'key': 'author-4', 'name': 'Wenbai Yang', 's2_id': None, 'orcid': 'https://orcid.org/0000-0003-3293-8389', 'raw_name': 'W. Yang'}"
22,22,research_reviewer_main,2025-06-23 21:25:43,raw_ref_to_json.py,"{'key': 'author-5', 'name': 'Wei Kang', 's2_id': None, 'orcid': 'https://orcid.org/0000-0002-1073-7781', 'raw_name': 'W. Kang'}"
22,22,research_reviewer_main,2025-06-23 21:25:43,raw_ref_to_json.py,"{'key': 'author-6', 'name': 'T. Gao', 's2_id': None, 'orcid': None, 'raw_name': 'T. Gao'}"
22,22,research_reviewer_main,2025-06-23 21:25:43,raw_ref_to_json.py,"{'key': 'author-7', 'name': 'J. Hullman', 's2_id': None, 'orcid': None, 'raw_name': 'J. Hullman'}"
22,22,research_reviewer_main,2025-06-23 21:25:43,raw_ref_to_json.py,"{'key': 'author-8', 'name': 'E. Adar', 's2_id': None, 'orcid': None, 'raw_name': 'E. Adar'}"
22,22,research_reviewer_main,2025-06-23 21:25:43,raw_ref_to_json.py,"{'key': 'author-9', 'name': 'B. Hecht', 's2_id': None, 'orcid': None, 'raw_name': 'B. Hecht'}"
22,22,research_reviewer_main,2025-06-23 21:25:43,raw_ref_to_json.py,"{'key': 'author-10', 'name': 'N. Diakopoulos', 's2_id': None, 'orcid': None, 'raw_name': 'N. Diakopoulos'}"
22,22,research_reviewer_main,2025-06-23 21:25:43,raw_ref_to_json.py,"{'key': 'author-11', 'name': 'Sarah Goodwin', 's2_id': None, 'orcid': 'https://orcid.org/0000-0001-8894-8282', 'raw_name': 'S. Goodwin'}"
22,22,research_reviewer_main,2025-06-23 21:25:43,raw_ref_to_json.py,"{'key': 'author-12', 'name': 'Jason Dykes', 's2_id': None, 'orcid': 'https://orcid.org/0000-0002-8096-5763', 'raw_name': 'J. Dykes'}"
22,22,research_reviewer_main,2025-06-23 21:25:43,raw_ref_to_json.py,"{'key': 'author-13', 'name': 'Aidan Slingsby', 's2_id': None, 'orcid': 'https://orcid.org/0000-0003-3941-553X', 'raw_name': 'A. Slingsby'}"
22,22,research_reviewer_main,2025-06-23 21:25:43,raw_ref_to_json.py,"{'key': 'author-14', 'name': 'Çağatay Turkay', 's2_id': None, 'orcid': 'https://orcid.org/0000-0001-6788-251X', 'raw_name': 'C. Turkay'}"
22,22,research_reviewer_main,2025-06-23 21:25:43,raw_ref_to_json.py,"{'key': 'author-15', 'name': 'Jabba Hutt', 's2_id': None, 'orcid': None, 'raw_name': 'Jabba Hutt'}"
22,22,research_reviewer_main,2025-06-23 21:25:43,raw_ref_to_json.py,"{'key': 'author-16', 'name': 'Robert Kosara', 's2_id': None, 'orcid': 'https://orcid.org/0000-0002-1178-4029', 'raw_name': 'R. Kosara'}"
22,22,research_reviewer_main,2025-06-23 21:25:43,raw_ref_to_json.py,"{'key': 'author-17', 'name': 'Jock D. Mackinlay', 's2_id': None, 'orcid': None, 'raw_name': 'J. Mackinlay'}"
22,22,research_reviewer_main,2025-06-23 21:25:43,raw_ref_to_json.py,"{'key': 'author-18', 'name': 'J. Krause', 's2_id': None, 'orcid': None, 'raw_name': 'J. Krause'}"
22,22,research_reviewer_main,2025-06-23 21:25:43,raw_ref_to_json.py,"{'key': 'author-19', 'name': 'A. Perer', 's2_id': None, 'orcid': None, 'raw_name': 'A. Perer'}"
22,22,research_reviewer_main,2025-06-23 21:25:43,raw_ref_to_json.py,"{'key': 'author-20', 'name': 'K. Ng', 's2_id': None, 'orcid': None, 'raw_name': 'K. Ng'}"
22,22,research_reviewer_main,2025-06-23 21:25:43,raw_ref_to_json.py,"{'key': 'author-21', 'name': 'Chufan Lai', 's2_id': None, 'orcid': 'https://orcid.org/0009-0002-2880-7335', 'raw_name': 'C. Lai'}"
22,22,research_reviewer_main,2025-06-23 21:25:43,raw_ref_to_json.py,"{'key': 'author-22', 'name': 'Zhixian Lin', 's2_id': None, 'orcid': None, 'raw_name': 'Z. Lin'}"
22,22,research_reviewer_main,2025-06-23 21:25:43,raw_ref_to_json.py,"{'key': 'author-23', 'name': 'Ruike Jiang', 's2_id': None, 'orcid': 'https://orcid.org/0000-0002-5001-5310', 'raw_name': 'R. Jiang'}"
22,22,research_reviewer_main,2025-06-23 21:25:43,raw_ref_to_json.py,"{'key': 'author-24', 'name': 'Yun Han', 's2_id': None, 'orcid': 'https://orcid.org/0000-0003-1410-8090', 'raw_name': 'Y. Han'}"
22,22,research_reviewer_main,2025-06-23 21:25:43,raw_ref_to_json.py,"{'key': 'author-25', 'name': 'Can Liu', 's2_id': None, 'orcid': 'https://orcid.org/0000-0002-1175-0734', 'raw_name': 'C. Liu'}"
22,22,research_reviewer_main,2025-06-23 21:25:43,raw_ref_to_json.py,"{'key': 'author-26', 'name': 'Xiaoru Yuan', 's2_id': None, 'orcid': 'https://orcid.org/0000-0002-7233-980X', 'raw_name': 'X. Yuan'}"
22,22,research_reviewer_main,2025-06-23 21:25:43,raw_ref_to_json.py,"{'key': 'author-27', 'name': 'Shahid Latif', 's2_id': None, 'orcid': 'https://orcid.org/0000-0003-2060-5122', 'raw_name': 'S. Latif'}"
22,22,research_reviewer_main,2025-06-23 21:25:43,raw_ref_to_json.py,"{'key': 'author-28', 'name': 'Fabian Beck', 's2_id': None, 'orcid': 'https://orcid.org/0000-0003-4042-3043', 'raw_name': 'F. Beck'}"
22,22,research_reviewer_main,2025-06-23 21:25:43,raw_ref_to_json.py,"{'key': 'author-29', 'name': 'Siming Chen', 's2_id': None, 'orcid': 'https://orcid.org/0000-0002-2690-3588', 'raw_name': 'S. Chen'}"
22,22,research_reviewer_main,2025-06-23 21:25:43,raw_ref_to_json.py,"{'key': 'author-30', 'name': 'Yafeng Lu', 's2_id': None, 'orcid': 'https://orcid.org/0000-0002-3978-9550', 'raw_name': 'Y. Lu'}"
22,22,research_reviewer_main,2025-06-23 21:25:43,raw_ref_to_json.py,"{'key': 'author-31', 'name': 'Rolando Garcia', 's2_id': None, 'orcid': None, 'raw_name': 'R. Garcia'}"
22,22,research_reviewer_main,2025-06-23 21:25:43,raw_ref_to_json.py,"{'key': 'author-32', 'name': 'Brett Hansen', 's2_id': None, 'orcid': None, 'raw_name': 'B. Hansen'}"
22,22,research_reviewer_main,2025-06-23 21:25:43,raw_ref_to_json.py,"{'key': 'author-33', 'name': 'Michael Gleicher', 's2_id': None, 'orcid': 'https://orcid.org/0000-0003-3295-4071', 'raw_name': 'M. Gleicher'}"
22,22,research_reviewer_main,2025-06-23 21:25:43,raw_ref_to_json.py,"{'key': 'author-34', 'name': 'Ross Maciejewski', 's2_id': None, 'orcid': 'https://orcid.org/0000-0001-8803-6355', 'raw_name': 'R. Maciejewski'}"
22,22,research_reviewer_main,2025-06-23 21:25:43,raw_ref_to_json.py,"{'key': 'author-35', 'name': 'Ming Yao', 's2_id': None, 'orcid': 'https://orcid.org/0000-0002-6377-6063', 'raw_name': 'Y. Ming'}"
22,22,research_reviewer_main,2025-06-23 21:25:43,raw_ref_to_json.py,"{'key': 'author-36', 'name': 'Huamin Qu', 's2_id': None, 'orcid': 'https://orcid.org/0000-0002-3344-9694', 'raw_name': 'H. Qu'}"
22,22,research_reviewer_main,2025-06-23 21:25:43,raw_ref_to_json.py,"{'key': 'author-37', 'name': 'Enrico Bertini', 's2_id': None, 'orcid': 'https://orcid.org/0000-0002-9932-0551', 'raw_name': 'E. Bertini'}"
22,22,research_reviewer_main,2025-06-23 21:25:43,raw_ref_to_json.py,"{'key': 'author-38', 'name': 'Thomas Mühlbacher', 's2_id': None, 'orcid': None, 'raw_name': 'T. Muhlbacher'}"
22,22,research_reviewer_main,2025-06-23 21:25:43,raw_ref_to_json.py,"{'key': 'author-39', 'name': 'Harald Piringer', 's2_id': None, 'orcid': None, 'raw_name': 'H. Piringer'}"
22,22,research_reviewer_main,2025-06-23 21:25:43,raw_ref_to_json.py,"{'key': 'author-40', 'name': 'Donghao Ren', 's2_id': None, 'orcid': 'https://orcid.org/0000-0001-8666-7241', 'raw_name': 'D. Ren'}"
22,22,research_reviewer_main,2025-06-23 21:25:43,raw_ref_to_json.py,"{'key': 'author-41', 'name': 'Matthew Brehmer', 's2_id': None, 'orcid': 'https://orcid.org/0000-0001-5524-2291', 'raw_name': 'M. Brehmer'}"
22,22,research_reviewer_main,2025-06-23 21:25:43,raw_ref_to_json.py,"{'key': 'author-42', 'name': 'Bongshin Lee', 's2_id': None, 'orcid': 'https://orcid.org/0000-0002-4217-627X', 'raw_name': 'B. Lee'}"
22,22,research_reviewer_main,2025-06-23 21:25:43,raw_ref_to_json.py,"{'key': 'author-43', 'name': 'Tobias Höllerer', 's2_id': None, 'orcid': 'https://orcid.org/0000-0002-6240-0291', 'raw_name': 'T. Hollerer'}"
22,22,research_reviewer_main,2025-06-23 21:25:43,raw_ref_to_json.py,"{'key': 'author-44', 'name': 'Eun Kyoung Choe', 's2_id': None, 'orcid': 'https://orcid.org/0000-0001-5038-8320', 'raw_name': 'E. K. Choe'}"
22,22,research_reviewer_main,2025-06-23 21:25:43,raw_ref_to_json.py,"{'key': 'author-45', 'name': 'Arvind Satyanarayan', 's2_id': None, 'orcid': 'https://orcid.org/0000-0001-5564-635X', 'raw_name': 'A. Satyanarayan'}"
22,22,research_reviewer_main,2025-06-23 21:25:43,raw_ref_to_json.py,"{'key': 'author-46', 'name': 'Jeffrey Heer', 's2_id': None, 'orcid': 'https://orcid.org/0000-0002-6175-1655', 'raw_name': 'J. Heer'}"
22,22,research_reviewer_main,2025-06-23 21:25:43,raw_ref_to_json.py,"{'key': 'author-47', 'name': 'Michael Sedlmair', 's2_id': None, 'orcid': 'https://orcid.org/0000-0001-7048-9292', 'raw_name': 'M. Sedlmair'}"
22,22,research_reviewer_main,2025-06-23 21:25:43,raw_ref_to_json.py,"{'key': 'author-48', 'name': 'Christoph Heinzl', 's2_id': None, 'orcid': 'https://orcid.org/0000-0002-3173-8871', 'raw_name': 'C. Heinzl'}"
22,22,research_reviewer_main,2025-06-23 21:25:43,raw_ref_to_json.py,"{'key': 'author-49', 'name': 'Stefan Brückner', 's2_id': None, 'orcid': 'https://orcid.org/0000-0002-0885-8402', 'raw_name': 'S. Bruckner'}"
22,22,research_reviewer_main,2025-06-23 21:25:43,raw_ref_to_json.py,"{'key': 'author-50', 'name': 'Torsten Möller', 's2_id': None, 'orcid': 'https://orcid.org/0000-0003-1192-0710', 'raw_name': 'T. Moller'}"
22,22,research_reviewer_main,2025-06-23 21:25:43,raw_ref_to_json.py,"{'key': 'author-51', 'name': 'Edward Segel', 's2_id': None, 'orcid': None, 'raw_name': 'E. Segel'}"
22,22,research_reviewer_main,2025-06-23 21:25:43,raw_ref_to_json.py,"{'key': 'author-52', 'name': 'Luke Skywalker', 's2_id': None, 'orcid': None, 'raw_name': 'Luke Skywalker'}"
22,22,research_reviewer_main,2025-06-23 21:25:43,raw_ref_to_json.py,"{'key': 'author-53', 'name': 'Obi-Wan Kenobi', 's2_id': None, 'orcid': None, 'raw_name': 'Obi-Wan Kenobi'}"
22,22,research_reviewer_main,2025-06-23 21:25:43,raw_ref_to_json.py,"{'key': 'author-54', 'name': 'Dirk Smeesters', 's2_id': None, 'orcid': None, 'raw_name': 'Dirk Smeesters'}"
22,22,research_reviewer_main,2025-06-23 21:25:43,raw_ref_to_json.py,"{'key': 'author-55', 'name': 'Jia Liu', 's2_id': None, 'orcid': 'https://orcid.org/0000-0003-0383-0934', 'raw_name': 'Jia Liu'}"
22,22,research_reviewer_main,2025-06-23 21:25:43,raw_ref_to_json.py,"{'key': 'author-56', 'name': 'Han Solo', 's2_id': None, 'orcid': None, 'raw_name': 'Han Solo'}"
22,22,research_reviewer_main,2025-06-23 21:25:43,raw_ref_to_json.py,"{'key': 'author-57', 'name': 'Leia Organa', 's2_id': None, 'orcid': None, 'raw_name': 'Leia Organa'}"
23,23,research_reviewer_main,2025-06-23 21:25:43,raw_ref_to_json.py,"{'key': 'author-1', 'name': 'Chris Brunsdon', 's2_id': None, 'orcid': 'https://orcid.org/0000-0003-4254-1780', 'raw_name': 'C. Brunsdon'}"
23,23,research_reviewer_main,2025-06-23 21:25:43,raw_ref_to_json.py,"{'key': 'author-2', 'name': 'A. Stewart Fotheringham', 's2_id': None, 'orcid': 'https://orcid.org/0000-0002-0407-1901', 'raw_name': 'A. S. Fotheringham'}"
23,23,research_reviewer_main,2025-06-23 21:25:43,raw_ref_to_json.py,"{'key': 'author-3', 'name': 'Martin Charlton', 's2_id': None, 'orcid': 'https://orcid.org/0000-0002-0622-393X', 'raw_name': 'M. E. Charlton'}"
23,23,research_reviewer_main,2025-06-23 21:25:43,raw_ref_to_json.py,"{'key': 'author-4', 'name': 'Wenbai Yang', 's2_id': None, 'orcid': 'https://orcid.org/0000-0003-3293-8389', 'raw_name': 'W. Yang'}"
23,23,research_reviewer_main,2025-06-23 21:25:43,raw_ref_to_json.py,"{'key': 'author-5', 'name': 'Wei Kang', 's2_id': None, 'orcid': 'https://orcid.org/0000-0002-1073-7781', 'raw_name': 'W. Kang'}"
23,23,research_reviewer_main,2025-06-23 21:25:43,raw_ref_to_json.py,"{'key': 'author-6', 'name': 'T. Gao', 's2_id': None, 'orcid': None, 'raw_name': 'T. Gao'}"
23,23,research_reviewer_main,2025-06-23 21:25:43,raw_ref_to_json.py,"{'key': 'author-7', 'name': 'J. Hullman', 's2_id': None, 'orcid': None, 'raw_name': 'J. Hullman'}"
23,23,research_reviewer_main,2025-06-23 21:25:43,raw_ref_to_json.py,"{'key': 'author-8', 'name': 'E. Adar', 's2_id': None, 'orcid': None, 'raw_name': 'E. Adar'}"
23,23,research_reviewer_main,2025-06-23 21:25:43,raw_ref_to_json.py,"{'key': 'author-9', 'name': 'B. Hecht', 's2_id': None, 'orcid': None, 'raw_name': 'B. Hecht'}"
23,23,research_reviewer_main,2025-06-23 21:25:43,raw_ref_to_json.py,"{'key': 'author-10', 'name': 'N. Diakopoulos', 's2_id': None, 'orcid': None, 'raw_name': 'N. Diakopoulos'}"
23,23,research_reviewer_main,2025-06-23 21:25:43,raw_ref_to_json.py,"{'key': 'author-11', 'name': 'Sarah Goodwin', 's2_id': None, 'orcid': 'https://orcid.org/0000-0001-8894-8282', 'raw_name': 'S. Goodwin'}"
23,23,research_reviewer_main,2025-06-23 21:25:43,raw_ref_to_json.py,"{'key': 'author-12', 'name': 'Jason Dykes', 's2_id': None, 'orcid': 'https://orcid.org/0000-0002-8096-5763', 'raw_name': 'J. Dykes'}"
23,23,research_reviewer_main,2025-06-23 21:25:43,raw_ref_to_json.py,"{'key': 'author-13', 'name': 'Aidan Slingsby', 's2_id': None, 'orcid': 'https://orcid.org/0000-0003-3941-553X', 'raw_name': 'A. Slingsby'}"
23,23,research_reviewer_main,2025-06-23 21:25:43,raw_ref_to_json.py,"{'key': 'author-14', 'name': 'Çağatay Turkay', 's2_id': None, 'orcid': 'https://orcid.org/0000-0001-6788-251X', 'raw_name': 'C. Turkay'}"
23,23,research_reviewer_main,2025-06-23 21:25:43,raw_ref_to_json.py,"{'key': 'author-15', 'name': 'Jabba Hutt', 's2_id': None, 'orcid': None, 'raw_name': 'Jabba Hutt'}"
23,23,research_reviewer_main,2025-06-23 21:25:43,raw_ref_to_json.py,"{'key': 'author-16', 'name': 'Robert Kosara', 's2_id': None, 'orcid': 'https://orcid.org/0000-0002-1178-4029', 'raw_name': 'R. Kosara'}"
23,23,research_reviewer_main,2025-06-23 21:25:43,raw_ref_to_json.py,"{'key': 'author-17', 'name': 'Jock D. Mackinlay', 's2_id': None, 'orcid': None, 'raw_name': 'J. Mackinlay'}"
23,23,research_reviewer_main,2025-06-23 21:25:43,raw_ref_to_json.py,"{'key': 'author-18', 'name': 'J. Krause', 's2_id': None, 'orcid': None, 'raw_name': 'J. Krause'}"
23,23,research_reviewer_main,2025-06-23 21:25:43,raw_ref_to_json.py,"{'key': 'author-19', 'name': 'A. Perer', 's2_id': None, 'orcid': None, 'raw_name': 'A. Perer'}"
23,23,research_reviewer_main,2025-06-23 21:25:43,raw_ref_to_json.py,"{'key': 'author-20', 'name': 'K. Ng', 's2_id': None, 'orcid': None, 'raw_name': 'K. Ng'}"
23,23,research_reviewer_main,2025-06-23 21:25:43,raw_ref_to_json.py,"{'key': 'author-21', 'name': 'Chufan Lai', 's2_id': None, 'orcid': 'https://orcid.org/0009-0002-2880-7335', 'raw_name': 'C. Lai'}"
23,23,research_reviewer_main,2025-06-23 21:25:43,raw_ref_to_json.py,"{'key': 'author-22', 'name': 'Zhixian Lin', 's2_id': None, 'orcid': None, 'raw_name': 'Z. Lin'}"
23,23,research_reviewer_main,2025-06-23 21:25:43,raw_ref_to_json.py,"{'key': 'author-23', 'name': 'Ruike Jiang', 's2_id': None, 'orcid': 'https://orcid.org/0000-0002-5001-5310', 'raw_name': 'R. Jiang'}"
23,23,research_reviewer_main,2025-06-23 21:25:43,raw_ref_to_json.py,"{'key': 'author-24', 'name': 'Yun Han', 's2_id': None, 'orcid': 'https://orcid.org/0000-0003-1410-8090', 'raw_name': 'Y. Han'}"
23,23,research_reviewer_main,2025-06-23 21:25:43,raw_ref_to_json.py,"{'key': 'author-25', 'name': 'Can Liu', 's2_id': None, 'orcid': 'https://orcid.org/0000-0002-1175-0734', 'raw_name': 'C. Liu'}"
23,23,research_reviewer_main,2025-06-23 21:25:43,raw_ref_to_json.py,"{'key': 'author-26', 'name': 'Xiaoru Yuan', 's2_id': None, 'orcid': 'https://orcid.org/0000-0002-7233-980X', 'raw_name': 'X. Yuan'}"
23,23,research_reviewer_main,2025-06-23 21:25:43,raw_ref_to_json.py,"{'key': 'author-27', 'name': 'Shahid Latif', 's2_id': None, 'orcid': 'https://orcid.org/0000-0003-2060-5122', 'raw_name': 'S. Latif'}"
23,23,research_reviewer_main,2025-06-23 21:25:43,raw_ref_to_json.py,"{'key': 'author-28', 'name': 'Fabian Beck', 's2_id': None, 'orcid': 'https://orcid.org/0000-0003-4042-3043', 'raw_name': 'F. Beck'}"
23,23,research_reviewer_main,2025-06-23 21:25:43,raw_ref_to_json.py,"{'key': 'author-29', 'name': 'Siming Chen', 's2_id': None, 'orcid': 'https://orcid.org/0000-0002-2690-3588', 'raw_name': 'S. Chen'}"
23,23,research_reviewer_main,2025-06-23 21:25:43,raw_ref_to_json.py,"{'key': 'author-30', 'name': 'Yafeng Lu', 's2_id': None, 'orcid': 'https://orcid.org/0000-0002-3978-9550', 'raw_name': 'Y. Lu'}"
23,23,research_reviewer_main,2025-06-23 21:25:43,raw_ref_to_json.py,"{'key': 'author-31', 'name': 'Rolando Garcia', 's2_id': None, 'orcid': None, 'raw_name': 'R. Garcia'}"
23,23,research_reviewer_main,2025-06-23 21:25:43,raw_ref_to_json.py,"{'key': 'author-32', 'name': 'Brett Hansen', 's2_id': None, 'orcid': None, 'raw_name': 'B. Hansen'}"
23,23,research_reviewer_main,2025-06-23 21:25:43,raw_ref_to_json.py,"{'key': 'author-33', 'name': 'Michael Gleicher', 's2_id': None, 'orcid': 'https://orcid.org/0000-0003-3295-4071', 'raw_name': 'M. Gleicher'}"
23,23,research_reviewer_main,2025-06-23 21:25:43,raw_ref_to_json.py,"{'key': 'author-34', 'name': 'Ross Maciejewski', 's2_id': None, 'orcid': 'https://orcid.org/0000-0001-8803-6355', 'raw_name': 'R. Maciejewski'}"
23,23,research_reviewer_main,2025-06-23 21:25:43,raw_ref_to_json.py,"{'key': 'author-35', 'name': 'Ming Yao', 's2_id': None, 'orcid': 'https://orcid.org/0000-0002-6377-6063', 'raw_name': 'Y. Ming'}"
23,23,research_reviewer_main,2025-06-23 21:25:43,raw_ref_to_json.py,"{'key': 'author-36', 'name': 'Huamin Qu', 's2_id': None, 'orcid': 'https://orcid.org/0000-0002-3344-9694', 'raw_name': 'H. Qu'}"
23,23,research_reviewer_main,2025-06-23 21:25:43,raw_ref_to_json.py,"{'key': 'author-37', 'name': 'Enrico Bertini', 's2_id': None, 'orcid': 'https://orcid.org/0000-0002-9932-0551', 'raw_name': 'E. Bertini'}"
23,23,research_reviewer_main,2025-06-23 21:25:43,raw_ref_to_json.py,"{'key': 'author-38', 'name': 'Thomas Mühlbacher', 's2_id': None, 'orcid': None, 'raw_name': 'T. Muhlbacher'}"
23,23,research_reviewer_main,2025-06-23 21:25:43,raw_ref_to_json.py,"{'key': 'author-39', 'name': 'Harald Piringer', 's2_id': None, 'orcid': None, 'raw_name': 'H. Piringer'}"
23,23,research_reviewer_main,2025-06-23 21:25:43,raw_ref_to_json.py,"{'key': 'author-40', 'name': 'Donghao Ren', 's2_id': None, 'orcid': 'https://orcid.org/0000-0001-8666-7241', 'raw_name': 'D. Ren'}"
23,23,research_reviewer_main,2025-06-23 21:25:43,raw_ref_to_json.py,"{'key': 'author-41', 'name': 'Matthew Brehmer', 's2_id': None, 'orcid': 'https://orcid.org/0000-0001-5524-2291', 'raw_name': 'M. Brehmer'}"
23,23,research_reviewer_main,2025-06-23 21:25:43,raw_ref_to_json.py,"{'key': 'author-42', 'name': 'Bongshin Lee', 's2_id': None, 'orcid': 'https://orcid.org/0000-0002-4217-627X', 'raw_name': 'B. Lee'}"
23,23,research_reviewer_main,2025-06-23 21:25:43,raw_ref_to_json.py,"{'key': 'author-43', 'name': 'Tobias Höllerer', 's2_id': None, 'orcid': 'https://orcid.org/0000-0002-6240-0291', 'raw_name': 'T. Hollerer'}"
23,23,research_reviewer_main,2025-06-23 21:25:43,raw_ref_to_json.py,"{'key': 'author-44', 'name': 'Eun Kyoung Choe', 's2_id': None, 'orcid': 'https://orcid.org/0000-0001-5038-8320', 'raw_name': 'E. K. Choe'}"
23,23,research_reviewer_main,2025-06-23 21:25:43,raw_ref_to_json.py,"{'key': 'author-45', 'name': 'Arvind Satyanarayan', 's2_id': None, 'orcid': 'https://orcid.org/0000-0001-5564-635X', 'raw_name': 'A. Satyanarayan'}"
23,23,research_reviewer_main,2025-06-23 21:25:43,raw_ref_to_json.py,"{'key': 'author-46', 'name': 'Jeffrey Heer', 's2_id': None, 'orcid': 'https://orcid.org/0000-0002-6175-1655', 'raw_name': 'J. Heer'}"
23,23,research_reviewer_main,2025-06-23 21:25:43,raw_ref_to_json.py,"{'key': 'author-47', 'name': 'Michael Sedlmair', 's2_id': None, 'orcid': 'https://orcid.org/0000-0001-7048-9292', 'raw_name': 'M. Sedlmair'}"
23,23,research_reviewer_main,2025-06-23 21:25:43,raw_ref_to_json.py,"{'key': 'author-48', 'name': 'Christoph Heinzl', 's2_id': None, 'orcid': 'https://orcid.org/0000-0002-3173-8871', 'raw_name': 'C. Heinzl'}"
23,23,research_reviewer_main,2025-06-23 21:25:43,raw_ref_to_json.py,"{'key': 'author-49', 'name': 'Stefan Brückner', 's2_id': None, 'orcid': 'https://orcid.org/0000-0002-0885-8402', 'raw_name': 'S. Bruckner'}"
23,23,research_reviewer_main,2025-06-23 21:25:43,raw_ref_to_json.py,"{'key': 'author-50', 'name': 'Torsten Möller', 's2_id': None, 'orcid': 'https://orcid.org/0000-0003-1192-0710', 'raw_name': 'T. Moller'}"
23,23,research_reviewer_main,2025-06-23 21:25:43,raw_ref_to_json.py,"{'key': 'author-51', 'name': 'Edward Segel', 's2_id': None, 'orcid': None, 'raw_name': 'E. Segel'}"
23,23,research_reviewer_main,2025-06-23 21:25:43,raw_ref_to_json.py,"{'key': 'author-52', 'name': 'Luke Skywalker', 's2_id': None, 'orcid': None, 'raw_name': 'Luke Skywalker'}"
23,23,research_reviewer_main,2025-06-23 21:25:43,raw_ref_to_json.py,"{'key': 'author-53', 'name': 'Obi-Wan Kenobi', 's2_id': None, 'orcid': None, 'raw_name': 'Obi-Wan Kenobi'}"
23,23,research_reviewer_main,2025-06-23 21:25:43,raw_ref_to_json.py,"{'key': 'author-54', 'name': 'Dirk Smeesters', 's2_id': None, 'orcid': None, 'raw_name': 'Dirk Smeesters'}"
23,23,research_reviewer_main,2025-06-23 21:25:43,raw_ref_to_json.py,"{'key': 'author-55', 'name': 'Jia Liu', 's2_id': None, 'orcid': 'https://orcid.org/0000-0003-0383-0934', 'raw_name': 'Jia Liu'}"
23,23,research_reviewer_main,2025-06-23 21:25:43,raw_ref_to_json.py,"{'key': 'author-56', 'name': 'Han Solo', 's2_id': None, 'orcid': None, 'raw_name': 'Han Solo'}"
23,23,research_reviewer_main,2025-06-23 21:25:43,raw_ref_to_json.py,"{'key': 'author-57', 'name': 'Leia Organa', 's2_id': None, 'orcid': None, 'raw_name': 'Leia Organa'}"
23,23,research_reviewer_main,2025-06-23 21:25:43,raw_ref_to_json.py,"{'key': 'author-58', 'name': 'Arjun Srinivasan', 's2_id': None, 'orcid': 'https://orcid.org/0000-0001-8901-1256', 'raw_name': 'A. Srinivasan'}"
23,23,research_reviewer_main,2025-06-23 21:25:43,raw_ref_to_json.py,"{'key': 'author-59', 'name': 'Steven M. Drucker', 's2_id': None, 'orcid': 'https://orcid.org/0000-0002-5022-9343', 'raw_name': 'S. M. Drucker'}"
23,23,research_reviewer_main,2025-06-23 21:25:43,raw_ref_to_json.py,"{'key': 'author-60', 'name': 'Alex Endert', 's2_id': None, 'orcid': 'https://orcid.org/0000-0002-6914-610X', 'raw_name': 'A. Endert'}"
23,23,research_reviewer_main,2025-06-23 21:25:43,raw_ref_to_json.py,"{'key': 'author-61', 'name': 'John Stasko', 's2_id': None, 'orcid': 'https://orcid.org/0000-0003-4129-7659', 'raw_name': 'J. Stasko'}"
24,24,research_reviewer_main,2025-06-23 21:25:43,raw_ref_to_json.py,"{'key': 'author-1', 'name': 'Chris Brunsdon', 's2_id': None, 'orcid': 'https://orcid.org/0000-0003-4254-1780', 'raw_name': 'C. Brunsdon'}"
24,24,research_reviewer_main,2025-06-23 21:25:43,raw_ref_to_json.py,"{'key': 'author-2', 'name': 'A. Stewart Fotheringham', 's2_id': None, 'orcid': 'https://orcid.org/0000-0002-0407-1901', 'raw_name': 'A. S. Fotheringham'}"
24,24,research_reviewer_main,2025-06-23 21:25:43,raw_ref_to_json.py,"{'key': 'author-3', 'name': 'Martin Charlton', 's2_id': None, 'orcid': 'https://orcid.org/0000-0002-0622-393X', 'raw_name': 'M. E. Charlton'}"
24,24,research_reviewer_main,2025-06-23 21:25:43,raw_ref_to_json.py,"{'key': 'author-4', 'name': 'Wenbai Yang', 's2_id': None, 'orcid': 'https://orcid.org/0000-0003-3293-8389', 'raw_name': 'W. Yang'}"
24,24,research_reviewer_main,2025-06-23 21:25:43,raw_ref_to_json.py,"{'key': 'author-5', 'name': 'Wei Kang', 's2_id': None, 'orcid': 'https://orcid.org/0000-0002-1073-7781', 'raw_name': 'W. Kang'}"
24,24,research_reviewer_main,2025-06-23 21:25:43,raw_ref_to_json.py,"{'key': 'author-6', 'name': 'T. Gao', 's2_id': None, 'orcid': None, 'raw_name': 'T. Gao'}"
24,24,research_reviewer_main,2025-06-23 21:25:43,raw_ref_to_json.py,"{'key': 'author-7', 'name': 'J. Hullman', 's2_id': None, 'orcid': None, 'raw_name': 'J. Hullman'}"
24,24,research_reviewer_main,2025-06-23 21:25:43,raw_ref_to_json.py,"{'key': 'author-8', 'name': 'E. Adar', 's2_id': None, 'orcid': None, 'raw_name': 'E. Adar'}"
24,24,research_reviewer_main,2025-06-23 21:25:43,raw_ref_to_json.py,"{'key': 'author-9', 'name': 'B. Hecht', 's2_id': None, 'orcid': None, 'raw_name': 'B. Hecht'}"
24,24,research_reviewer_main,2025-06-23 21:25:43,raw_ref_to_json.py,"{'key': 'author-10', 'name': 'N. Diakopoulos', 's2_id': None, 'orcid': None, 'raw_name': 'N. Diakopoulos'}"
24,24,research_reviewer_main,2025-06-23 21:25:43,raw_ref_to_json.py,"{'key': 'author-11', 'name': 'Sarah Goodwin', 's2_id': None, 'orcid': 'https://orcid.org/0000-0001-8894-8282', 'raw_name': 'S. Goodwin'}"
24,24,research_reviewer_main,2025-06-23 21:25:43,raw_ref_to_json.py,"{'key': 'author-12', 'name': 'Jason Dykes', 's2_id': None, 'orcid': 'https://orcid.org/0000-0002-8096-5763', 'raw_name': 'J. Dykes'}"
24,24,research_reviewer_main,2025-06-23 21:25:43,raw_ref_to_json.py,"{'key': 'author-13', 'name': 'Aidan Slingsby', 's2_id': None, 'orcid': 'https://orcid.org/0000-0003-3941-553X', 'raw_name': 'A. Slingsby'}"
24,24,research_reviewer_main,2025-06-23 21:25:43,raw_ref_to_json.py,"{'key': 'author-14', 'name': 'Çağatay Turkay', 's2_id': None, 'orcid': 'https://orcid.org/0000-0001-6788-251X', 'raw_name': 'C. Turkay'}"
24,24,research_reviewer_main,2025-06-23 21:25:43,raw_ref_to_json.py,"{'key': 'author-15', 'name': 'Jabba Hutt', 's2_id': None, 'orcid': None, 'raw_name': 'Jabba Hutt'}"
24,24,research_reviewer_main,2025-06-23 21:25:43,raw_ref_to_json.py,"{'key': 'author-16', 'name': 'Robert Kosara', 's2_id': None, 'orcid': 'https://orcid.org/0000-0002-1178-4029', 'raw_name': 'R. Kosara'}"
24,24,research_reviewer_main,2025-06-23 21:25:43,raw_ref_to_json.py,"{'key': 'author-17', 'name': 'Jock D. Mackinlay', 's2_id': None, 'orcid': None, 'raw_name': 'J. Mackinlay'}"
24,24,research_reviewer_main,2025-06-23 21:25:43,raw_ref_to_json.py,"{'key': 'author-18', 'name': 'J. Krause', 's2_id': None, 'orcid': None, 'raw_name': 'J. Krause'}"
24,24,research_reviewer_main,2025-06-23 21:25:43,raw_ref_to_json.py,"{'key': 'author-19', 'name': 'A. Perer', 's2_id': None, 'orcid': None, 'raw_name': 'A. Perer'}"
24,24,research_reviewer_main,2025-06-23 21:25:43,raw_ref_to_json.py,"{'key': 'author-20', 'name': 'K. Ng', 's2_id': None, 'orcid': None, 'raw_name': 'K. Ng'}"
24,24,research_reviewer_main,2025-06-23 21:25:43,raw_ref_to_json.py,"{'key': 'author-21', 'name': 'Chufan Lai', 's2_id': None, 'orcid': 'https://orcid.org/0009-0002-2880-7335', 'raw_name': 'C. Lai'}"
24,24,research_reviewer_main,2025-06-23 21:25:43,raw_ref_to_json.py,"{'key': 'author-22', 'name': 'Zhixian Lin', 's2_id': None, 'orcid': None, 'raw_name': 'Z. Lin'}"
24,24,research_reviewer_main,2025-06-23 21:25:43,raw_ref_to_json.py,"{'key': 'author-23', 'name': 'Ruike Jiang', 's2_id': None, 'orcid': 'https://orcid.org/0000-0002-5001-5310', 'raw_name': 'R. Jiang'}"
24,24,research_reviewer_main,2025-06-23 21:25:43,raw_ref_to_json.py,"{'key': 'author-24', 'name': 'Yun Han', 's2_id': None, 'orcid': 'https://orcid.org/0000-0003-1410-8090', 'raw_name': 'Y. Han'}"
24,24,research_reviewer_main,2025-06-23 21:25:43,raw_ref_to_json.py,"{'key': 'author-25', 'name': 'Can Liu', 's2_id': None, 'orcid': 'https://orcid.org/0000-0002-1175-0734', 'raw_name': 'C. Liu'}"
24,24,research_reviewer_main,2025-06-23 21:25:43,raw_ref_to_json.py,"{'key': 'author-26', 'name': 'Xiaoru Yuan', 's2_id': None, 'orcid': 'https://orcid.org/0000-0002-7233-980X', 'raw_name': 'X. Yuan'}"
24,24,research_reviewer_main,2025-06-23 21:25:43,raw_ref_to_json.py,"{'key': 'author-27', 'name': 'Shahid Latif', 's2_id': None, 'orcid': 'https://orcid.org/0000-0003-2060-5122', 'raw_name': 'S. Latif'}"
24,24,research_reviewer_main,2025-06-23 21:25:43,raw_ref_to_json.py,"{'key': 'author-28', 'name': 'Fabian Beck', 's2_id': None, 'orcid': 'https://orcid.org/0000-0003-4042-3043', 'raw_name': 'F. Beck'}"
24,24,research_reviewer_main,2025-06-23 21:25:43,raw_ref_to_json.py,"{'key': 'author-29', 'name': 'Siming Chen', 's2_id': None, 'orcid': 'https://orcid.org/0000-0002-2690-3588', 'raw_name': 'S. Chen'}"
24,24,research_reviewer_main,2025-06-23 21:25:43,raw_ref_to_json.py,"{'key': 'author-30', 'name': 'Yafeng Lu', 's2_id': None, 'orcid': 'https://orcid.org/0000-0002-3978-9550', 'raw_name': 'Y. Lu'}"
24,24,research_reviewer_main,2025-06-23 21:25:43,raw_ref_to_json.py,"{'key': 'author-31', 'name': 'Rolando Garcia', 's2_id': None, 'orcid': None, 'raw_name': 'R. Garcia'}"
24,24,research_reviewer_main,2025-06-23 21:25:43,raw_ref_to_json.py,"{'key': 'author-32', 'name': 'Brett Hansen', 's2_id': None, 'orcid': None, 'raw_name': 'B. Hansen'}"
24,24,research_reviewer_main,2025-06-23 21:25:43,raw_ref_to_json.py,"{'key': 'author-33', 'name': 'Michael Gleicher', 's2_id': None, 'orcid': 'https://orcid.org/0000-0003-3295-4071', 'raw_name': 'M. Gleicher'}"
24,24,research_reviewer_main,2025-06-23 21:25:43,raw_ref_to_json.py,"{'key': 'author-34', 'name': 'Ross Maciejewski', 's2_id': None, 'orcid': 'https://orcid.org/0000-0001-8803-6355', 'raw_name': 'R. Maciejewski'}"
24,24,research_reviewer_main,2025-06-23 21:25:43,raw_ref_to_json.py,"{'key': 'author-35', 'name': 'Ming Yao', 's2_id': None, 'orcid': 'https://orcid.org/0000-0002-6377-6063', 'raw_name': 'Y. Ming'}"
24,24,research_reviewer_main,2025-06-23 21:25:43,raw_ref_to_json.py,"{'key': 'author-36', 'name': 'Huamin Qu', 's2_id': None, 'orcid': 'https://orcid.org/0000-0002-3344-9694', 'raw_name': 'H. Qu'}"
24,24,research_reviewer_main,2025-06-23 21:25:43,raw_ref_to_json.py,"{'key': 'author-37', 'name': 'Enrico Bertini', 's2_id': None, 'orcid': 'https://orcid.org/0000-0002-9932-0551', 'raw_name': 'E. Bertini'}"
24,24,research_reviewer_main,2025-06-23 21:25:43,raw_ref_to_json.py,"{'key': 'author-38', 'name': 'Thomas Mühlbacher', 's2_id': None, 'orcid': None, 'raw_name': 'T. Muhlbacher'}"
24,24,research_reviewer_main,2025-06-23 21:25:43,raw_ref_to_json.py,"{'key': 'author-39', 'name': 'Harald Piringer', 's2_id': None, 'orcid': None, 'raw_name': 'H. Piringer'}"
24,24,research_reviewer_main,2025-06-23 21:25:43,raw_ref_to_json.py,"{'key': 'author-40', 'name': 'Donghao Ren', 's2_id': None, 'orcid': 'https://orcid.org/0000-0001-8666-7241', 'raw_name': 'D. Ren'}"
24,24,research_reviewer_main,2025-06-23 21:25:43,raw_ref_to_json.py,"{'key': 'author-41', 'name': 'Matthew Brehmer', 's2_id': None, 'orcid': 'https://orcid.org/0000-0001-5524-2291', 'raw_name': 'M. Brehmer'}"
24,24,research_reviewer_main,2025-06-23 21:25:43,raw_ref_to_json.py,"{'key': 'author-42', 'name': 'Bongshin Lee', 's2_id': None, 'orcid': 'https://orcid.org/0000-0002-4217-627X', 'raw_name': 'B. Lee'}"
24,24,research_reviewer_main,2025-06-23 21:25:43,raw_ref_to_json.py,"{'key': 'author-43', 'name': 'Tobias Höllerer', 's2_id': None, 'orcid': 'https://orcid.org/0000-0002-6240-0291', 'raw_name': 'T. Hollerer'}"
24,24,research_reviewer_main,2025-06-23 21:25:43,raw_ref_to_json.py,"{'key': 'author-44', 'name': 'Eun Kyoung Choe', 's2_id': None, 'orcid': 'https://orcid.org/0000-0001-5038-8320', 'raw_name': 'E. K. Choe'}"
24,24,research_reviewer_main,2025-06-23 21:25:43,raw_ref_to_json.py,"{'key': 'author-45', 'name': 'Arvind Satyanarayan', 's2_id': None, 'orcid': 'https://orcid.org/0000-0001-5564-635X', 'raw_name': 'A. Satyanarayan'}"
24,24,research_reviewer_main,2025-06-23 21:25:43,raw_ref_to_json.py,"{'key': 'author-46', 'name': 'Jeffrey Heer', 's2_id': None, 'orcid': 'https://orcid.org/0000-0002-6175-1655', 'raw_name': 'J. Heer'}"
24,24,research_reviewer_main,2025-06-23 21:25:43,raw_ref_to_json.py,"{'key': 'author-47', 'name': 'Michael Sedlmair', 's2_id': None, 'orcid': 'https://orcid.org/0000-0001-7048-9292', 'raw_name': 'M. Sedlmair'}"
24,24,research_reviewer_main,2025-06-23 21:25:43,raw_ref_to_json.py,"{'key': 'author-48', 'name': 'Christoph Heinzl', 's2_id': None, 'orcid': 'https://orcid.org/0000-0002-3173-8871', 'raw_name': 'C. Heinzl'}"
24,24,research_reviewer_main,2025-06-23 21:25:43,raw_ref_to_json.py,"{'key': 'author-49', 'name': 'Stefan Brückner', 's2_id': None, 'orcid': 'https://orcid.org/0000-0002-0885-8402', 'raw_name': 'S. Bruckner'}"
24,24,research_reviewer_main,2025-06-23 21:25:43,raw_ref_to_json.py,"{'key': 'author-50', 'name': 'Torsten Möller', 's2_id': None, 'orcid': 'https://orcid.org/0000-0003-1192-0710', 'raw_name': 'T. Moller'}"
24,24,research_reviewer_main,2025-06-23 21:25:43,raw_ref_to_json.py,"{'key': 'author-51', 'name': 'Edward Segel', 's2_id': None, 'orcid': None, 'raw_name': 'E. Segel'}"
24,24,research_reviewer_main,2025-06-23 21:25:43,raw_ref_to_json.py,"{'key': 'author-52', 'name': 'Luke Skywalker', 's2_id': None, 'orcid': None, 'raw_name': 'Luke Skywalker'}"
24,24,research_reviewer_main,2025-06-23 21:25:43,raw_ref_to_json.py,"{'key': 'author-53', 'name': 'Obi-Wan Kenobi', 's2_id': None, 'orcid': None, 'raw_name': 'Obi-Wan Kenobi'}"
24,24,research_reviewer_main,2025-06-23 21:25:43,raw_ref_to_json.py,"{'key': 'author-54', 'name': 'Dirk Smeesters', 's2_id': None, 'orcid': None, 'raw_name': 'Dirk Smeesters'}"
24,24,research_reviewer_main,2025-06-23 21:25:43,raw_ref_to_json.py,"{'key': 'author-55', 'name': 'Jia Liu', 's2_id': None, 'orcid': 'https://orcid.org/0000-0003-0383-0934', 'raw_name': 'Jia Liu'}"
24,24,research_reviewer_main,2025-06-23 21:25:43,raw_ref_to_json.py,"{'key': 'author-56', 'name': 'Han Solo', 's2_id': None, 'orcid': None, 'raw_name': 'Han Solo'}"
24,24,research_reviewer_main,2025-06-23 21:25:43,raw_ref_to_json.py,"{'key': 'author-57', 'name': 'Leia Organa', 's2_id': None, 'orcid': None, 'raw_name': 'Leia Organa'}"
24,24,research_reviewer_main,2025-06-23 21:25:43,raw_ref_to_json.py,"{'key': 'author-58', 'name': 'Arjun Srinivasan', 's2_id': None, 'orcid': 'https://orcid.org/0000-0001-8901-1256', 'raw_name': 'A. Srinivasan'}"
24,24,research_reviewer_main,2025-06-23 21:25:43,raw_ref_to_json.py,"{'key': 'author-59', 'name': 'Steven M. Drucker', 's2_id': None, 'orcid': 'https://orcid.org/0000-0002-5022-9343', 'raw_name': 'S. M. Drucker'}"
24,24,research_reviewer_main,2025-06-23 21:25:43,raw_ref_to_json.py,"{'key': 'author-60', 'name': 'Alex Endert', 's2_id': None, 'orcid': 'https://orcid.org/0000-0002-6914-610X', 'raw_name': 'A. Endert'}"
24,24,research_reviewer_main,2025-06-23 21:25:43,raw_ref_to_json.py,"{'key': 'author-61', 'name': 'John Stasko', 's2_id': None, 'orcid': 'https://orcid.org/0000-0003-4129-7659', 'raw_name': 'J. Stasko'}"
24,24,research_reviewer_main,2025-06-23 21:25:43,raw_ref_to_json.py,"{'key': 'author-62', 'name': 'Masahiro Takatsuka', 's2_id': None, 'orcid': 'https://orcid.org/0000-0002-1769-9642', 'raw_name': 'M. Takatsuka'}"
24,24,research_reviewer_main,2025-06-23 21:25:43,raw_ref_to_json.py,"{'key': 'author-63', 'name': 'Mark Gahegan', 's2_id': None, 'orcid': 'https://orcid.org/0000-0001-7209-8156', 'raw_name': 'M. Gahegan'}"
25,25,research_reviewer_main,2025-06-23 21:25:43,raw_ref_to_json.py,"{'key': 'author-1', 'name': 'Chris Brunsdon', 's2_id': None, 'orcid': 'https://orcid.org/0000-0003-4254-1780', 'raw_name': 'C. Brunsdon'}"
25,25,research_reviewer_main,2025-06-23 21:25:43,raw_ref_to_json.py,"{'key': 'author-2', 'name': 'A. Stewart Fotheringham', 's2_id': None, 'orcid': 'https://orcid.org/0000-0002-0407-1901', 'raw_name': 'A. S. Fotheringham'}"
25,25,research_reviewer_main,2025-06-23 21:25:43,raw_ref_to_json.py,"{'key': 'author-3', 'name': 'Martin Charlton', 's2_id': None, 'orcid': 'https://orcid.org/0000-0002-0622-393X', 'raw_name': 'M. E. Charlton'}"
25,25,research_reviewer_main,2025-06-23 21:25:43,raw_ref_to_json.py,"{'key': 'author-4', 'name': 'Wenbai Yang', 's2_id': None, 'orcid': 'https://orcid.org/0000-0003-3293-8389', 'raw_name': 'W. Yang'}"
25,25,research_reviewer_main,2025-06-23 21:25:43,raw_ref_to_json.py,"{'key': 'author-5', 'name': 'Wei Kang', 's2_id': None, 'orcid': 'https://orcid.org/0000-0002-1073-7781', 'raw_name': 'W. Kang'}"
25,25,research_reviewer_main,2025-06-23 21:25:43,raw_ref_to_json.py,"{'key': 'author-6', 'name': 'T. Gao', 's2_id': None, 'orcid': None, 'raw_name': 'T. Gao'}"
25,25,research_reviewer_main,2025-06-23 21:25:43,raw_ref_to_json.py,"{'key': 'author-7', 'name': 'J. Hullman', 's2_id': None, 'orcid': None, 'raw_name': 'J. Hullman'}"
25,25,research_reviewer_main,2025-06-23 21:25:43,raw_ref_to_json.py,"{'key': 'author-8', 'name': 'E. Adar', 's2_id': None, 'orcid': None, 'raw_name': 'E. Adar'}"
25,25,research_reviewer_main,2025-06-23 21:25:43,raw_ref_to_json.py,"{'key': 'author-9', 'name': 'B. Hecht', 's2_id': None, 'orcid': None, 'raw_name': 'B. Hecht'}"
25,25,research_reviewer_main,2025-06-23 21:25:43,raw_ref_to_json.py,"{'key': 'author-10', 'name': 'N. Diakopoulos', 's2_id': None, 'orcid': None, 'raw_name': 'N. Diakopoulos'}"
25,25,research_reviewer_main,2025-06-23 21:25:43,raw_ref_to_json.py,"{'key': 'author-11', 'name': 'Sarah Goodwin', 's2_id': None, 'orcid': 'https://orcid.org/0000-0001-8894-8282', 'raw_name': 'S. Goodwin'}"
25,25,research_reviewer_main,2025-06-23 21:25:43,raw_ref_to_json.py,"{'key': 'author-12', 'name': 'Jason Dykes', 's2_id': None, 'orcid': 'https://orcid.org/0000-0002-8096-5763', 'raw_name': 'J. Dykes'}"
25,25,research_reviewer_main,2025-06-23 21:25:43,raw_ref_to_json.py,"{'key': 'author-13', 'name': 'Aidan Slingsby', 's2_id': None, 'orcid': 'https://orcid.org/0000-0003-3941-553X', 'raw_name': 'A. Slingsby'}"
25,25,research_reviewer_main,2025-06-23 21:25:43,raw_ref_to_json.py,"{'key': 'author-14', 'name': 'Çağatay Turkay', 's2_id': None, 'orcid': 'https://orcid.org/0000-0001-6788-251X', 'raw_name': 'C. Turkay'}"
25,25,research_reviewer_main,2025-06-23 21:25:43,raw_ref_to_json.py,"{'key': 'author-15', 'name': 'Jabba Hutt', 's2_id': None, 'orcid': None, 'raw_name': 'Jabba Hutt'}"
25,25,research_reviewer_main,2025-06-23 21:25:43,raw_ref_to_json.py,"{'key': 'author-16', 'name': 'Robert Kosara', 's2_id': None, 'orcid': 'https://orcid.org/0000-0002-1178-4029', 'raw_name': 'R. Kosara'}"
25,25,research_reviewer_main,2025-06-23 21:25:43,raw_ref_to_json.py,"{'key': 'author-17', 'name': 'Jock D. Mackinlay', 's2_id': None, 'orcid': None, 'raw_name': 'J. Mackinlay'}"
25,25,research_reviewer_main,2025-06-23 21:25:43,raw_ref_to_json.py,"{'key': 'author-18', 'name': 'J. Krause', 's2_id': None, 'orcid': None, 'raw_name': 'J. Krause'}"
25,25,research_reviewer_main,2025-06-23 21:25:43,raw_ref_to_json.py,"{'key': 'author-19', 'name': 'A. Perer', 's2_id': None, 'orcid': None, 'raw_name': 'A. Perer'}"
25,25,research_reviewer_main,2025-06-23 21:25:43,raw_ref_to_json.py,"{'key': 'author-20', 'name': 'K. Ng', 's2_id': None, 'orcid': None, 'raw_name': 'K. Ng'}"
25,25,research_reviewer_main,2025-06-23 21:25:43,raw_ref_to_json.py,"{'key': 'author-21', 'name': 'Chufan Lai', 's2_id': None, 'orcid': 'https://orcid.org/0009-0002-2880-7335', 'raw_name': 'C. Lai'}"
25,25,research_reviewer_main,2025-06-23 21:25:43,raw_ref_to_json.py,"{'key': 'author-22', 'name': 'Zhixian Lin', 's2_id': None, 'orcid': None, 'raw_name': 'Z. Lin'}"
25,25,research_reviewer_main,2025-06-23 21:25:43,raw_ref_to_json.py,"{'key': 'author-23', 'name': 'Ruike Jiang', 's2_id': None, 'orcid': 'https://orcid.org/0000-0002-5001-5310', 'raw_name': 'R. Jiang'}"
25,25,research_reviewer_main,2025-06-23 21:25:43,raw_ref_to_json.py,"{'key': 'author-24', 'name': 'Yun Han', 's2_id': None, 'orcid': 'https://orcid.org/0000-0003-1410-8090', 'raw_name': 'Y. Han'}"
25,25,research_reviewer_main,2025-06-23 21:25:43,raw_ref_to_json.py,"{'key': 'author-25', 'name': 'Can Liu', 's2_id': None, 'orcid': 'https://orcid.org/0000-0002-1175-0734', 'raw_name': 'C. Liu'}"
25,25,research_reviewer_main,2025-06-23 21:25:43,raw_ref_to_json.py,"{'key': 'author-26', 'name': 'Xiaoru Yuan', 's2_id': None, 'orcid': 'https://orcid.org/0000-0002-7233-980X', 'raw_name': 'X. Yuan'}"
25,25,research_reviewer_main,2025-06-23 21:25:43,raw_ref_to_json.py,"{'key': 'author-27', 'name': 'Shahid Latif', 's2_id': None, 'orcid': 'https://orcid.org/0000-0003-2060-5122', 'raw_name': 'S. Latif'}"
25,25,research_reviewer_main,2025-06-23 21:25:43,raw_ref_to_json.py,"{'key': 'author-28', 'name': 'Fabian Beck', 's2_id': None, 'orcid': 'https://orcid.org/0000-0003-4042-3043', 'raw_name': 'F. Beck'}"
25,25,research_reviewer_main,2025-06-23 21:25:43,raw_ref_to_json.py,"{'key': 'author-29', 'name': 'Siming Chen', 's2_id': None, 'orcid': 'https://orcid.org/0000-0002-2690-3588', 'raw_name': 'S. Chen'}"
25,25,research_reviewer_main,2025-06-23 21:25:43,raw_ref_to_json.py,"{'key': 'author-30', 'name': 'Yafeng Lu', 's2_id': None, 'orcid': 'https://orcid.org/0000-0002-3978-9550', 'raw_name': 'Y. Lu'}"
25,25,research_reviewer_main,2025-06-23 21:25:43,raw_ref_to_json.py,"{'key': 'author-31', 'name': 'Rolando Garcia', 's2_id': None, 'orcid': None, 'raw_name': 'R. Garcia'}"
25,25,research_reviewer_main,2025-06-23 21:25:43,raw_ref_to_json.py,"{'key': 'author-32', 'name': 'Brett Hansen', 's2_id': None, 'orcid': None, 'raw_name': 'B. Hansen'}"
25,25,research_reviewer_main,2025-06-23 21:25:43,raw_ref_to_json.py,"{'key': 'author-33', 'name': 'Michael Gleicher', 's2_id': None, 'orcid': 'https://orcid.org/0000-0003-3295-4071', 'raw_name': 'M. Gleicher'}"
25,25,research_reviewer_main,2025-06-23 21:25:43,raw_ref_to_json.py,"{'key': 'author-34', 'name': 'Ross Maciejewski', 's2_id': None, 'orcid': 'https://orcid.org/0000-0001-8803-6355', 'raw_name': 'R. Maciejewski'}"
25,25,research_reviewer_main,2025-06-23 21:25:43,raw_ref_to_json.py,"{'key': 'author-35', 'name': 'Ming Yao', 's2_id': None, 'orcid': 'https://orcid.org/0000-0002-6377-6063', 'raw_name': 'Y. Ming'}"
25,25,research_reviewer_main,2025-06-23 21:25:43,raw_ref_to_json.py,"{'key': 'author-36', 'name': 'Huamin Qu', 's2_id': None, 'orcid': 'https://orcid.org/0000-0002-3344-9694', 'raw_name': 'H. Qu'}"
25,25,research_reviewer_main,2025-06-23 21:25:43,raw_ref_to_json.py,"{'key': 'author-37', 'name': 'Enrico Bertini', 's2_id': None, 'orcid': 'https://orcid.org/0000-0002-9932-0551', 'raw_name': 'E. Bertini'}"
25,25,research_reviewer_main,2025-06-23 21:25:43,raw_ref_to_json.py,"{'key': 'author-38', 'name': 'Thomas Mühlbacher', 's2_id': None, 'orcid': None, 'raw_name': 'T. Muhlbacher'}"
25,25,research_reviewer_main,2025-06-23 21:25:43,raw_ref_to_json.py,"{'key': 'author-39', 'name': 'Harald Piringer', 's2_id': None, 'orcid': None, 'raw_name': 'H. Piringer'}"
25,25,research_reviewer_main,2025-06-23 21:25:43,raw_ref_to_json.py,"{'key': 'author-40', 'name': 'Donghao Ren', 's2_id': None, 'orcid': 'https://orcid.org/0000-0001-8666-7241', 'raw_name': 'D. Ren'}"
25,25,research_reviewer_main,2025-06-23 21:25:43,raw_ref_to_json.py,"{'key': 'author-41', 'name': 'Matthew Brehmer', 's2_id': None, 'orcid': 'https://orcid.org/0000-0001-5524-2291', 'raw_name': 'M. Brehmer'}"
25,25,research_reviewer_main,2025-06-23 21:25:43,raw_ref_to_json.py,"{'key': 'author-42', 'name': 'Bongshin Lee', 's2_id': None, 'orcid': 'https://orcid.org/0000-0002-4217-627X', 'raw_name': 'B. Lee'}"
25,25,research_reviewer_main,2025-06-23 21:25:43,raw_ref_to_json.py,"{'key': 'author-43', 'name': 'Tobias Höllerer', 's2_id': None, 'orcid': 'https://orcid.org/0000-0002-6240-0291', 'raw_name': 'T. Hollerer'}"
25,25,research_reviewer_main,2025-06-23 21:25:43,raw_ref_to_json.py,"{'key': 'author-44', 'name': 'Eun Kyoung Choe', 's2_id': None, 'orcid': 'https://orcid.org/0000-0001-5038-8320', 'raw_name': 'E. K. Choe'}"
25,25,research_reviewer_main,2025-06-23 21:25:43,raw_ref_to_json.py,"{'key': 'author-45', 'name': 'Arvind Satyanarayan', 's2_id': None, 'orcid': 'https://orcid.org/0000-0001-5564-635X', 'raw_name': 'A. Satyanarayan'}"
25,25,research_reviewer_main,2025-06-23 21:25:43,raw_ref_to_json.py,"{'key': 'author-46', 'name': 'Jeffrey Heer', 's2_id': None, 'orcid': 'https://orcid.org/0000-0002-6175-1655', 'raw_name': 'J. Heer'}"
25,25,research_reviewer_main,2025-06-23 21:25:43,raw_ref_to_json.py,"{'key': 'author-47', 'name': 'Michael Sedlmair', 's2_id': None, 'orcid': 'https://orcid.org/0000-0001-7048-9292', 'raw_name': 'M. Sedlmair'}"
25,25,research_reviewer_main,2025-06-23 21:25:43,raw_ref_to_json.py,"{'key': 'author-48', 'name': 'Christoph Heinzl', 's2_id': None, 'orcid': 'https://orcid.org/0000-0002-3173-8871', 'raw_name': 'C. Heinzl'}"
25,25,research_reviewer_main,2025-06-23 21:25:43,raw_ref_to_json.py,"{'key': 'author-49', 'name': 'Stefan Brückner', 's2_id': None, 'orcid': 'https://orcid.org/0000-0002-0885-8402', 'raw_name': 'S. Bruckner'}"
25,25,research_reviewer_main,2025-06-23 21:25:43,raw_ref_to_json.py,"{'key': 'author-50', 'name': 'Torsten Möller', 's2_id': None, 'orcid': 'https://orcid.org/0000-0003-1192-0710', 'raw_name': 'T. Moller'}"
25,25,research_reviewer_main,2025-06-23 21:25:43,raw_ref_to_json.py,"{'key': 'author-51', 'name': 'Edward Segel', 's2_id': None, 'orcid': None, 'raw_name': 'E. Segel'}"
25,25,research_reviewer_main,2025-06-23 21:25:43,raw_ref_to_json.py,"{'key': 'author-52', 'name': 'Luke Skywalker', 's2_id': None, 'orcid': None, 'raw_name': 'Luke Skywalker'}"
25,25,research_reviewer_main,2025-06-23 21:25:43,raw_ref_to_json.py,"{'key': 'author-53', 'name': 'Obi-Wan Kenobi', 's2_id': None, 'orcid': None, 'raw_name': 'Obi-Wan Kenobi'}"
25,25,research_reviewer_main,2025-06-23 21:25:43,raw_ref_to_json.py,"{'key': 'author-54', 'name': 'Dirk Smeesters', 's2_id': None, 'orcid': None, 'raw_name': 'Dirk Smeesters'}"
25,25,research_reviewer_main,2025-06-23 21:25:43,raw_ref_to_json.py,"{'key': 'author-55', 'name': 'Jia Liu', 's2_id': None, 'orcid': 'https://orcid.org/0000-0003-0383-0934', 'raw_name': 'Jia Liu'}"
25,25,research_reviewer_main,2025-06-23 21:25:43,raw_ref_to_json.py,"{'key': 'author-56', 'name': 'Han Solo', 's2_id': None, 'orcid': None, 'raw_name': 'Han Solo'}"
25,25,research_reviewer_main,2025-06-23 21:25:43,raw_ref_to_json.py,"{'key': 'author-57', 'name': 'Leia Organa', 's2_id': None, 'orcid': None, 'raw_name': 'Leia Organa'}"
25,25,research_reviewer_main,2025-06-23 21:25:43,raw_ref_to_json.py,"{'key': 'author-58', 'name': 'Arjun Srinivasan', 's2_id': None, 'orcid': 'https://orcid.org/0000-0001-8901-1256', 'raw_name': 'A. Srinivasan'}"
25,25,research_reviewer_main,2025-06-23 21:25:43,raw_ref_to_json.py,"{'key': 'author-59', 'name': 'Steven M. Drucker', 's2_id': None, 'orcid': 'https://orcid.org/0000-0002-5022-9343', 'raw_name': 'S. M. Drucker'}"
25,25,research_reviewer_main,2025-06-23 21:25:43,raw_ref_to_json.py,"{'key': 'author-60', 'name': 'Alex Endert', 's2_id': None, 'orcid': 'https://orcid.org/0000-0002-6914-610X', 'raw_name': 'A. Endert'}"
25,25,research_reviewer_main,2025-06-23 21:25:43,raw_ref_to_json.py,"{'key': 'author-61', 'name': 'John Stasko', 's2_id': None, 'orcid': 'https://orcid.org/0000-0003-4129-7659', 'raw_name': 'J. Stasko'}"
25,25,research_reviewer_main,2025-06-23 21:25:43,raw_ref_to_json.py,"{'key': 'author-62', 'name': 'Masahiro Takatsuka', 's2_id': None, 'orcid': 'https://orcid.org/0000-0002-1769-9642', 'raw_name': 'M. Takatsuka'}"
25,25,research_reviewer_main,2025-06-23 21:25:43,raw_ref_to_json.py,"{'key': 'author-63', 'name': 'Mark Gahegan', 's2_id': None, 'orcid': 'https://orcid.org/0000-0001-7209-8156', 'raw_name': 'M. Gahegan'}"
25,25,research_reviewer_main,2025-06-23 21:25:43,raw_ref_to_json.py,"{'key': 'author-64', 'name': 'J. Talbot', 's2_id': None, 'orcid': None, 'raw_name': 'J. Talbot'}"
25,25,research_reviewer_main,2025-06-23 21:25:43,raw_ref_to_json.py,"{'key': 'author-65', 'name': 'A. Kapoor', 's2_id': None, 'orcid': None, 'raw_name': 'A. Kapoor'}"
25,25,research_reviewer_main,2025-06-23 21:25:43,raw_ref_to_json.py,"{'key': 'author-66', 'name': 'D. S. Tan', 's2_id': None, 'orcid': None, 'raw_name': 'D. S. Tan'}"
1,1,research_reviewer_main,2025-06-24 18:45:49,raw_ref_to_json.py,"{'key': 'author-1', 'name': 'Chris Brunsdon', 's2_id': None, 'orcid': 'https://orcid.org/0000-0003-4254-1780', 'raw_name': 'C. Brunsdon'}"
1,1,research_reviewer_main,2025-06-24 18:45:49,raw_ref_to_json.py,"{'key': 'author-2', 'name': 'A. Stewart Fotheringham', 's2_id': None, 'orcid': 'https://orcid.org/0000-0002-0407-1901', 'raw_name': 'A. S. Fotheringham'}"
1,1,research_reviewer_main,2025-06-24 18:45:49,raw_ref_to_json.py,"{'key': 'author-3', 'name': 'Martin Charlton', 's2_id': None, 'orcid': 'https://orcid.org/0000-0002-0622-393X', 'raw_name': 'M. E. Charlton'}"
2,2,research_reviewer_main,2025-06-24 18:45:49,raw_ref_to_json.py,"{'key': 'author-1', 'name': 'Chris Brunsdon', 's2_id': None, 'orcid': 'https://orcid.org/0000-0003-4254-1780', 'raw_name': 'C. Brunsdon'}"
2,2,research_reviewer_main,2025-06-24 18:45:49,raw_ref_to_json.py,"{'key': 'author-2', 'name': 'A. Stewart Fotheringham', 's2_id': None, 'orcid': 'https://orcid.org/0000-0002-0407-1901', 'raw_name': 'A. S. Fotheringham'}"
2,2,research_reviewer_main,2025-06-24 18:45:49,raw_ref_to_json.py,"{'key': 'author-3', 'name': 'Martin Charlton', 's2_id': None, 'orcid': 'https://orcid.org/0000-0002-0622-393X', 'raw_name': 'M. E. Charlton'}"
2,2,research_reviewer_main,2025-06-24 18:45:49,raw_ref_to_json.py,"{'key': 'author-4', 'name': 'Wenbai Yang', 's2_id': None, 'orcid': 'https://orcid.org/0000-0003-3293-8389', 'raw_name': 'W. Yang'}"
2,2,research_reviewer_main,2025-06-24 18:45:49,raw_ref_to_json.py,"{'key': 'author-5', 'name': 'Wei Kang', 's2_id': None, 'orcid': 'https://orcid.org/0000-0002-1073-7781', 'raw_name': 'W. Kang'}"
3,3,research_reviewer_main,2025-06-24 18:45:49,raw_ref_to_json.py,"{'key': 'author-1', 'name': 'Chris Brunsdon', 's2_id': None, 'orcid': 'https://orcid.org/0000-0003-4254-1780', 'raw_name': 'C. Brunsdon'}"
3,3,research_reviewer_main,2025-06-24 18:45:49,raw_ref_to_json.py,"{'key': 'author-2', 'name': 'A. Stewart Fotheringham', 's2_id': None, 'orcid': 'https://orcid.org/0000-0002-0407-1901', 'raw_name': 'A. S. Fotheringham'}"
3,3,research_reviewer_main,2025-06-24 18:45:49,raw_ref_to_json.py,"{'key': 'author-3', 'name': 'Martin Charlton', 's2_id': None, 'orcid': 'https://orcid.org/0000-0002-0622-393X', 'raw_name': 'M. E. Charlton'}"
3,3,research_reviewer_main,2025-06-24 18:45:49,raw_ref_to_json.py,"{'key': 'author-4', 'name': 'Wenbai Yang', 's2_id': None, 'orcid': 'https://orcid.org/0000-0003-3293-8389', 'raw_name': 'W. Yang'}"
3,3,research_reviewer_main,2025-06-24 18:45:49,raw_ref_to_json.py,"{'key': 'author-5', 'name': 'Wei Kang', 's2_id': None, 'orcid': 'https://orcid.org/0000-0002-1073-7781', 'raw_name': 'W. Kang'}"
3,3,research_reviewer_main,2025-06-24 18:45:49,raw_ref_to_json.py,"{'key': 'author-6', 'name': 'T. Gao', 's2_id': None, 'orcid': None, 'raw_name': 'T. Gao'}"
3,3,research_reviewer_main,2025-06-24 18:45:49,raw_ref_to_json.py,"{'key': 'author-7', 'name': 'J. Hullman', 's2_id': None, 'orcid': None, 'raw_name': 'J. Hullman'}"
3,3,research_reviewer_main,2025-06-24 18:45:49,raw_ref_to_json.py,"{'key': 'author-8', 'name': 'E. Adar', 's2_id': None, 'orcid': None, 'raw_name': 'E. Adar'}"
3,3,research_reviewer_main,2025-06-24 18:45:49,raw_ref_to_json.py,"{'key': 'author-9', 'name': 'B. Hecht', 's2_id': None, 'orcid': None, 'raw_name': 'B. Hecht'}"
3,3,research_reviewer_main,2025-06-24 18:45:49,raw_ref_to_json.py,"{'key': 'author-10', 'name': 'N. Diakopoulos', 's2_id': None, 'orcid': None, 'raw_name': 'N. Diakopoulos'}"
4,4,research_reviewer_main,2025-06-24 18:45:49,raw_ref_to_json.py,"{'key': 'author-1', 'name': 'Chris Brunsdon', 's2_id': None, 'orcid': 'https://orcid.org/0000-0003-4254-1780', 'raw_name': 'C. Brunsdon'}"
4,4,research_reviewer_main,2025-06-24 18:45:49,raw_ref_to_json.py,"{'key': 'author-2', 'name': 'A. Stewart Fotheringham', 's2_id': None, 'orcid': 'https://orcid.org/0000-0002-0407-1901', 'raw_name': 'A. S. Fotheringham'}"
4,4,research_reviewer_main,2025-06-24 18:45:49,raw_ref_to_json.py,"{'key': 'author-3', 'name': 'Martin Charlton', 's2_id': None, 'orcid': 'https://orcid.org/0000-0002-0622-393X', 'raw_name': 'M. E. Charlton'}"
4,4,research_reviewer_main,2025-06-24 18:45:49,raw_ref_to_json.py,"{'key': 'author-4', 'name': 'Wenbai Yang', 's2_id': None, 'orcid': 'https://orcid.org/0000-0003-3293-8389', 'raw_name': 'W. Yang'}"
4,4,research_reviewer_main,2025-06-24 18:45:49,raw_ref_to_json.py,"{'key': 'author-5', 'name': 'Wei Kang', 's2_id': None, 'orcid': 'https://orcid.org/0000-0002-1073-7781', 'raw_name': 'W. Kang'}"
4,4,research_reviewer_main,2025-06-24 18:45:49,raw_ref_to_json.py,"{'key': 'author-6', 'name': 'T. Gao', 's2_id': None, 'orcid': None, 'raw_name': 'T. Gao'}"
4,4,research_reviewer_main,2025-06-24 18:45:49,raw_ref_to_json.py,"{'key': 'author-7', 'name': 'J. Hullman', 's2_id': None, 'orcid': None, 'raw_name': 'J. Hullman'}"
4,4,research_reviewer_main,2025-06-24 18:45:49,raw_ref_to_json.py,"{'key': 'author-8', 'name': 'E. Adar', 's2_id': None, 'orcid': None, 'raw_name': 'E. Adar'}"
4,4,research_reviewer_main,2025-06-24 18:45:49,raw_ref_to_json.py,"{'key': 'author-9', 'name': 'B. Hecht', 's2_id': None, 'orcid': None, 'raw_name': 'B. Hecht'}"
4,4,research_reviewer_main,2025-06-24 18:45:49,raw_ref_to_json.py,"{'key': 'author-10', 'name': 'N. Diakopoulos', 's2_id': None, 'orcid': None, 'raw_name': 'N. Diakopoulos'}"
4,4,research_reviewer_main,2025-06-24 18:45:49,raw_ref_to_json.py,"{'key': 'author-11', 'name': 'Sarah Goodwin', 's2_id': None, 'orcid': 'https://orcid.org/0000-0001-8894-8282', 'raw_name': 'S. Goodwin'}"
4,4,research_reviewer_main,2025-06-24 18:45:49,raw_ref_to_json.py,"{'key': 'author-12', 'name': 'Jason Dykes', 's2_id': None, 'orcid': 'https://orcid.org/0000-0002-8096-5763', 'raw_name': 'J. Dykes'}"
4,4,research_reviewer_main,2025-06-24 18:45:49,raw_ref_to_json.py,"{'key': 'author-13', 'name': 'Aidan Slingsby', 's2_id': None, 'orcid': 'https://orcid.org/0000-0003-3941-553X', 'raw_name': 'A. Slingsby'}"
4,4,research_reviewer_main,2025-06-24 18:45:49,raw_ref_to_json.py,"{'key': 'author-14', 'name': 'Çağatay Turkay', 's2_id': None, 'orcid': 'https://orcid.org/0000-0001-6788-251X', 'raw_name': 'C. Turkay'}"
5,5,research_reviewer_main,2025-06-24 18:45:49,raw_ref_to_json.py,"{'key': 'author-1', 'name': 'Chris Brunsdon', 's2_id': None, 'orcid': 'https://orcid.org/0000-0003-4254-1780', 'raw_name': 'C. Brunsdon'}"
5,5,research_reviewer_main,2025-06-24 18:45:49,raw_ref_to_json.py,"{'key': 'author-2', 'name': 'A. Stewart Fotheringham', 's2_id': None, 'orcid': 'https://orcid.org/0000-0002-0407-1901', 'raw_name': 'A. S. Fotheringham'}"
5,5,research_reviewer_main,2025-06-24 18:45:49,raw_ref_to_json.py,"{'key': 'author-3', 'name': 'Martin Charlton', 's2_id': None, 'orcid': 'https://orcid.org/0000-0002-0622-393X', 'raw_name': 'M. E. Charlton'}"
5,5,research_reviewer_main,2025-06-24 18:45:49,raw_ref_to_json.py,"{'key': 'author-4', 'name': 'Wenbai Yang', 's2_id': None, 'orcid': 'https://orcid.org/0000-0003-3293-8389', 'raw_name': 'W. Yang'}"
5,5,research_reviewer_main,2025-06-24 18:45:49,raw_ref_to_json.py,"{'key': 'author-5', 'name': 'Wei Kang', 's2_id': None, 'orcid': 'https://orcid.org/0000-0002-1073-7781', 'raw_name': 'W. Kang'}"
5,5,research_reviewer_main,2025-06-24 18:45:49,raw_ref_to_json.py,"{'key': 'author-6', 'name': 'T. Gao', 's2_id': None, 'orcid': None, 'raw_name': 'T. Gao'}"
5,5,research_reviewer_main,2025-06-24 18:45:49,raw_ref_to_json.py,"{'key': 'author-7', 'name': 'J. Hullman', 's2_id': None, 'orcid': None, 'raw_name': 'J. Hullman'}"
5,5,research_reviewer_main,2025-06-24 18:45:49,raw_ref_to_json.py,"{'key': 'author-8', 'name': 'E. Adar', 's2_id': None, 'orcid': None, 'raw_name': 'E. Adar'}"
5,5,research_reviewer_main,2025-06-24 18:45:49,raw_ref_to_json.py,"{'key': 'author-9', 'name': 'B. Hecht', 's2_id': None, 'orcid': None, 'raw_name': 'B. Hecht'}"
5,5,research_reviewer_main,2025-06-24 18:45:49,raw_ref_to_json.py,"{'key': 'author-10', 'name': 'N. Diakopoulos', 's2_id': None, 'orcid': None, 'raw_name': 'N. Diakopoulos'}"
5,5,research_reviewer_main,2025-06-24 18:45:49,raw_ref_to_json.py,"{'key': 'author-11', 'name': 'Sarah Goodwin', 's2_id': None, 'orcid': 'https://orcid.org/0000-0001-8894-8282', 'raw_name': 'S. Goodwin'}"
5,5,research_reviewer_main,2025-06-24 18:45:49,raw_ref_to_json.py,"{'key': 'author-12', 'name': 'Jason Dykes', 's2_id': None, 'orcid': 'https://orcid.org/0000-0002-8096-5763', 'raw_name': 'J. Dykes'}"
5,5,research_reviewer_main,2025-06-24 18:45:49,raw_ref_to_json.py,"{'key': 'author-13', 'name': 'Aidan Slingsby', 's2_id': None, 'orcid': 'https://orcid.org/0000-0003-3941-553X', 'raw_name': 'A. Slingsby'}"
5,5,research_reviewer_main,2025-06-24 18:45:49,raw_ref_to_json.py,"{'key': 'author-14', 'name': 'Çağatay Turkay', 's2_id': None, 'orcid': 'https://orcid.org/0000-0001-6788-251X', 'raw_name': 'C. Turkay'}"
6,6,research_reviewer_main,2025-06-24 18:45:49,raw_ref_to_json.py,"{'key': 'author-1', 'name': 'Chris Brunsdon', 's2_id': None, 'orcid': 'https://orcid.org/0000-0003-4254-1780', 'raw_name': 'C. Brunsdon'}"
6,6,research_reviewer_main,2025-06-24 18:45:49,raw_ref_to_json.py,"{'key': 'author-2', 'name': 'A. Stewart Fotheringham', 's2_id': None, 'orcid': 'https://orcid.org/0000-0002-0407-1901', 'raw_name': 'A. S. Fotheringham'}"
6,6,research_reviewer_main,2025-06-24 18:45:49,raw_ref_to_json.py,"{'key': 'author-3', 'name': 'Martin Charlton', 's2_id': None, 'orcid': 'https://orcid.org/0000-0002-0622-393X', 'raw_name': 'M. E. Charlton'}"
6,6,research_reviewer_main,2025-06-24 18:45:49,raw_ref_to_json.py,"{'key': 'author-4', 'name': 'Wenbai Yang', 's2_id': None, 'orcid': 'https://orcid.org/0000-0003-3293-8389', 'raw_name': 'W. Yang'}"
6,6,research_reviewer_main,2025-06-24 18:45:49,raw_ref_to_json.py,"{'key': 'author-5', 'name': 'Wei Kang', 's2_id': None, 'orcid': 'https://orcid.org/0000-0002-1073-7781', 'raw_name': 'W. Kang'}"
6,6,research_reviewer_main,2025-06-24 18:45:49,raw_ref_to_json.py,"{'key': 'author-6', 'name': 'T. Gao', 's2_id': None, 'orcid': None, 'raw_name': 'T. Gao'}"
6,6,research_reviewer_main,2025-06-24 18:45:49,raw_ref_to_json.py,"{'key': 'author-7', 'name': 'J. Hullman', 's2_id': None, 'orcid': None, 'raw_name': 'J. Hullman'}"
6,6,research_reviewer_main,2025-06-24 18:45:49,raw_ref_to_json.py,"{'key': 'author-8', 'name': 'E. Adar', 's2_id': None, 'orcid': None, 'raw_name': 'E. Adar'}"
6,6,research_reviewer_main,2025-06-24 18:45:49,raw_ref_to_json.py,"{'key': 'author-9', 'name': 'B. Hecht', 's2_id': None, 'orcid': None, 'raw_name': 'B. Hecht'}"
6,6,research_reviewer_main,2025-06-24 18:45:49,raw_ref_to_json.py,"{'key': 'author-10', 'name': 'N. Diakopoulos', 's2_id': None, 'orcid': None, 'raw_name': 'N. Diakopoulos'}"
6,6,research_reviewer_main,2025-06-24 18:45:49,raw_ref_to_json.py,"{'key': 'author-11', 'name': 'Sarah Goodwin', 's2_id': None, 'orcid': 'https://orcid.org/0000-0001-8894-8282', 'raw_name': 'S. Goodwin'}"
6,6,research_reviewer_main,2025-06-24 18:45:49,raw_ref_to_json.py,"{'key': 'author-12', 'name': 'Jason Dykes', 's2_id': None, 'orcid': 'https://orcid.org/0000-0002-8096-5763', 'raw_name': 'J. Dykes'}"
6,6,research_reviewer_main,2025-06-24 18:45:49,raw_ref_to_json.py,"{'key': 'author-13', 'name': 'Aidan Slingsby', 's2_id': None, 'orcid': 'https://orcid.org/0000-0003-3941-553X', 'raw_name': 'A. Slingsby'}"
6,6,research_reviewer_main,2025-06-24 18:45:49,raw_ref_to_json.py,"{'key': 'author-14', 'name': 'Çağatay Turkay', 's2_id': None, 'orcid': 'https://orcid.org/0000-0001-6788-251X', 'raw_name': 'C. Turkay'}"
6,6,research_reviewer_main,2025-06-24 18:45:49,raw_ref_to_json.py,"{'key': 'author-15', 'name': 'Jabba Hutt', 's2_id': None, 'orcid': None, 'raw_name': 'Jabba Hutt'}"
7,7,research_reviewer_main,2025-06-24 18:45:49,raw_ref_to_json.py,"{'key': 'author-1', 'name': 'Chris Brunsdon', 's2_id': None, 'orcid': 'https://orcid.org/0000-0003-4254-1780', 'raw_name': 'C. Brunsdon'}"
7,7,research_reviewer_main,2025-06-24 18:45:49,raw_ref_to_json.py,"{'key': 'author-2', 'name': 'A. Stewart Fotheringham', 's2_id': None, 'orcid': 'https://orcid.org/0000-0002-0407-1901', 'raw_name': 'A. S. Fotheringham'}"
7,7,research_reviewer_main,2025-06-24 18:45:49,raw_ref_to_json.py,"{'key': 'author-3', 'name': 'Martin Charlton', 's2_id': None, 'orcid': 'https://orcid.org/0000-0002-0622-393X', 'raw_name': 'M. E. Charlton'}"
7,7,research_reviewer_main,2025-06-24 18:45:49,raw_ref_to_json.py,"{'key': 'author-4', 'name': 'Wenbai Yang', 's2_id': None, 'orcid': 'https://orcid.org/0000-0003-3293-8389', 'raw_name': 'W. Yang'}"
7,7,research_reviewer_main,2025-06-24 18:45:49,raw_ref_to_json.py,"{'key': 'author-5', 'name': 'Wei Kang', 's2_id': None, 'orcid': 'https://orcid.org/0000-0002-1073-7781', 'raw_name': 'W. Kang'}"
7,7,research_reviewer_main,2025-06-24 18:45:49,raw_ref_to_json.py,"{'key': 'author-6', 'name': 'T. Gao', 's2_id': None, 'orcid': None, 'raw_name': 'T. Gao'}"
7,7,research_reviewer_main,2025-06-24 18:45:49,raw_ref_to_json.py,"{'key': 'author-7', 'name': 'J. Hullman', 's2_id': None, 'orcid': None, 'raw_name': 'J. Hullman'}"
7,7,research_reviewer_main,2025-06-24 18:45:49,raw_ref_to_json.py,"{'key': 'author-8', 'name': 'E. Adar', 's2_id': None, 'orcid': None, 'raw_name': 'E. Adar'}"
7,7,research_reviewer_main,2025-06-24 18:45:49,raw_ref_to_json.py,"{'key': 'author-9', 'name': 'B. Hecht', 's2_id': None, 'orcid': None, 'raw_name': 'B. Hecht'}"
7,7,research_reviewer_main,2025-06-24 18:45:49,raw_ref_to_json.py,"{'key': 'author-10', 'name': 'N. Diakopoulos', 's2_id': None, 'orcid': None, 'raw_name': 'N. Diakopoulos'}"
7,7,research_reviewer_main,2025-06-24 18:45:49,raw_ref_to_json.py,"{'key': 'author-11', 'name': 'Sarah Goodwin', 's2_id': None, 'orcid': 'https://orcid.org/0000-0001-8894-8282', 'raw_name': 'S. Goodwin'}"
7,7,research_reviewer_main,2025-06-24 18:45:49,raw_ref_to_json.py,"{'key': 'author-12', 'name': 'Jason Dykes', 's2_id': None, 'orcid': 'https://orcid.org/0000-0002-8096-5763', 'raw_name': 'J. Dykes'}"
7,7,research_reviewer_main,2025-06-24 18:45:49,raw_ref_to_json.py,"{'key': 'author-13', 'name': 'Aidan Slingsby', 's2_id': None, 'orcid': 'https://orcid.org/0000-0003-3941-553X', 'raw_name': 'A. Slingsby'}"
7,7,research_reviewer_main,2025-06-24 18:45:49,raw_ref_to_json.py,"{'key': 'author-14', 'name': 'Çağatay Turkay', 's2_id': None, 'orcid': 'https://orcid.org/0000-0001-6788-251X', 'raw_name': 'C. Turkay'}"
7,7,research_reviewer_main,2025-06-24 18:45:49,raw_ref_to_json.py,"{'key': 'author-15', 'name': 'Jabba Hutt', 's2_id': None, 'orcid': None, 'raw_name': 'Jabba Hutt'}"
7,7,research_reviewer_main,2025-06-24 18:45:49,raw_ref_to_json.py,"{'key': 'author-16', 'name': 'Robert Kosara', 's2_id': None, 'orcid': 'https://orcid.org/0000-0002-1178-4029', 'raw_name': 'R. Kosara'}"
7,7,research_reviewer_main,2025-06-24 18:45:49,raw_ref_to_json.py,"{'key': 'author-17', 'name': 'Jock D. Mackinlay', 's2_id': None, 'orcid': None, 'raw_name': 'J. Mackinlay'}"
8,8,research_reviewer_main,2025-06-24 18:45:49,raw_ref_to_json.py,"{'key': 'author-1', 'name': 'Chris Brunsdon', 's2_id': None, 'orcid': 'https://orcid.org/0000-0003-4254-1780', 'raw_name': 'C. Brunsdon'}"
8,8,research_reviewer_main,2025-06-24 18:45:49,raw_ref_to_json.py,"{'key': 'author-2', 'name': 'A. Stewart Fotheringham', 's2_id': None, 'orcid': 'https://orcid.org/0000-0002-0407-1901', 'raw_name': 'A. S. Fotheringham'}"
8,8,research_reviewer_main,2025-06-24 18:45:49,raw_ref_to_json.py,"{'key': 'author-3', 'name': 'Martin Charlton', 's2_id': None, 'orcid': 'https://orcid.org/0000-0002-0622-393X', 'raw_name': 'M. E. Charlton'}"
8,8,research_reviewer_main,2025-06-24 18:45:49,raw_ref_to_json.py,"{'key': 'author-4', 'name': 'Wenbai Yang', 's2_id': None, 'orcid': 'https://orcid.org/0000-0003-3293-8389', 'raw_name': 'W. Yang'}"
8,8,research_reviewer_main,2025-06-24 18:45:49,raw_ref_to_json.py,"{'key': 'author-5', 'name': 'Wei Kang', 's2_id': None, 'orcid': 'https://orcid.org/0000-0002-1073-7781', 'raw_name': 'W. Kang'}"
8,8,research_reviewer_main,2025-06-24 18:45:49,raw_ref_to_json.py,"{'key': 'author-6', 'name': 'T. Gao', 's2_id': None, 'orcid': None, 'raw_name': 'T. Gao'}"
8,8,research_reviewer_main,2025-06-24 18:45:49,raw_ref_to_json.py,"{'key': 'author-7', 'name': 'J. Hullman', 's2_id': None, 'orcid': None, 'raw_name': 'J. Hullman'}"
8,8,research_reviewer_main,2025-06-24 18:45:49,raw_ref_to_json.py,"{'key': 'author-8', 'name': 'E. Adar', 's2_id': None, 'orcid': None, 'raw_name': 'E. Adar'}"
8,8,research_reviewer_main,2025-06-24 18:45:49,raw_ref_to_json.py,"{'key': 'author-9', 'name': 'B. Hecht', 's2_id': None, 'orcid': None, 'raw_name': 'B. Hecht'}"
8,8,research_reviewer_main,2025-06-24 18:45:49,raw_ref_to_json.py,"{'key': 'author-10', 'name': 'N. Diakopoulos', 's2_id': None, 'orcid': None, 'raw_name': 'N. Diakopoulos'}"
8,8,research_reviewer_main,2025-06-24 18:45:49,raw_ref_to_json.py,"{'key': 'author-11', 'name': 'Sarah Goodwin', 's2_id': None, 'orcid': 'https://orcid.org/0000-0001-8894-8282', 'raw_name': 'S. Goodwin'}"
8,8,research_reviewer_main,2025-06-24 18:45:49,raw_ref_to_json.py,"{'key': 'author-12', 'name': 'Jason Dykes', 's2_id': None, 'orcid': 'https://orcid.org/0000-0002-8096-5763', 'raw_name': 'J. Dykes'}"
8,8,research_reviewer_main,2025-06-24 18:45:49,raw_ref_to_json.py,"{'key': 'author-13', 'name': 'Aidan Slingsby', 's2_id': None, 'orcid': 'https://orcid.org/0000-0003-3941-553X', 'raw_name': 'A. Slingsby'}"
8,8,research_reviewer_main,2025-06-24 18:45:49,raw_ref_to_json.py,"{'key': 'author-14', 'name': 'Çağatay Turkay', 's2_id': None, 'orcid': 'https://orcid.org/0000-0001-6788-251X', 'raw_name': 'C. Turkay'}"
8,8,research_reviewer_main,2025-06-24 18:45:49,raw_ref_to_json.py,"{'key': 'author-15', 'name': 'Jabba Hutt', 's2_id': None, 'orcid': None, 'raw_name': 'Jabba Hutt'}"
8,8,research_reviewer_main,2025-06-24 18:45:49,raw_ref_to_json.py,"{'key': 'author-16', 'name': 'Robert Kosara', 's2_id': None, 'orcid': 'https://orcid.org/0000-0002-1178-4029', 'raw_name': 'R. Kosara'}"
8,8,research_reviewer_main,2025-06-24 18:45:49,raw_ref_to_json.py,"{'key': 'author-17', 'name': 'Jock D. Mackinlay', 's2_id': None, 'orcid': None, 'raw_name': 'J. Mackinlay'}"
8,8,research_reviewer_main,2025-06-24 18:45:49,raw_ref_to_json.py,"{'key': 'author-18', 'name': 'J. Krause', 's2_id': None, 'orcid': None, 'raw_name': 'J. Krause'}"
8,8,research_reviewer_main,2025-06-24 18:45:49,raw_ref_to_json.py,"{'key': 'author-19', 'name': 'A. Perer', 's2_id': None, 'orcid': None, 'raw_name': 'A. Perer'}"
8,8,research_reviewer_main,2025-06-24 18:45:49,raw_ref_to_json.py,"{'key': 'author-20', 'name': 'K. Ng', 's2_id': None, 'orcid': None, 'raw_name': 'K. Ng'}"
9,9,research_reviewer_main,2025-06-24 18:45:49,raw_ref_to_json.py,"{'key': 'author-1', 'name': 'Chris Brunsdon', 's2_id': None, 'orcid': 'https://orcid.org/0000-0003-4254-1780', 'raw_name': 'C. Brunsdon'}"
9,9,research_reviewer_main,2025-06-24 18:45:49,raw_ref_to_json.py,"{'key': 'author-2', 'name': 'A. Stewart Fotheringham', 's2_id': None, 'orcid': 'https://orcid.org/0000-0002-0407-1901', 'raw_name': 'A. S. Fotheringham'}"
9,9,research_reviewer_main,2025-06-24 18:45:49,raw_ref_to_json.py,"{'key': 'author-3', 'name': 'Martin Charlton', 's2_id': None, 'orcid': 'https://orcid.org/0000-0002-0622-393X', 'raw_name': 'M. E. Charlton'}"
9,9,research_reviewer_main,2025-06-24 18:45:49,raw_ref_to_json.py,"{'key': 'author-4', 'name': 'Wenbai Yang', 's2_id': None, 'orcid': 'https://orcid.org/0000-0003-3293-8389', 'raw_name': 'W. Yang'}"
9,9,research_reviewer_main,2025-06-24 18:45:49,raw_ref_to_json.py,"{'key': 'author-5', 'name': 'Wei Kang', 's2_id': None, 'orcid': 'https://orcid.org/0000-0002-1073-7781', 'raw_name': 'W. Kang'}"
9,9,research_reviewer_main,2025-06-24 18:45:49,raw_ref_to_json.py,"{'key': 'author-6', 'name': 'T. Gao', 's2_id': None, 'orcid': None, 'raw_name': 'T. Gao'}"
9,9,research_reviewer_main,2025-06-24 18:45:49,raw_ref_to_json.py,"{'key': 'author-7', 'name': 'J. Hullman', 's2_id': None, 'orcid': None, 'raw_name': 'J. Hullman'}"
9,9,research_reviewer_main,2025-06-24 18:45:49,raw_ref_to_json.py,"{'key': 'author-8', 'name': 'E. Adar', 's2_id': None, 'orcid': None, 'raw_name': 'E. Adar'}"
9,9,research_reviewer_main,2025-06-24 18:45:49,raw_ref_to_json.py,"{'key': 'author-9', 'name': 'B. Hecht', 's2_id': None, 'orcid': None, 'raw_name': 'B. Hecht'}"
9,9,research_reviewer_main,2025-06-24 18:45:49,raw_ref_to_json.py,"{'key': 'author-10', 'name': 'N. Diakopoulos', 's2_id': None, 'orcid': None, 'raw_name': 'N. Diakopoulos'}"
9,9,research_reviewer_main,2025-06-24 18:45:49,raw_ref_to_json.py,"{'key': 'author-11', 'name': 'Sarah Goodwin', 's2_id': None, 'orcid': 'https://orcid.org/0000-0001-8894-8282', 'raw_name': 'S. Goodwin'}"
9,9,research_reviewer_main,2025-06-24 18:45:49,raw_ref_to_json.py,"{'key': 'author-12', 'name': 'Jason Dykes', 's2_id': None, 'orcid': 'https://orcid.org/0000-0002-8096-5763', 'raw_name': 'J. Dykes'}"
9,9,research_reviewer_main,2025-06-24 18:45:49,raw_ref_to_json.py,"{'key': 'author-13', 'name': 'Aidan Slingsby', 's2_id': None, 'orcid': 'https://orcid.org/0000-0003-3941-553X', 'raw_name': 'A. Slingsby'}"
9,9,research_reviewer_main,2025-06-24 18:45:49,raw_ref_to_json.py,"{'key': 'author-14', 'name': 'Çağatay Turkay', 's2_id': None, 'orcid': 'https://orcid.org/0000-0001-6788-251X', 'raw_name': 'C. Turkay'}"
9,9,research_reviewer_main,2025-06-24 18:45:49,raw_ref_to_json.py,"{'key': 'author-15', 'name': 'Jabba Hutt', 's2_id': None, 'orcid': None, 'raw_name': 'Jabba Hutt'}"
9,9,research_reviewer_main,2025-06-24 18:45:49,raw_ref_to_json.py,"{'key': 'author-16', 'name': 'Robert Kosara', 's2_id': None, 'orcid': 'https://orcid.org/0000-0002-1178-4029', 'raw_name': 'R. Kosara'}"
9,9,research_reviewer_main,2025-06-24 18:45:49,raw_ref_to_json.py,"{'key': 'author-17', 'name': 'Jock D. Mackinlay', 's2_id': None, 'orcid': None, 'raw_name': 'J. Mackinlay'}"
9,9,research_reviewer_main,2025-06-24 18:45:49,raw_ref_to_json.py,"{'key': 'author-18', 'name': 'J. Krause', 's2_id': None, 'orcid': None, 'raw_name': 'J. Krause'}"
9,9,research_reviewer_main,2025-06-24 18:45:49,raw_ref_to_json.py,"{'key': 'author-19', 'name': 'A. Perer', 's2_id': None, 'orcid': None, 'raw_name': 'A. Perer'}"
9,9,research_reviewer_main,2025-06-24 18:45:49,raw_ref_to_json.py,"{'key': 'author-20', 'name': 'K. Ng', 's2_id': None, 'orcid': None, 'raw_name': 'K. Ng'}"
9,9,research_reviewer_main,2025-06-24 18:45:49,raw_ref_to_json.py,"{'key': 'author-21', 'name': 'Chufan Lai', 's2_id': None, 'orcid': 'https://orcid.org/0009-0002-2880-7335', 'raw_name': 'C. Lai'}"
9,9,research_reviewer_main,2025-06-24 18:45:49,raw_ref_to_json.py,"{'key': 'author-22', 'name': 'Zhixian Lin', 's2_id': None, 'orcid': None, 'raw_name': 'Z. Lin'}"
9,9,research_reviewer_main,2025-06-24 18:45:49,raw_ref_to_json.py,"{'key': 'author-23', 'name': 'Ruike Jiang', 's2_id': None, 'orcid': 'https://orcid.org/0000-0002-5001-5310', 'raw_name': 'R. Jiang'}"
9,9,research_reviewer_main,2025-06-24 18:45:49,raw_ref_to_json.py,"{'key': 'author-24', 'name': 'Yun Han', 's2_id': None, 'orcid': 'https://orcid.org/0000-0003-1410-8090', 'raw_name': 'Y. Han'}"
9,9,research_reviewer_main,2025-06-24 18:45:49,raw_ref_to_json.py,"{'key': 'author-25', 'name': 'Can Liu', 's2_id': None, 'orcid': 'https://orcid.org/0000-0002-1175-0734', 'raw_name': 'C. Liu'}"
9,9,research_reviewer_main,2025-06-24 18:45:49,raw_ref_to_json.py,"{'key': 'author-26', 'name': 'Xiaoru Yuan', 's2_id': None, 'orcid': 'https://orcid.org/0000-0002-7233-980X', 'raw_name': 'X. Yuan'}"
10,10,research_reviewer_main,2025-06-24 18:45:49,raw_ref_to_json.py,"{'key': 'author-1', 'name': 'Chris Brunsdon', 's2_id': None, 'orcid': 'https://orcid.org/0000-0003-4254-1780', 'raw_name': 'C. Brunsdon'}"
10,10,research_reviewer_main,2025-06-24 18:45:49,raw_ref_to_json.py,"{'key': 'author-2', 'name': 'A. Stewart Fotheringham', 's2_id': None, 'orcid': 'https://orcid.org/0000-0002-0407-1901', 'raw_name': 'A. S. Fotheringham'}"
10,10,research_reviewer_main,2025-06-24 18:45:49,raw_ref_to_json.py,"{'key': 'author-3', 'name': 'Martin Charlton', 's2_id': None, 'orcid': 'https://orcid.org/0000-0002-0622-393X', 'raw_name': 'M. E. Charlton'}"
10,10,research_reviewer_main,2025-06-24 18:45:49,raw_ref_to_json.py,"{'key': 'author-4', 'name': 'Wenbai Yang', 's2_id': None, 'orcid': 'https://orcid.org/0000-0003-3293-8389', 'raw_name': 'W. Yang'}"
10,10,research_reviewer_main,2025-06-24 18:45:49,raw_ref_to_json.py,"{'key': 'author-5', 'name': 'Wei Kang', 's2_id': None, 'orcid': 'https://orcid.org/0000-0002-1073-7781', 'raw_name': 'W. Kang'}"
10,10,research_reviewer_main,2025-06-24 18:45:49,raw_ref_to_json.py,"{'key': 'author-6', 'name': 'T. Gao', 's2_id': None, 'orcid': None, 'raw_name': 'T. Gao'}"
10,10,research_reviewer_main,2025-06-24 18:45:49,raw_ref_to_json.py,"{'key': 'author-7', 'name': 'J. Hullman', 's2_id': None, 'orcid': None, 'raw_name': 'J. Hullman'}"
10,10,research_reviewer_main,2025-06-24 18:45:49,raw_ref_to_json.py,"{'key': 'author-8', 'name': 'E. Adar', 's2_id': None, 'orcid': None, 'raw_name': 'E. Adar'}"
10,10,research_reviewer_main,2025-06-24 18:45:49,raw_ref_to_json.py,"{'key': 'author-9', 'name': 'B. Hecht', 's2_id': None, 'orcid': None, 'raw_name': 'B. Hecht'}"
10,10,research_reviewer_main,2025-06-24 18:45:49,raw_ref_to_json.py,"{'key': 'author-10', 'name': 'N. Diakopoulos', 's2_id': None, 'orcid': None, 'raw_name': 'N. Diakopoulos'}"
10,10,research_reviewer_main,2025-06-24 18:45:49,raw_ref_to_json.py,"{'key': 'author-11', 'name': 'Sarah Goodwin', 's2_id': None, 'orcid': 'https://orcid.org/0000-0001-8894-8282', 'raw_name': 'S. Goodwin'}"
10,10,research_reviewer_main,2025-06-24 18:45:49,raw_ref_to_json.py,"{'key': 'author-12', 'name': 'Jason Dykes', 's2_id': None, 'orcid': 'https://orcid.org/0000-0002-8096-5763', 'raw_name': 'J. Dykes'}"
10,10,research_reviewer_main,2025-06-24 18:45:49,raw_ref_to_json.py,"{'key': 'author-13', 'name': 'Aidan Slingsby', 's2_id': None, 'orcid': 'https://orcid.org/0000-0003-3941-553X', 'raw_name': 'A. Slingsby'}"
10,10,research_reviewer_main,2025-06-24 18:45:49,raw_ref_to_json.py,"{'key': 'author-14', 'name': 'Çağatay Turkay', 's2_id': None, 'orcid': 'https://orcid.org/0000-0001-6788-251X', 'raw_name': 'C. Turkay'}"
10,10,research_reviewer_main,2025-06-24 18:45:49,raw_ref_to_json.py,"{'key': 'author-15', 'name': 'Jabba Hutt', 's2_id': None, 'orcid': None, 'raw_name': 'Jabba Hutt'}"
10,10,research_reviewer_main,2025-06-24 18:45:49,raw_ref_to_json.py,"{'key': 'author-16', 'name': 'Robert Kosara', 's2_id': None, 'orcid': 'https://orcid.org/0000-0002-1178-4029', 'raw_name': 'R. Kosara'}"
10,10,research_reviewer_main,2025-06-24 18:45:49,raw_ref_to_json.py,"{'key': 'author-17', 'name': 'Jock D. Mackinlay', 's2_id': None, 'orcid': None, 'raw_name': 'J. Mackinlay'}"
10,10,research_reviewer_main,2025-06-24 18:45:49,raw_ref_to_json.py,"{'key': 'author-18', 'name': 'J. Krause', 's2_id': None, 'orcid': None, 'raw_name': 'J. Krause'}"
10,10,research_reviewer_main,2025-06-24 18:45:49,raw_ref_to_json.py,"{'key': 'author-19', 'name': 'A. Perer', 's2_id': None, 'orcid': None, 'raw_name': 'A. Perer'}"
10,10,research_reviewer_main,2025-06-24 18:45:49,raw_ref_to_json.py,"{'key': 'author-20', 'name': 'K. Ng', 's2_id': None, 'orcid': None, 'raw_name': 'K. Ng'}"
10,10,research_reviewer_main,2025-06-24 18:45:49,raw_ref_to_json.py,"{'key': 'author-21', 'name': 'Chufan Lai', 's2_id': None, 'orcid': 'https://orcid.org/0009-0002-2880-7335', 'raw_name': 'C. Lai'}"
10,10,research_reviewer_main,2025-06-24 18:45:49,raw_ref_to_json.py,"{'key': 'author-22', 'name': 'Zhixian Lin', 's2_id': None, 'orcid': None, 'raw_name': 'Z. Lin'}"
10,10,research_reviewer_main,2025-06-24 18:45:49,raw_ref_to_json.py,"{'key': 'author-23', 'name': 'Ruike Jiang', 's2_id': None, 'orcid': 'https://orcid.org/0000-0002-5001-5310', 'raw_name': 'R. Jiang'}"
10,10,research_reviewer_main,2025-06-24 18:45:49,raw_ref_to_json.py,"{'key': 'author-24', 'name': 'Yun Han', 's2_id': None, 'orcid': 'https://orcid.org/0000-0003-1410-8090', 'raw_name': 'Y. Han'}"
10,10,research_reviewer_main,2025-06-24 18:45:49,raw_ref_to_json.py,"{'key': 'author-25', 'name': 'Can Liu', 's2_id': None, 'orcid': 'https://orcid.org/0000-0002-1175-0734', 'raw_name': 'C. Liu'}"
10,10,research_reviewer_main,2025-06-24 18:45:49,raw_ref_to_json.py,"{'key': 'author-26', 'name': 'Xiaoru Yuan', 's2_id': None, 'orcid': 'https://orcid.org/0000-0002-7233-980X', 'raw_name': 'X. Yuan'}"
10,10,research_reviewer_main,2025-06-24 18:45:49,raw_ref_to_json.py,"{'key': 'author-27', 'name': 'Shahid Latif', 's2_id': None, 'orcid': 'https://orcid.org/0000-0003-2060-5122', 'raw_name': 'S. Latif'}"
10,10,research_reviewer_main,2025-06-24 18:45:49,raw_ref_to_json.py,"{'key': 'author-28', 'name': 'Fabian Beck', 's2_id': None, 'orcid': 'https://orcid.org/0000-0003-4042-3043', 'raw_name': 'F. Beck'}"
11,11,research_reviewer_main,2025-06-24 18:45:49,raw_ref_to_json.py,"{'key': 'author-1', 'name': 'Chris Brunsdon', 's2_id': None, 'orcid': 'https://orcid.org/0000-0003-4254-1780', 'raw_name': 'C. Brunsdon'}"
11,11,research_reviewer_main,2025-06-24 18:45:49,raw_ref_to_json.py,"{'key': 'author-2', 'name': 'A. Stewart Fotheringham', 's2_id': None, 'orcid': 'https://orcid.org/0000-0002-0407-1901', 'raw_name': 'A. S. Fotheringham'}"
11,11,research_reviewer_main,2025-06-24 18:45:49,raw_ref_to_json.py,"{'key': 'author-3', 'name': 'Martin Charlton', 's2_id': None, 'orcid': 'https://orcid.org/0000-0002-0622-393X', 'raw_name': 'M. E. Charlton'}"
11,11,research_reviewer_main,2025-06-24 18:45:49,raw_ref_to_json.py,"{'key': 'author-4', 'name': 'Wenbai Yang', 's2_id': None, 'orcid': 'https://orcid.org/0000-0003-3293-8389', 'raw_name': 'W. Yang'}"
11,11,research_reviewer_main,2025-06-24 18:45:49,raw_ref_to_json.py,"{'key': 'author-5', 'name': 'Wei Kang', 's2_id': None, 'orcid': 'https://orcid.org/0000-0002-1073-7781', 'raw_name': 'W. Kang'}"
11,11,research_reviewer_main,2025-06-24 18:45:49,raw_ref_to_json.py,"{'key': 'author-6', 'name': 'T. Gao', 's2_id': None, 'orcid': None, 'raw_name': 'T. Gao'}"
11,11,research_reviewer_main,2025-06-24 18:45:49,raw_ref_to_json.py,"{'key': 'author-7', 'name': 'J. Hullman', 's2_id': None, 'orcid': None, 'raw_name': 'J. Hullman'}"
11,11,research_reviewer_main,2025-06-24 18:45:49,raw_ref_to_json.py,"{'key': 'author-8', 'name': 'E. Adar', 's2_id': None, 'orcid': None, 'raw_name': 'E. Adar'}"
11,11,research_reviewer_main,2025-06-24 18:45:49,raw_ref_to_json.py,"{'key': 'author-9', 'name': 'B. Hecht', 's2_id': None, 'orcid': None, 'raw_name': 'B. Hecht'}"
11,11,research_reviewer_main,2025-06-24 18:45:49,raw_ref_to_json.py,"{'key': 'author-10', 'name': 'N. Diakopoulos', 's2_id': None, 'orcid': None, 'raw_name': 'N. Diakopoulos'}"
11,11,research_reviewer_main,2025-06-24 18:45:49,raw_ref_to_json.py,"{'key': 'author-11', 'name': 'Sarah Goodwin', 's2_id': None, 'orcid': 'https://orcid.org/0000-0001-8894-8282', 'raw_name': 'S. Goodwin'}"
11,11,research_reviewer_main,2025-06-24 18:45:49,raw_ref_to_json.py,"{'key': 'author-12', 'name': 'Jason Dykes', 's2_id': None, 'orcid': 'https://orcid.org/0000-0002-8096-5763', 'raw_name': 'J. Dykes'}"
11,11,research_reviewer_main,2025-06-24 18:45:49,raw_ref_to_json.py,"{'key': 'author-13', 'name': 'Aidan Slingsby', 's2_id': None, 'orcid': 'https://orcid.org/0000-0003-3941-553X', 'raw_name': 'A. Slingsby'}"
11,11,research_reviewer_main,2025-06-24 18:45:49,raw_ref_to_json.py,"{'key': 'author-14', 'name': 'Çağatay Turkay', 's2_id': None, 'orcid': 'https://orcid.org/0000-0001-6788-251X', 'raw_name': 'C. Turkay'}"
11,11,research_reviewer_main,2025-06-24 18:45:49,raw_ref_to_json.py,"{'key': 'author-15', 'name': 'Jabba Hutt', 's2_id': None, 'orcid': None, 'raw_name': 'Jabba Hutt'}"
11,11,research_reviewer_main,2025-06-24 18:45:49,raw_ref_to_json.py,"{'key': 'author-16', 'name': 'Robert Kosara', 's2_id': None, 'orcid': 'https://orcid.org/0000-0002-1178-4029', 'raw_name': 'R. Kosara'}"
11,11,research_reviewer_main,2025-06-24 18:45:49,raw_ref_to_json.py,"{'key': 'author-17', 'name': 'Jock D. Mackinlay', 's2_id': None, 'orcid': None, 'raw_name': 'J. Mackinlay'}"
11,11,research_reviewer_main,2025-06-24 18:45:49,raw_ref_to_json.py,"{'key': 'author-18', 'name': 'J. Krause', 's2_id': None, 'orcid': None, 'raw_name': 'J. Krause'}"
11,11,research_reviewer_main,2025-06-24 18:45:49,raw_ref_to_json.py,"{'key': 'author-19', 'name': 'A. Perer', 's2_id': None, 'orcid': None, 'raw_name': 'A. Perer'}"
11,11,research_reviewer_main,2025-06-24 18:45:49,raw_ref_to_json.py,"{'key': 'author-20', 'name': 'K. Ng', 's2_id': None, 'orcid': None, 'raw_name': 'K. Ng'}"
11,11,research_reviewer_main,2025-06-24 18:45:49,raw_ref_to_json.py,"{'key': 'author-21', 'name': 'Chufan Lai', 's2_id': None, 'orcid': 'https://orcid.org/0009-0002-2880-7335', 'raw_name': 'C. Lai'}"
11,11,research_reviewer_main,2025-06-24 18:45:49,raw_ref_to_json.py,"{'key': 'author-22', 'name': 'Zhixian Lin', 's2_id': None, 'orcid': None, 'raw_name': 'Z. Lin'}"
11,11,research_reviewer_main,2025-06-24 18:45:49,raw_ref_to_json.py,"{'key': 'author-23', 'name': 'Ruike Jiang', 's2_id': None, 'orcid': 'https://orcid.org/0000-0002-5001-5310', 'raw_name': 'R. Jiang'}"
11,11,research_reviewer_main,2025-06-24 18:45:49,raw_ref_to_json.py,"{'key': 'author-24', 'name': 'Yun Han', 's2_id': None, 'orcid': 'https://orcid.org/0000-0003-1410-8090', 'raw_name': 'Y. Han'}"
11,11,research_reviewer_main,2025-06-24 18:45:49,raw_ref_to_json.py,"{'key': 'author-25', 'name': 'Can Liu', 's2_id': None, 'orcid': 'https://orcid.org/0000-0002-1175-0734', 'raw_name': 'C. Liu'}"
11,11,research_reviewer_main,2025-06-24 18:45:49,raw_ref_to_json.py,"{'key': 'author-26', 'name': 'Xiaoru Yuan', 's2_id': None, 'orcid': 'https://orcid.org/0000-0002-7233-980X', 'raw_name': 'X. Yuan'}"
11,11,research_reviewer_main,2025-06-24 18:45:49,raw_ref_to_json.py,"{'key': 'author-27', 'name': 'Shahid Latif', 's2_id': None, 'orcid': 'https://orcid.org/0000-0003-2060-5122', 'raw_name': 'S. Latif'}"
11,11,research_reviewer_main,2025-06-24 18:45:49,raw_ref_to_json.py,"{'key': 'author-28', 'name': 'Fabian Beck', 's2_id': None, 'orcid': 'https://orcid.org/0000-0003-4042-3043', 'raw_name': 'F. Beck'}"
11,11,research_reviewer_main,2025-06-24 18:45:49,raw_ref_to_json.py,"{'key': 'author-29', 'name': 'Siming Chen', 's2_id': None, 'orcid': 'https://orcid.org/0000-0002-2690-3588', 'raw_name': 'S. Chen'}"
12,12,research_reviewer_main,2025-06-24 18:45:49,raw_ref_to_json.py,"{'key': 'author-1', 'name': 'Chris Brunsdon', 's2_id': None, 'orcid': 'https://orcid.org/0000-0003-4254-1780', 'raw_name': 'C. Brunsdon'}"
12,12,research_reviewer_main,2025-06-24 18:45:49,raw_ref_to_json.py,"{'key': 'author-2', 'name': 'A. Stewart Fotheringham', 's2_id': None, 'orcid': 'https://orcid.org/0000-0002-0407-1901', 'raw_name': 'A. S. Fotheringham'}"
12,12,research_reviewer_main,2025-06-24 18:45:49,raw_ref_to_json.py,"{'key': 'author-3', 'name': 'Martin Charlton', 's2_id': None, 'orcid': 'https://orcid.org/0000-0002-0622-393X', 'raw_name': 'M. E. Charlton'}"
12,12,research_reviewer_main,2025-06-24 18:45:49,raw_ref_to_json.py,"{'key': 'author-4', 'name': 'Wenbai Yang', 's2_id': None, 'orcid': 'https://orcid.org/0000-0003-3293-8389', 'raw_name': 'W. Yang'}"
12,12,research_reviewer_main,2025-06-24 18:45:49,raw_ref_to_json.py,"{'key': 'author-5', 'name': 'Wei Kang', 's2_id': None, 'orcid': 'https://orcid.org/0000-0002-1073-7781', 'raw_name': 'W. Kang'}"
12,12,research_reviewer_main,2025-06-24 18:45:49,raw_ref_to_json.py,"{'key': 'author-6', 'name': 'T. Gao', 's2_id': None, 'orcid': None, 'raw_name': 'T. Gao'}"
12,12,research_reviewer_main,2025-06-24 18:45:49,raw_ref_to_json.py,"{'key': 'author-7', 'name': 'J. Hullman', 's2_id': None, 'orcid': None, 'raw_name': 'J. Hullman'}"
12,12,research_reviewer_main,2025-06-24 18:45:49,raw_ref_to_json.py,"{'key': 'author-8', 'name': 'E. Adar', 's2_id': None, 'orcid': None, 'raw_name': 'E. Adar'}"
12,12,research_reviewer_main,2025-06-24 18:45:49,raw_ref_to_json.py,"{'key': 'author-9', 'name': 'B. Hecht', 's2_id': None, 'orcid': None, 'raw_name': 'B. Hecht'}"
12,12,research_reviewer_main,2025-06-24 18:45:49,raw_ref_to_json.py,"{'key': 'author-10', 'name': 'N. Diakopoulos', 's2_id': None, 'orcid': None, 'raw_name': 'N. Diakopoulos'}"
12,12,research_reviewer_main,2025-06-24 18:45:49,raw_ref_to_json.py,"{'key': 'author-11', 'name': 'Sarah Goodwin', 's2_id': None, 'orcid': 'https://orcid.org/0000-0001-8894-8282', 'raw_name': 'S. Goodwin'}"
12,12,research_reviewer_main,2025-06-24 18:45:49,raw_ref_to_json.py,"{'key': 'author-12', 'name': 'Jason Dykes', 's2_id': None, 'orcid': 'https://orcid.org/0000-0002-8096-5763', 'raw_name': 'J. Dykes'}"
12,12,research_reviewer_main,2025-06-24 18:45:49,raw_ref_to_json.py,"{'key': 'author-13', 'name': 'Aidan Slingsby', 's2_id': None, 'orcid': 'https://orcid.org/0000-0003-3941-553X', 'raw_name': 'A. Slingsby'}"
12,12,research_reviewer_main,2025-06-24 18:45:49,raw_ref_to_json.py,"{'key': 'author-14', 'name': 'Çağatay Turkay', 's2_id': None, 'orcid': 'https://orcid.org/0000-0001-6788-251X', 'raw_name': 'C. Turkay'}"
12,12,research_reviewer_main,2025-06-24 18:45:49,raw_ref_to_json.py,"{'key': 'author-15', 'name': 'Jabba Hutt', 's2_id': None, 'orcid': None, 'raw_name': 'Jabba Hutt'}"
12,12,research_reviewer_main,2025-06-24 18:45:49,raw_ref_to_json.py,"{'key': 'author-16', 'name': 'Robert Kosara', 's2_id': None, 'orcid': 'https://orcid.org/0000-0002-1178-4029', 'raw_name': 'R. Kosara'}"
12,12,research_reviewer_main,2025-06-24 18:45:49,raw_ref_to_json.py,"{'key': 'author-17', 'name': 'Jock D. Mackinlay', 's2_id': None, 'orcid': None, 'raw_name': 'J. Mackinlay'}"
12,12,research_reviewer_main,2025-06-24 18:45:49,raw_ref_to_json.py,"{'key': 'author-18', 'name': 'J. Krause', 's2_id': None, 'orcid': None, 'raw_name': 'J. Krause'}"
12,12,research_reviewer_main,2025-06-24 18:45:49,raw_ref_to_json.py,"{'key': 'author-19', 'name': 'A. Perer', 's2_id': None, 'orcid': None, 'raw_name': 'A. Perer'}"
12,12,research_reviewer_main,2025-06-24 18:45:49,raw_ref_to_json.py,"{'key': 'author-20', 'name': 'K. Ng', 's2_id': None, 'orcid': None, 'raw_name': 'K. Ng'}"
12,12,research_reviewer_main,2025-06-24 18:45:49,raw_ref_to_json.py,"{'key': 'author-21', 'name': 'Chufan Lai', 's2_id': None, 'orcid': 'https://orcid.org/0009-0002-2880-7335', 'raw_name': 'C. Lai'}"
12,12,research_reviewer_main,2025-06-24 18:45:49,raw_ref_to_json.py,"{'key': 'author-22', 'name': 'Zhixian Lin', 's2_id': None, 'orcid': None, 'raw_name': 'Z. Lin'}"
12,12,research_reviewer_main,2025-06-24 18:45:49,raw_ref_to_json.py,"{'key': 'author-23', 'name': 'Ruike Jiang', 's2_id': None, 'orcid': 'https://orcid.org/0000-0002-5001-5310', 'raw_name': 'R. Jiang'}"
12,12,research_reviewer_main,2025-06-24 18:45:49,raw_ref_to_json.py,"{'key': 'author-24', 'name': 'Yun Han', 's2_id': None, 'orcid': 'https://orcid.org/0000-0003-1410-8090', 'raw_name': 'Y. Han'}"
12,12,research_reviewer_main,2025-06-24 18:45:49,raw_ref_to_json.py,"{'key': 'author-25', 'name': 'Can Liu', 's2_id': None, 'orcid': 'https://orcid.org/0000-0002-1175-0734', 'raw_name': 'C. Liu'}"
12,12,research_reviewer_main,2025-06-24 18:45:49,raw_ref_to_json.py,"{'key': 'author-26', 'name': 'Xiaoru Yuan', 's2_id': None, 'orcid': 'https://orcid.org/0000-0002-7233-980X', 'raw_name': 'X. Yuan'}"
12,12,research_reviewer_main,2025-06-24 18:45:49,raw_ref_to_json.py,"{'key': 'author-27', 'name': 'Shahid Latif', 's2_id': None, 'orcid': 'https://orcid.org/0000-0003-2060-5122', 'raw_name': 'S. Latif'}"
12,12,research_reviewer_main,2025-06-24 18:45:49,raw_ref_to_json.py,"{'key': 'author-28', 'name': 'Fabian Beck', 's2_id': None, 'orcid': 'https://orcid.org/0000-0003-4042-3043', 'raw_name': 'F. Beck'}"
12,12,research_reviewer_main,2025-06-24 18:45:49,raw_ref_to_json.py,"{'key': 'author-29', 'name': 'Siming Chen', 's2_id': None, 'orcid': 'https://orcid.org/0000-0002-2690-3588', 'raw_name': 'S. Chen'}"
12,12,research_reviewer_main,2025-06-24 18:45:49,raw_ref_to_json.py,"{'key': 'author-30', 'name': 'Yafeng Lu', 's2_id': None, 'orcid': 'https://orcid.org/0000-0002-3978-9550', 'raw_name': 'Y. Lu'}"
12,12,research_reviewer_main,2025-06-24 18:45:49,raw_ref_to_json.py,"{'key': 'author-31', 'name': 'Rolando Garcia', 's2_id': None, 'orcid': None, 'raw_name': 'R. Garcia'}"
12,12,research_reviewer_main,2025-06-24 18:45:49,raw_ref_to_json.py,"{'key': 'author-32', 'name': 'Brett Hansen', 's2_id': None, 'orcid': None, 'raw_name': 'B. Hansen'}"
12,12,research_reviewer_main,2025-06-24 18:45:49,raw_ref_to_json.py,"{'key': 'author-33', 'name': 'Michael Gleicher', 's2_id': None, 'orcid': 'https://orcid.org/0000-0003-3295-4071', 'raw_name': 'M. Gleicher'}"
12,12,research_reviewer_main,2025-06-24 18:45:49,raw_ref_to_json.py,"{'key': 'author-34', 'name': 'Ross Maciejewski', 's2_id': None, 'orcid': 'https://orcid.org/0000-0001-8803-6355', 'raw_name': 'R. Maciejewski'}"
13,13,research_reviewer_main,2025-06-24 18:45:49,raw_ref_to_json.py,"{'key': 'author-1', 'name': 'Chris Brunsdon', 's2_id': None, 'orcid': 'https://orcid.org/0000-0003-4254-1780', 'raw_name': 'C. Brunsdon'}"
13,13,research_reviewer_main,2025-06-24 18:45:49,raw_ref_to_json.py,"{'key': 'author-2', 'name': 'A. Stewart Fotheringham', 's2_id': None, 'orcid': 'https://orcid.org/0000-0002-0407-1901', 'raw_name': 'A. S. Fotheringham'}"
13,13,research_reviewer_main,2025-06-24 18:45:49,raw_ref_to_json.py,"{'key': 'author-3', 'name': 'Martin Charlton', 's2_id': None, 'orcid': 'https://orcid.org/0000-0002-0622-393X', 'raw_name': 'M. E. Charlton'}"
13,13,research_reviewer_main,2025-06-24 18:45:49,raw_ref_to_json.py,"{'key': 'author-4', 'name': 'Wenbai Yang', 's2_id': None, 'orcid': 'https://orcid.org/0000-0003-3293-8389', 'raw_name': 'W. Yang'}"
13,13,research_reviewer_main,2025-06-24 18:45:49,raw_ref_to_json.py,"{'key': 'author-5', 'name': 'Wei Kang', 's2_id': None, 'orcid': 'https://orcid.org/0000-0002-1073-7781', 'raw_name': 'W. Kang'}"
13,13,research_reviewer_main,2025-06-24 18:45:49,raw_ref_to_json.py,"{'key': 'author-6', 'name': 'T. Gao', 's2_id': None, 'orcid': None, 'raw_name': 'T. Gao'}"
13,13,research_reviewer_main,2025-06-24 18:45:49,raw_ref_to_json.py,"{'key': 'author-7', 'name': 'J. Hullman', 's2_id': None, 'orcid': None, 'raw_name': 'J. Hullman'}"
13,13,research_reviewer_main,2025-06-24 18:45:49,raw_ref_to_json.py,"{'key': 'author-8', 'name': 'E. Adar', 's2_id': None, 'orcid': None, 'raw_name': 'E. Adar'}"
13,13,research_reviewer_main,2025-06-24 18:45:49,raw_ref_to_json.py,"{'key': 'author-9', 'name': 'B. Hecht', 's2_id': None, 'orcid': None, 'raw_name': 'B. Hecht'}"
13,13,research_reviewer_main,2025-06-24 18:45:49,raw_ref_to_json.py,"{'key': 'author-10', 'name': 'N. Diakopoulos', 's2_id': None, 'orcid': None, 'raw_name': 'N. Diakopoulos'}"
13,13,research_reviewer_main,2025-06-24 18:45:49,raw_ref_to_json.py,"{'key': 'author-11', 'name': 'Sarah Goodwin', 's2_id': None, 'orcid': 'https://orcid.org/0000-0001-8894-8282', 'raw_name': 'S. Goodwin'}"
13,13,research_reviewer_main,2025-06-24 18:45:49,raw_ref_to_json.py,"{'key': 'author-12', 'name': 'Jason Dykes', 's2_id': None, 'orcid': 'https://orcid.org/0000-0002-8096-5763', 'raw_name': 'J. Dykes'}"
13,13,research_reviewer_main,2025-06-24 18:45:49,raw_ref_to_json.py,"{'key': 'author-13', 'name': 'Aidan Slingsby', 's2_id': None, 'orcid': 'https://orcid.org/0000-0003-3941-553X', 'raw_name': 'A. Slingsby'}"
13,13,research_reviewer_main,2025-06-24 18:45:49,raw_ref_to_json.py,"{'key': 'author-14', 'name': 'Çağatay Turkay', 's2_id': None, 'orcid': 'https://orcid.org/0000-0001-6788-251X', 'raw_name': 'C. Turkay'}"
13,13,research_reviewer_main,2025-06-24 18:45:49,raw_ref_to_json.py,"{'key': 'author-15', 'name': 'Jabba Hutt', 's2_id': None, 'orcid': None, 'raw_name': 'Jabba Hutt'}"
13,13,research_reviewer_main,2025-06-24 18:45:49,raw_ref_to_json.py,"{'key': 'author-16', 'name': 'Robert Kosara', 's2_id': None, 'orcid': 'https://orcid.org/0000-0002-1178-4029', 'raw_name': 'R. Kosara'}"
13,13,research_reviewer_main,2025-06-24 18:45:49,raw_ref_to_json.py,"{'key': 'author-17', 'name': 'Jock D. Mackinlay', 's2_id': None, 'orcid': None, 'raw_name': 'J. Mackinlay'}"
13,13,research_reviewer_main,2025-06-24 18:45:49,raw_ref_to_json.py,"{'key': 'author-18', 'name': 'J. Krause', 's2_id': None, 'orcid': None, 'raw_name': 'J. Krause'}"
13,13,research_reviewer_main,2025-06-24 18:45:49,raw_ref_to_json.py,"{'key': 'author-19', 'name': 'A. Perer', 's2_id': None, 'orcid': None, 'raw_name': 'A. Perer'}"
13,13,research_reviewer_main,2025-06-24 18:45:49,raw_ref_to_json.py,"{'key': 'author-20', 'name': 'K. Ng', 's2_id': None, 'orcid': None, 'raw_name': 'K. Ng'}"
13,13,research_reviewer_main,2025-06-24 18:45:49,raw_ref_to_json.py,"{'key': 'author-21', 'name': 'Chufan Lai', 's2_id': None, 'orcid': 'https://orcid.org/0009-0002-2880-7335', 'raw_name': 'C. Lai'}"
13,13,research_reviewer_main,2025-06-24 18:45:49,raw_ref_to_json.py,"{'key': 'author-22', 'name': 'Zhixian Lin', 's2_id': None, 'orcid': None, 'raw_name': 'Z. Lin'}"
13,13,research_reviewer_main,2025-06-24 18:45:49,raw_ref_to_json.py,"{'key': 'author-23', 'name': 'Ruike Jiang', 's2_id': None, 'orcid': 'https://orcid.org/0000-0002-5001-5310', 'raw_name': 'R. Jiang'}"
13,13,research_reviewer_main,2025-06-24 18:45:49,raw_ref_to_json.py,"{'key': 'author-24', 'name': 'Yun Han', 's2_id': None, 'orcid': 'https://orcid.org/0000-0003-1410-8090', 'raw_name': 'Y. Han'}"
13,13,research_reviewer_main,2025-06-24 18:45:49,raw_ref_to_json.py,"{'key': 'author-25', 'name': 'Can Liu', 's2_id': None, 'orcid': 'https://orcid.org/0000-0002-1175-0734', 'raw_name': 'C. Liu'}"
13,13,research_reviewer_main,2025-06-24 18:45:49,raw_ref_to_json.py,"{'key': 'author-26', 'name': 'Xiaoru Yuan', 's2_id': None, 'orcid': 'https://orcid.org/0000-0002-7233-980X', 'raw_name': 'X. Yuan'}"
13,13,research_reviewer_main,2025-06-24 18:45:49,raw_ref_to_json.py,"{'key': 'author-27', 'name': 'Shahid Latif', 's2_id': None, 'orcid': 'https://orcid.org/0000-0003-2060-5122', 'raw_name': 'S. Latif'}"
13,13,research_reviewer_main,2025-06-24 18:45:49,raw_ref_to_json.py,"{'key': 'author-28', 'name': 'Fabian Beck', 's2_id': None, 'orcid': 'https://orcid.org/0000-0003-4042-3043', 'raw_name': 'F. Beck'}"
13,13,research_reviewer_main,2025-06-24 18:45:49,raw_ref_to_json.py,"{'key': 'author-29', 'name': 'Siming Chen', 's2_id': None, 'orcid': 'https://orcid.org/0000-0002-2690-3588', 'raw_name': 'S. Chen'}"
13,13,research_reviewer_main,2025-06-24 18:45:49,raw_ref_to_json.py,"{'key': 'author-30', 'name': 'Yafeng Lu', 's2_id': None, 'orcid': 'https://orcid.org/0000-0002-3978-9550', 'raw_name': 'Y. Lu'}"
13,13,research_reviewer_main,2025-06-24 18:45:49,raw_ref_to_json.py,"{'key': 'author-31', 'name': 'Rolando Garcia', 's2_id': None, 'orcid': None, 'raw_name': 'R. Garcia'}"
13,13,research_reviewer_main,2025-06-24 18:45:49,raw_ref_to_json.py,"{'key': 'author-32', 'name': 'Brett Hansen', 's2_id': None, 'orcid': None, 'raw_name': 'B. Hansen'}"
13,13,research_reviewer_main,2025-06-24 18:45:49,raw_ref_to_json.py,"{'key': 'author-33', 'name': 'Michael Gleicher', 's2_id': None, 'orcid': 'https://orcid.org/0000-0003-3295-4071', 'raw_name': 'M. Gleicher'}"
13,13,research_reviewer_main,2025-06-24 18:45:49,raw_ref_to_json.py,"{'key': 'author-34', 'name': 'Ross Maciejewski', 's2_id': None, 'orcid': 'https://orcid.org/0000-0001-8803-6355', 'raw_name': 'R. Maciejewski'}"
13,13,research_reviewer_main,2025-06-24 18:45:49,raw_ref_to_json.py,"{'key': 'author-35', 'name': 'Ming Yao', 's2_id': None, 'orcid': 'https://orcid.org/0000-0002-6377-6063', 'raw_name': 'Y. Ming'}"
13,13,research_reviewer_main,2025-06-24 18:45:49,raw_ref_to_json.py,"{'key': 'author-36', 'name': 'Huamin Qu', 's2_id': None, 'orcid': 'https://orcid.org/0000-0002-3344-9694', 'raw_name': 'H. Qu'}"
13,13,research_reviewer_main,2025-06-24 18:45:49,raw_ref_to_json.py,"{'key': 'author-37', 'name': 'Enrico Bertini', 's2_id': None, 'orcid': 'https://orcid.org/0000-0002-9932-0551', 'raw_name': 'E. Bertini'}"
14,14,research_reviewer_main,2025-06-24 18:45:49,raw_ref_to_json.py,"{'key': 'author-1', 'name': 'Chris Brunsdon', 's2_id': None, 'orcid': 'https://orcid.org/0000-0003-4254-1780', 'raw_name': 'C. Brunsdon'}"
14,14,research_reviewer_main,2025-06-24 18:45:49,raw_ref_to_json.py,"{'key': 'author-2', 'name': 'A. Stewart Fotheringham', 's2_id': None, 'orcid': 'https://orcid.org/0000-0002-0407-1901', 'raw_name': 'A. S. Fotheringham'}"
14,14,research_reviewer_main,2025-06-24 18:45:49,raw_ref_to_json.py,"{'key': 'author-3', 'name': 'Martin Charlton', 's2_id': None, 'orcid': 'https://orcid.org/0000-0002-0622-393X', 'raw_name': 'M. E. Charlton'}"
14,14,research_reviewer_main,2025-06-24 18:45:49,raw_ref_to_json.py,"{'key': 'author-4', 'name': 'Wenbai Yang', 's2_id': None, 'orcid': 'https://orcid.org/0000-0003-3293-8389', 'raw_name': 'W. Yang'}"
14,14,research_reviewer_main,2025-06-24 18:45:49,raw_ref_to_json.py,"{'key': 'author-5', 'name': 'Wei Kang', 's2_id': None, 'orcid': 'https://orcid.org/0000-0002-1073-7781', 'raw_name': 'W. Kang'}"
14,14,research_reviewer_main,2025-06-24 18:45:49,raw_ref_to_json.py,"{'key': 'author-6', 'name': 'T. Gao', 's2_id': None, 'orcid': None, 'raw_name': 'T. Gao'}"
14,14,research_reviewer_main,2025-06-24 18:45:49,raw_ref_to_json.py,"{'key': 'author-7', 'name': 'J. Hullman', 's2_id': None, 'orcid': None, 'raw_name': 'J. Hullman'}"
14,14,research_reviewer_main,2025-06-24 18:45:49,raw_ref_to_json.py,"{'key': 'author-8', 'name': 'E. Adar', 's2_id': None, 'orcid': None, 'raw_name': 'E. Adar'}"
14,14,research_reviewer_main,2025-06-24 18:45:49,raw_ref_to_json.py,"{'key': 'author-9', 'name': 'B. Hecht', 's2_id': None, 'orcid': None, 'raw_name': 'B. Hecht'}"
14,14,research_reviewer_main,2025-06-24 18:45:49,raw_ref_to_json.py,"{'key': 'author-10', 'name': 'N. Diakopoulos', 's2_id': None, 'orcid': None, 'raw_name': 'N. Diakopoulos'}"
14,14,research_reviewer_main,2025-06-24 18:45:49,raw_ref_to_json.py,"{'key': 'author-11', 'name': 'Sarah Goodwin', 's2_id': None, 'orcid': 'https://orcid.org/0000-0001-8894-8282', 'raw_name': 'S. Goodwin'}"
14,14,research_reviewer_main,2025-06-24 18:45:49,raw_ref_to_json.py,"{'key': 'author-12', 'name': 'Jason Dykes', 's2_id': None, 'orcid': 'https://orcid.org/0000-0002-8096-5763', 'raw_name': 'J. Dykes'}"
14,14,research_reviewer_main,2025-06-24 18:45:49,raw_ref_to_json.py,"{'key': 'author-13', 'name': 'Aidan Slingsby', 's2_id': None, 'orcid': 'https://orcid.org/0000-0003-3941-553X', 'raw_name': 'A. Slingsby'}"
14,14,research_reviewer_main,2025-06-24 18:45:49,raw_ref_to_json.py,"{'key': 'author-14', 'name': 'Çağatay Turkay', 's2_id': None, 'orcid': 'https://orcid.org/0000-0001-6788-251X', 'raw_name': 'C. Turkay'}"
14,14,research_reviewer_main,2025-06-24 18:45:49,raw_ref_to_json.py,"{'key': 'author-15', 'name': 'Jabba Hutt', 's2_id': None, 'orcid': None, 'raw_name': 'Jabba Hutt'}"
14,14,research_reviewer_main,2025-06-24 18:45:49,raw_ref_to_json.py,"{'key': 'author-16', 'name': 'Robert Kosara', 's2_id': None, 'orcid': 'https://orcid.org/0000-0002-1178-4029', 'raw_name': 'R. Kosara'}"
14,14,research_reviewer_main,2025-06-24 18:45:49,raw_ref_to_json.py,"{'key': 'author-17', 'name': 'Jock D. Mackinlay', 's2_id': None, 'orcid': None, 'raw_name': 'J. Mackinlay'}"
14,14,research_reviewer_main,2025-06-24 18:45:49,raw_ref_to_json.py,"{'key': 'author-18', 'name': 'J. Krause', 's2_id': None, 'orcid': None, 'raw_name': 'J. Krause'}"
14,14,research_reviewer_main,2025-06-24 18:45:49,raw_ref_to_json.py,"{'key': 'author-19', 'name': 'A. Perer', 's2_id': None, 'orcid': None, 'raw_name': 'A. Perer'}"
14,14,research_reviewer_main,2025-06-24 18:45:49,raw_ref_to_json.py,"{'key': 'author-20', 'name': 'K. Ng', 's2_id': None, 'orcid': None, 'raw_name': 'K. Ng'}"
14,14,research_reviewer_main,2025-06-24 18:45:49,raw_ref_to_json.py,"{'key': 'author-21', 'name': 'Chufan Lai', 's2_id': None, 'orcid': 'https://orcid.org/0009-0002-2880-7335', 'raw_name': 'C. Lai'}"
14,14,research_reviewer_main,2025-06-24 18:45:49,raw_ref_to_json.py,"{'key': 'author-22', 'name': 'Zhixian Lin', 's2_id': None, 'orcid': None, 'raw_name': 'Z. Lin'}"
14,14,research_reviewer_main,2025-06-24 18:45:49,raw_ref_to_json.py,"{'key': 'author-23', 'name': 'Ruike Jiang', 's2_id': None, 'orcid': 'https://orcid.org/0000-0002-5001-5310', 'raw_name': 'R. Jiang'}"
14,14,research_reviewer_main,2025-06-24 18:45:49,raw_ref_to_json.py,"{'key': 'author-24', 'name': 'Yun Han', 's2_id': None, 'orcid': 'https://orcid.org/0000-0003-1410-8090', 'raw_name': 'Y. Han'}"
14,14,research_reviewer_main,2025-06-24 18:45:49,raw_ref_to_json.py,"{'key': 'author-25', 'name': 'Can Liu', 's2_id': None, 'orcid': 'https://orcid.org/0000-0002-1175-0734', 'raw_name': 'C. Liu'}"
14,14,research_reviewer_main,2025-06-24 18:45:49,raw_ref_to_json.py,"{'key': 'author-26', 'name': 'Xiaoru Yuan', 's2_id': None, 'orcid': 'https://orcid.org/0000-0002-7233-980X', 'raw_name': 'X. Yuan'}"
14,14,research_reviewer_main,2025-06-24 18:45:49,raw_ref_to_json.py,"{'key': 'author-27', 'name': 'Shahid Latif', 's2_id': None, 'orcid': 'https://orcid.org/0000-0003-2060-5122', 'raw_name': 'S. Latif'}"
14,14,research_reviewer_main,2025-06-24 18:45:49,raw_ref_to_json.py,"{'key': 'author-28', 'name': 'Fabian Beck', 's2_id': None, 'orcid': 'https://orcid.org/0000-0003-4042-3043', 'raw_name': 'F. Beck'}"
14,14,research_reviewer_main,2025-06-24 18:45:49,raw_ref_to_json.py,"{'key': 'author-29', 'name': 'Siming Chen', 's2_id': None, 'orcid': 'https://orcid.org/0000-0002-2690-3588', 'raw_name': 'S. Chen'}"
14,14,research_reviewer_main,2025-06-24 18:45:49,raw_ref_to_json.py,"{'key': 'author-30', 'name': 'Yafeng Lu', 's2_id': None, 'orcid': 'https://orcid.org/0000-0002-3978-9550', 'raw_name': 'Y. Lu'}"
14,14,research_reviewer_main,2025-06-24 18:45:49,raw_ref_to_json.py,"{'key': 'author-31', 'name': 'Rolando Garcia', 's2_id': None, 'orcid': None, 'raw_name': 'R. Garcia'}"
14,14,research_reviewer_main,2025-06-24 18:45:49,raw_ref_to_json.py,"{'key': 'author-32', 'name': 'Brett Hansen', 's2_id': None, 'orcid': None, 'raw_name': 'B. Hansen'}"
14,14,research_reviewer_main,2025-06-24 18:45:49,raw_ref_to_json.py,"{'key': 'author-33', 'name': 'Michael Gleicher', 's2_id': None, 'orcid': 'https://orcid.org/0000-0003-3295-4071', 'raw_name': 'M. Gleicher'}"
14,14,research_reviewer_main,2025-06-24 18:45:49,raw_ref_to_json.py,"{'key': 'author-34', 'name': 'Ross Maciejewski', 's2_id': None, 'orcid': 'https://orcid.org/0000-0001-8803-6355', 'raw_name': 'R. Maciejewski'}"
14,14,research_reviewer_main,2025-06-24 18:45:49,raw_ref_to_json.py,"{'key': 'author-35', 'name': 'Ming Yao', 's2_id': None, 'orcid': 'https://orcid.org/0000-0002-6377-6063', 'raw_name': 'Y. Ming'}"
14,14,research_reviewer_main,2025-06-24 18:45:49,raw_ref_to_json.py,"{'key': 'author-36', 'name': 'Huamin Qu', 's2_id': None, 'orcid': 'https://orcid.org/0000-0002-3344-9694', 'raw_name': 'H. Qu'}"
14,14,research_reviewer_main,2025-06-24 18:45:49,raw_ref_to_json.py,"{'key': 'author-37', 'name': 'Enrico Bertini', 's2_id': None, 'orcid': 'https://orcid.org/0000-0002-9932-0551', 'raw_name': 'E. Bertini'}"
14,14,research_reviewer_main,2025-06-24 18:45:49,raw_ref_to_json.py,"{'key': 'author-38', 'name': 'Thomas Mühlbacher', 's2_id': None, 'orcid': None, 'raw_name': 'T. Muhlbacher'}"
14,14,research_reviewer_main,2025-06-24 18:45:49,raw_ref_to_json.py,"{'key': 'author-39', 'name': 'Harald Piringer', 's2_id': None, 'orcid': None, 'raw_name': 'H. Piringer'}"
15,15,research_reviewer_main,2025-06-24 18:45:49,raw_ref_to_json.py,"{'key': 'author-1', 'name': 'Chris Brunsdon', 's2_id': None, 'orcid': 'https://orcid.org/0000-0003-4254-1780', 'raw_name': 'C. Brunsdon'}"
15,15,research_reviewer_main,2025-06-24 18:45:49,raw_ref_to_json.py,"{'key': 'author-2', 'name': 'A. Stewart Fotheringham', 's2_id': None, 'orcid': 'https://orcid.org/0000-0002-0407-1901', 'raw_name': 'A. S. Fotheringham'}"
15,15,research_reviewer_main,2025-06-24 18:45:49,raw_ref_to_json.py,"{'key': 'author-3', 'name': 'Martin Charlton', 's2_id': None, 'orcid': 'https://orcid.org/0000-0002-0622-393X', 'raw_name': 'M. E. Charlton'}"
15,15,research_reviewer_main,2025-06-24 18:45:49,raw_ref_to_json.py,"{'key': 'author-4', 'name': 'Wenbai Yang', 's2_id': None, 'orcid': 'https://orcid.org/0000-0003-3293-8389', 'raw_name': 'W. Yang'}"
15,15,research_reviewer_main,2025-06-24 18:45:49,raw_ref_to_json.py,"{'key': 'author-5', 'name': 'Wei Kang', 's2_id': None, 'orcid': 'https://orcid.org/0000-0002-1073-7781', 'raw_name': 'W. Kang'}"
15,15,research_reviewer_main,2025-06-24 18:45:49,raw_ref_to_json.py,"{'key': 'author-6', 'name': 'T. Gao', 's2_id': None, 'orcid': None, 'raw_name': 'T. Gao'}"
15,15,research_reviewer_main,2025-06-24 18:45:49,raw_ref_to_json.py,"{'key': 'author-7', 'name': 'J. Hullman', 's2_id': None, 'orcid': None, 'raw_name': 'J. Hullman'}"
15,15,research_reviewer_main,2025-06-24 18:45:49,raw_ref_to_json.py,"{'key': 'author-8', 'name': 'E. Adar', 's2_id': None, 'orcid': None, 'raw_name': 'E. Adar'}"
15,15,research_reviewer_main,2025-06-24 18:45:49,raw_ref_to_json.py,"{'key': 'author-9', 'name': 'B. Hecht', 's2_id': None, 'orcid': None, 'raw_name': 'B. Hecht'}"
15,15,research_reviewer_main,2025-06-24 18:45:49,raw_ref_to_json.py,"{'key': 'author-10', 'name': 'N. Diakopoulos', 's2_id': None, 'orcid': None, 'raw_name': 'N. Diakopoulos'}"
15,15,research_reviewer_main,2025-06-24 18:45:49,raw_ref_to_json.py,"{'key': 'author-11', 'name': 'Sarah Goodwin', 's2_id': None, 'orcid': 'https://orcid.org/0000-0001-8894-8282', 'raw_name': 'S. Goodwin'}"
15,15,research_reviewer_main,2025-06-24 18:45:49,raw_ref_to_json.py,"{'key': 'author-12', 'name': 'Jason Dykes', 's2_id': None, 'orcid': 'https://orcid.org/0000-0002-8096-5763', 'raw_name': 'J. Dykes'}"
15,15,research_reviewer_main,2025-06-24 18:45:49,raw_ref_to_json.py,"{'key': 'author-13', 'name': 'Aidan Slingsby', 's2_id': None, 'orcid': 'https://orcid.org/0000-0003-3941-553X', 'raw_name': 'A. Slingsby'}"
15,15,research_reviewer_main,2025-06-24 18:45:49,raw_ref_to_json.py,"{'key': 'author-14', 'name': 'Çağatay Turkay', 's2_id': None, 'orcid': 'https://orcid.org/0000-0001-6788-251X', 'raw_name': 'C. Turkay'}"
15,15,research_reviewer_main,2025-06-24 18:45:49,raw_ref_to_json.py,"{'key': 'author-15', 'name': 'Jabba Hutt', 's2_id': None, 'orcid': None, 'raw_name': 'Jabba Hutt'}"
15,15,research_reviewer_main,2025-06-24 18:45:49,raw_ref_to_json.py,"{'key': 'author-16', 'name': 'Robert Kosara', 's2_id': None, 'orcid': 'https://orcid.org/0000-0002-1178-4029', 'raw_name': 'R. Kosara'}"
15,15,research_reviewer_main,2025-06-24 18:45:49,raw_ref_to_json.py,"{'key': 'author-17', 'name': 'Jock D. Mackinlay', 's2_id': None, 'orcid': None, 'raw_name': 'J. Mackinlay'}"
15,15,research_reviewer_main,2025-06-24 18:45:49,raw_ref_to_json.py,"{'key': 'author-18', 'name': 'J. Krause', 's2_id': None, 'orcid': None, 'raw_name': 'J. Krause'}"
15,15,research_reviewer_main,2025-06-24 18:45:49,raw_ref_to_json.py,"{'key': 'author-19', 'name': 'A. Perer', 's2_id': None, 'orcid': None, 'raw_name': 'A. Perer'}"
15,15,research_reviewer_main,2025-06-24 18:45:49,raw_ref_to_json.py,"{'key': 'author-20', 'name': 'K. Ng', 's2_id': None, 'orcid': None, 'raw_name': 'K. Ng'}"
15,15,research_reviewer_main,2025-06-24 18:45:49,raw_ref_to_json.py,"{'key': 'author-21', 'name': 'Chufan Lai', 's2_id': None, 'orcid': 'https://orcid.org/0009-0002-2880-7335', 'raw_name': 'C. Lai'}"
15,15,research_reviewer_main,2025-06-24 18:45:49,raw_ref_to_json.py,"{'key': 'author-22', 'name': 'Zhixian Lin', 's2_id': None, 'orcid': None, 'raw_name': 'Z. Lin'}"
15,15,research_reviewer_main,2025-06-24 18:45:49,raw_ref_to_json.py,"{'key': 'author-23', 'name': 'Ruike Jiang', 's2_id': None, 'orcid': 'https://orcid.org/0000-0002-5001-5310', 'raw_name': 'R. Jiang'}"
15,15,research_reviewer_main,2025-06-24 18:45:49,raw_ref_to_json.py,"{'key': 'author-24', 'name': 'Yun Han', 's2_id': None, 'orcid': 'https://orcid.org/0000-0003-1410-8090', 'raw_name': 'Y. Han'}"
15,15,research_reviewer_main,2025-06-24 18:45:49,raw_ref_to_json.py,"{'key': 'author-25', 'name': 'Can Liu', 's2_id': None, 'orcid': 'https://orcid.org/0000-0002-1175-0734', 'raw_name': 'C. Liu'}"
15,15,research_reviewer_main,2025-06-24 18:45:49,raw_ref_to_json.py,"{'key': 'author-26', 'name': 'Xiaoru Yuan', 's2_id': None, 'orcid': 'https://orcid.org/0000-0002-7233-980X', 'raw_name': 'X. Yuan'}"
15,15,research_reviewer_main,2025-06-24 18:45:49,raw_ref_to_json.py,"{'key': 'author-27', 'name': 'Shahid Latif', 's2_id': None, 'orcid': 'https://orcid.org/0000-0003-2060-5122', 'raw_name': 'S. Latif'}"
15,15,research_reviewer_main,2025-06-24 18:45:49,raw_ref_to_json.py,"{'key': 'author-28', 'name': 'Fabian Beck', 's2_id': None, 'orcid': 'https://orcid.org/0000-0003-4042-3043', 'raw_name': 'F. Beck'}"
15,15,research_reviewer_main,2025-06-24 18:45:49,raw_ref_to_json.py,"{'key': 'author-29', 'name': 'Siming Chen', 's2_id': None, 'orcid': 'https://orcid.org/0000-0002-2690-3588', 'raw_name': 'S. Chen'}"
15,15,research_reviewer_main,2025-06-24 18:45:49,raw_ref_to_json.py,"{'key': 'author-30', 'name': 'Yafeng Lu', 's2_id': None, 'orcid': 'https://orcid.org/0000-0002-3978-9550', 'raw_name': 'Y. Lu'}"
15,15,research_reviewer_main,2025-06-24 18:45:49,raw_ref_to_json.py,"{'key': 'author-31', 'name': 'Rolando Garcia', 's2_id': None, 'orcid': None, 'raw_name': 'R. Garcia'}"
15,15,research_reviewer_main,2025-06-24 18:45:49,raw_ref_to_json.py,"{'key': 'author-32', 'name': 'Brett Hansen', 's2_id': None, 'orcid': None, 'raw_name': 'B. Hansen'}"
15,15,research_reviewer_main,2025-06-24 18:45:49,raw_ref_to_json.py,"{'key': 'author-33', 'name': 'Michael Gleicher', 's2_id': None, 'orcid': 'https://orcid.org/0000-0003-3295-4071', 'raw_name': 'M. Gleicher'}"
15,15,research_reviewer_main,2025-06-24 18:45:49,raw_ref_to_json.py,"{'key': 'author-34', 'name': 'Ross Maciejewski', 's2_id': None, 'orcid': 'https://orcid.org/0000-0001-8803-6355', 'raw_name': 'R. Maciejewski'}"
15,15,research_reviewer_main,2025-06-24 18:45:49,raw_ref_to_json.py,"{'key': 'author-35', 'name': 'Ming Yao', 's2_id': None, 'orcid': 'https://orcid.org/0000-0002-6377-6063', 'raw_name': 'Y. Ming'}"
15,15,research_reviewer_main,2025-06-24 18:45:49,raw_ref_to_json.py,"{'key': 'author-36', 'name': 'Huamin Qu', 's2_id': None, 'orcid': 'https://orcid.org/0000-0002-3344-9694', 'raw_name': 'H. Qu'}"
15,15,research_reviewer_main,2025-06-24 18:45:49,raw_ref_to_json.py,"{'key': 'author-37', 'name': 'Enrico Bertini', 's2_id': None, 'orcid': 'https://orcid.org/0000-0002-9932-0551', 'raw_name': 'E. Bertini'}"
15,15,research_reviewer_main,2025-06-24 18:45:49,raw_ref_to_json.py,"{'key': 'author-38', 'name': 'Thomas Mühlbacher', 's2_id': None, 'orcid': None, 'raw_name': 'T. Muhlbacher'}"
15,15,research_reviewer_main,2025-06-24 18:45:49,raw_ref_to_json.py,"{'key': 'author-39', 'name': 'Harald Piringer', 's2_id': None, 'orcid': None, 'raw_name': 'H. Piringer'}"
15,15,research_reviewer_main,2025-06-24 18:45:49,raw_ref_to_json.py,"{'key': 'author-40', 'name': 'Donghao Ren', 's2_id': None, 'orcid': 'https://orcid.org/0000-0001-8666-7241', 'raw_name': 'D. Ren'}"
15,15,research_reviewer_main,2025-06-24 18:45:49,raw_ref_to_json.py,"{'key': 'author-41', 'name': 'Matthew Brehmer', 's2_id': None, 'orcid': 'https://orcid.org/0000-0001-5524-2291', 'raw_name': 'M. Brehmer'}"
15,15,research_reviewer_main,2025-06-24 18:45:49,raw_ref_to_json.py,"{'key': 'author-42', 'name': 'Bongshin Lee', 's2_id': None, 'orcid': 'https://orcid.org/0000-0002-4217-627X', 'raw_name': 'B. Lee'}"
15,15,research_reviewer_main,2025-06-24 18:45:49,raw_ref_to_json.py,"{'key': 'author-43', 'name': 'Tobias Höllerer', 's2_id': None, 'orcid': 'https://orcid.org/0000-0002-6240-0291', 'raw_name': 'T. Hollerer'}"
15,15,research_reviewer_main,2025-06-24 18:45:49,raw_ref_to_json.py,"{'key': 'author-44', 'name': 'Eun Kyoung Choe', 's2_id': None, 'orcid': 'https://orcid.org/0000-0001-5038-8320', 'raw_name': 'E. K. Choe'}"
16,16,research_reviewer_main,2025-06-24 18:45:49,raw_ref_to_json.py,"{'key': 'author-1', 'name': 'Chris Brunsdon', 's2_id': None, 'orcid': 'https://orcid.org/0000-0003-4254-1780', 'raw_name': 'C. Brunsdon'}"
16,16,research_reviewer_main,2025-06-24 18:45:49,raw_ref_to_json.py,"{'key': 'author-2', 'name': 'A. Stewart Fotheringham', 's2_id': None, 'orcid': 'https://orcid.org/0000-0002-0407-1901', 'raw_name': 'A. S. Fotheringham'}"
16,16,research_reviewer_main,2025-06-24 18:45:49,raw_ref_to_json.py,"{'key': 'author-3', 'name': 'Martin Charlton', 's2_id': None, 'orcid': 'https://orcid.org/0000-0002-0622-393X', 'raw_name': 'M. E. Charlton'}"
16,16,research_reviewer_main,2025-06-24 18:45:49,raw_ref_to_json.py,"{'key': 'author-4', 'name': 'Wenbai Yang', 's2_id': None, 'orcid': 'https://orcid.org/0000-0003-3293-8389', 'raw_name': 'W. Yang'}"
16,16,research_reviewer_main,2025-06-24 18:45:49,raw_ref_to_json.py,"{'key': 'author-5', 'name': 'Wei Kang', 's2_id': None, 'orcid': 'https://orcid.org/0000-0002-1073-7781', 'raw_name': 'W. Kang'}"
16,16,research_reviewer_main,2025-06-24 18:45:49,raw_ref_to_json.py,"{'key': 'author-6', 'name': 'T. Gao', 's2_id': None, 'orcid': None, 'raw_name': 'T. Gao'}"
16,16,research_reviewer_main,2025-06-24 18:45:49,raw_ref_to_json.py,"{'key': 'author-7', 'name': 'J. Hullman', 's2_id': None, 'orcid': None, 'raw_name': 'J. Hullman'}"
16,16,research_reviewer_main,2025-06-24 18:45:49,raw_ref_to_json.py,"{'key': 'author-8', 'name': 'E. Adar', 's2_id': None, 'orcid': None, 'raw_name': 'E. Adar'}"
16,16,research_reviewer_main,2025-06-24 18:45:49,raw_ref_to_json.py,"{'key': 'author-9', 'name': 'B. Hecht', 's2_id': None, 'orcid': None, 'raw_name': 'B. Hecht'}"
16,16,research_reviewer_main,2025-06-24 18:45:49,raw_ref_to_json.py,"{'key': 'author-10', 'name': 'N. Diakopoulos', 's2_id': None, 'orcid': None, 'raw_name': 'N. Diakopoulos'}"
16,16,research_reviewer_main,2025-06-24 18:45:49,raw_ref_to_json.py,"{'key': 'author-11', 'name': 'Sarah Goodwin', 's2_id': None, 'orcid': 'https://orcid.org/0000-0001-8894-8282', 'raw_name': 'S. Goodwin'}"
16,16,research_reviewer_main,2025-06-24 18:45:49,raw_ref_to_json.py,"{'key': 'author-12', 'name': 'Jason Dykes', 's2_id': None, 'orcid': 'https://orcid.org/0000-0002-8096-5763', 'raw_name': 'J. Dykes'}"
16,16,research_reviewer_main,2025-06-24 18:45:49,raw_ref_to_json.py,"{'key': 'author-13', 'name': 'Aidan Slingsby', 's2_id': None, 'orcid': 'https://orcid.org/0000-0003-3941-553X', 'raw_name': 'A. Slingsby'}"
16,16,research_reviewer_main,2025-06-24 18:45:49,raw_ref_to_json.py,"{'key': 'author-14', 'name': 'Çağatay Turkay', 's2_id': None, 'orcid': 'https://orcid.org/0000-0001-6788-251X', 'raw_name': 'C. Turkay'}"
16,16,research_reviewer_main,2025-06-24 18:45:49,raw_ref_to_json.py,"{'key': 'author-15', 'name': 'Jabba Hutt', 's2_id': None, 'orcid': None, 'raw_name': 'Jabba Hutt'}"
16,16,research_reviewer_main,2025-06-24 18:45:49,raw_ref_to_json.py,"{'key': 'author-16', 'name': 'Robert Kosara', 's2_id': None, 'orcid': 'https://orcid.org/0000-0002-1178-4029', 'raw_name': 'R. Kosara'}"
16,16,research_reviewer_main,2025-06-24 18:45:49,raw_ref_to_json.py,"{'key': 'author-17', 'name': 'Jock D. Mackinlay', 's2_id': None, 'orcid': None, 'raw_name': 'J. Mackinlay'}"
16,16,research_reviewer_main,2025-06-24 18:45:49,raw_ref_to_json.py,"{'key': 'author-18', 'name': 'J. Krause', 's2_id': None, 'orcid': None, 'raw_name': 'J. Krause'}"
16,16,research_reviewer_main,2025-06-24 18:45:49,raw_ref_to_json.py,"{'key': 'author-19', 'name': 'A. Perer', 's2_id': None, 'orcid': None, 'raw_name': 'A. Perer'}"
16,16,research_reviewer_main,2025-06-24 18:45:49,raw_ref_to_json.py,"{'key': 'author-20', 'name': 'K. Ng', 's2_id': None, 'orcid': None, 'raw_name': 'K. Ng'}"
16,16,research_reviewer_main,2025-06-24 18:45:49,raw_ref_to_json.py,"{'key': 'author-21', 'name': 'Chufan Lai', 's2_id': None, 'orcid': 'https://orcid.org/0009-0002-2880-7335', 'raw_name': 'C. Lai'}"
16,16,research_reviewer_main,2025-06-24 18:45:49,raw_ref_to_json.py,"{'key': 'author-22', 'name': 'Zhixian Lin', 's2_id': None, 'orcid': None, 'raw_name': 'Z. Lin'}"
16,16,research_reviewer_main,2025-06-24 18:45:49,raw_ref_to_json.py,"{'key': 'author-23', 'name': 'Ruike Jiang', 's2_id': None, 'orcid': 'https://orcid.org/0000-0002-5001-5310', 'raw_name': 'R. Jiang'}"
16,16,research_reviewer_main,2025-06-24 18:45:49,raw_ref_to_json.py,"{'key': 'author-24', 'name': 'Yun Han', 's2_id': None, 'orcid': 'https://orcid.org/0000-0003-1410-8090', 'raw_name': 'Y. Han'}"
16,16,research_reviewer_main,2025-06-24 18:45:49,raw_ref_to_json.py,"{'key': 'author-25', 'name': 'Can Liu', 's2_id': None, 'orcid': 'https://orcid.org/0000-0002-1175-0734', 'raw_name': 'C. Liu'}"
16,16,research_reviewer_main,2025-06-24 18:45:49,raw_ref_to_json.py,"{'key': 'author-26', 'name': 'Xiaoru Yuan', 's2_id': None, 'orcid': 'https://orcid.org/0000-0002-7233-980X', 'raw_name': 'X. Yuan'}"
16,16,research_reviewer_main,2025-06-24 18:45:49,raw_ref_to_json.py,"{'key': 'author-27', 'name': 'Shahid Latif', 's2_id': None, 'orcid': 'https://orcid.org/0000-0003-2060-5122', 'raw_name': 'S. Latif'}"
16,16,research_reviewer_main,2025-06-24 18:45:49,raw_ref_to_json.py,"{'key': 'author-28', 'name': 'Fabian Beck', 's2_id': None, 'orcid': 'https://orcid.org/0000-0003-4042-3043', 'raw_name': 'F. Beck'}"
16,16,research_reviewer_main,2025-06-24 18:45:49,raw_ref_to_json.py,"{'key': 'author-29', 'name': 'Siming Chen', 's2_id': None, 'orcid': 'https://orcid.org/0000-0002-2690-3588', 'raw_name': 'S. Chen'}"
16,16,research_reviewer_main,2025-06-24 18:45:49,raw_ref_to_json.py,"{'key': 'author-30', 'name': 'Yafeng Lu', 's2_id': None, 'orcid': 'https://orcid.org/0000-0002-3978-9550', 'raw_name': 'Y. Lu'}"
16,16,research_reviewer_main,2025-06-24 18:45:49,raw_ref_to_json.py,"{'key': 'author-31', 'name': 'Rolando Garcia', 's2_id': None, 'orcid': None, 'raw_name': 'R. Garcia'}"
16,16,research_reviewer_main,2025-06-24 18:45:49,raw_ref_to_json.py,"{'key': 'author-32', 'name': 'Brett Hansen', 's2_id': None, 'orcid': None, 'raw_name': 'B. Hansen'}"
16,16,research_reviewer_main,2025-06-24 18:45:49,raw_ref_to_json.py,"{'key': 'author-33', 'name': 'Michael Gleicher', 's2_id': None, 'orcid': 'https://orcid.org/0000-0003-3295-4071', 'raw_name': 'M. Gleicher'}"
16,16,research_reviewer_main,2025-06-24 18:45:49,raw_ref_to_json.py,"{'key': 'author-34', 'name': 'Ross Maciejewski', 's2_id': None, 'orcid': 'https://orcid.org/0000-0001-8803-6355', 'raw_name': 'R. Maciejewski'}"
16,16,research_reviewer_main,2025-06-24 18:45:49,raw_ref_to_json.py,"{'key': 'author-35', 'name': 'Ming Yao', 's2_id': None, 'orcid': 'https://orcid.org/0000-0002-6377-6063', 'raw_name': 'Y. Ming'}"
16,16,research_reviewer_main,2025-06-24 18:45:49,raw_ref_to_json.py,"{'key': 'author-36', 'name': 'Huamin Qu', 's2_id': None, 'orcid': 'https://orcid.org/0000-0002-3344-9694', 'raw_name': 'H. Qu'}"
16,16,research_reviewer_main,2025-06-24 18:45:49,raw_ref_to_json.py,"{'key': 'author-37', 'name': 'Enrico Bertini', 's2_id': None, 'orcid': 'https://orcid.org/0000-0002-9932-0551', 'raw_name': 'E. Bertini'}"
16,16,research_reviewer_main,2025-06-24 18:45:49,raw_ref_to_json.py,"{'key': 'author-38', 'name': 'Thomas Mühlbacher', 's2_id': None, 'orcid': None, 'raw_name': 'T. Muhlbacher'}"
16,16,research_reviewer_main,2025-06-24 18:45:49,raw_ref_to_json.py,"{'key': 'author-39', 'name': 'Harald Piringer', 's2_id': None, 'orcid': None, 'raw_name': 'H. Piringer'}"
16,16,research_reviewer_main,2025-06-24 18:45:49,raw_ref_to_json.py,"{'key': 'author-40', 'name': 'Donghao Ren', 's2_id': None, 'orcid': 'https://orcid.org/0000-0001-8666-7241', 'raw_name': 'D. Ren'}"
16,16,research_reviewer_main,2025-06-24 18:45:49,raw_ref_to_json.py,"{'key': 'author-41', 'name': 'Matthew Brehmer', 's2_id': None, 'orcid': 'https://orcid.org/0000-0001-5524-2291', 'raw_name': 'M. Brehmer'}"
16,16,research_reviewer_main,2025-06-24 18:45:49,raw_ref_to_json.py,"{'key': 'author-42', 'name': 'Bongshin Lee', 's2_id': None, 'orcid': 'https://orcid.org/0000-0002-4217-627X', 'raw_name': 'B. Lee'}"
16,16,research_reviewer_main,2025-06-24 18:45:49,raw_ref_to_json.py,"{'key': 'author-43', 'name': 'Tobias Höllerer', 's2_id': None, 'orcid': 'https://orcid.org/0000-0002-6240-0291', 'raw_name': 'T. Hollerer'}"
16,16,research_reviewer_main,2025-06-24 18:45:49,raw_ref_to_json.py,"{'key': 'author-44', 'name': 'Eun Kyoung Choe', 's2_id': None, 'orcid': 'https://orcid.org/0000-0001-5038-8320', 'raw_name': 'E. K. Choe'}"
16,16,research_reviewer_main,2025-06-24 18:45:49,raw_ref_to_json.py,"{'key': 'author-45', 'name': 'Arvind Satyanarayan', 's2_id': None, 'orcid': 'https://orcid.org/0000-0001-5564-635X', 'raw_name': 'A. Satyanarayan'}"
16,16,research_reviewer_main,2025-06-24 18:45:49,raw_ref_to_json.py,"{'key': 'author-46', 'name': 'Jeffrey Heer', 's2_id': None, 'orcid': 'https://orcid.org/0000-0002-6175-1655', 'raw_name': 'J. Heer'}"
17,17,research_reviewer_main,2025-06-24 18:45:49,raw_ref_to_json.py,"{'key': 'author-1', 'name': 'Chris Brunsdon', 's2_id': None, 'orcid': 'https://orcid.org/0000-0003-4254-1780', 'raw_name': 'C. Brunsdon'}"
17,17,research_reviewer_main,2025-06-24 18:45:49,raw_ref_to_json.py,"{'key': 'author-2', 'name': 'A. Stewart Fotheringham', 's2_id': None, 'orcid': 'https://orcid.org/0000-0002-0407-1901', 'raw_name': 'A. S. Fotheringham'}"
17,17,research_reviewer_main,2025-06-24 18:45:49,raw_ref_to_json.py,"{'key': 'author-3', 'name': 'Martin Charlton', 's2_id': None, 'orcid': 'https://orcid.org/0000-0002-0622-393X', 'raw_name': 'M. E. Charlton'}"
17,17,research_reviewer_main,2025-06-24 18:45:49,raw_ref_to_json.py,"{'key': 'author-4', 'name': 'Wenbai Yang', 's2_id': None, 'orcid': 'https://orcid.org/0000-0003-3293-8389', 'raw_name': 'W. Yang'}"
17,17,research_reviewer_main,2025-06-24 18:45:49,raw_ref_to_json.py,"{'key': 'author-5', 'name': 'Wei Kang', 's2_id': None, 'orcid': 'https://orcid.org/0000-0002-1073-7781', 'raw_name': 'W. Kang'}"
17,17,research_reviewer_main,2025-06-24 18:45:49,raw_ref_to_json.py,"{'key': 'author-6', 'name': 'T. Gao', 's2_id': None, 'orcid': None, 'raw_name': 'T. Gao'}"
17,17,research_reviewer_main,2025-06-24 18:45:49,raw_ref_to_json.py,"{'key': 'author-7', 'name': 'J. Hullman', 's2_id': None, 'orcid': None, 'raw_name': 'J. Hullman'}"
17,17,research_reviewer_main,2025-06-24 18:45:49,raw_ref_to_json.py,"{'key': 'author-8', 'name': 'E. Adar', 's2_id': None, 'orcid': None, 'raw_name': 'E. Adar'}"
17,17,research_reviewer_main,2025-06-24 18:45:49,raw_ref_to_json.py,"{'key': 'author-9', 'name': 'B. Hecht', 's2_id': None, 'orcid': None, 'raw_name': 'B. Hecht'}"
17,17,research_reviewer_main,2025-06-24 18:45:49,raw_ref_to_json.py,"{'key': 'author-10', 'name': 'N. Diakopoulos', 's2_id': None, 'orcid': None, 'raw_name': 'N. Diakopoulos'}"
17,17,research_reviewer_main,2025-06-24 18:45:49,raw_ref_to_json.py,"{'key': 'author-11', 'name': 'Sarah Goodwin', 's2_id': None, 'orcid': 'https://orcid.org/0000-0001-8894-8282', 'raw_name': 'S. Goodwin'}"
17,17,research_reviewer_main,2025-06-24 18:45:49,raw_ref_to_json.py,"{'key': 'author-12', 'name': 'Jason Dykes', 's2_id': None, 'orcid': 'https://orcid.org/0000-0002-8096-5763', 'raw_name': 'J. Dykes'}"
17,17,research_reviewer_main,2025-06-24 18:45:49,raw_ref_to_json.py,"{'key': 'author-13', 'name': 'Aidan Slingsby', 's2_id': None, 'orcid': 'https://orcid.org/0000-0003-3941-553X', 'raw_name': 'A. Slingsby'}"
17,17,research_reviewer_main,2025-06-24 18:45:49,raw_ref_to_json.py,"{'key': 'author-14', 'name': 'Çağatay Turkay', 's2_id': None, 'orcid': 'https://orcid.org/0000-0001-6788-251X', 'raw_name': 'C. Turkay'}"
17,17,research_reviewer_main,2025-06-24 18:45:49,raw_ref_to_json.py,"{'key': 'author-15', 'name': 'Jabba Hutt', 's2_id': None, 'orcid': None, 'raw_name': 'Jabba Hutt'}"
17,17,research_reviewer_main,2025-06-24 18:45:49,raw_ref_to_json.py,"{'key': 'author-16', 'name': 'Robert Kosara', 's2_id': None, 'orcid': 'https://orcid.org/0000-0002-1178-4029', 'raw_name': 'R. Kosara'}"
17,17,research_reviewer_main,2025-06-24 18:45:49,raw_ref_to_json.py,"{'key': 'author-17', 'name': 'Jock D. Mackinlay', 's2_id': None, 'orcid': None, 'raw_name': 'J. Mackinlay'}"
17,17,research_reviewer_main,2025-06-24 18:45:49,raw_ref_to_json.py,"{'key': 'author-18', 'name': 'J. Krause', 's2_id': None, 'orcid': None, 'raw_name': 'J. Krause'}"
17,17,research_reviewer_main,2025-06-24 18:45:49,raw_ref_to_json.py,"{'key': 'author-19', 'name': 'A. Perer', 's2_id': None, 'orcid': None, 'raw_name': 'A. Perer'}"
17,17,research_reviewer_main,2025-06-24 18:45:49,raw_ref_to_json.py,"{'key': 'author-20', 'name': 'K. Ng', 's2_id': None, 'orcid': None, 'raw_name': 'K. Ng'}"
17,17,research_reviewer_main,2025-06-24 18:45:49,raw_ref_to_json.py,"{'key': 'author-21', 'name': 'Chufan Lai', 's2_id': None, 'orcid': 'https://orcid.org/0009-0002-2880-7335', 'raw_name': 'C. Lai'}"
17,17,research_reviewer_main,2025-06-24 18:45:49,raw_ref_to_json.py,"{'key': 'author-22', 'name': 'Zhixian Lin', 's2_id': None, 'orcid': None, 'raw_name': 'Z. Lin'}"
17,17,research_reviewer_main,2025-06-24 18:45:49,raw_ref_to_json.py,"{'key': 'author-23', 'name': 'Ruike Jiang', 's2_id': None, 'orcid': 'https://orcid.org/0000-0002-5001-5310', 'raw_name': 'R. Jiang'}"
17,17,research_reviewer_main,2025-06-24 18:45:49,raw_ref_to_json.py,"{'key': 'author-24', 'name': 'Yun Han', 's2_id': None, 'orcid': 'https://orcid.org/0000-0003-1410-8090', 'raw_name': 'Y. Han'}"
17,17,research_reviewer_main,2025-06-24 18:45:49,raw_ref_to_json.py,"{'key': 'author-25', 'name': 'Can Liu', 's2_id': None, 'orcid': 'https://orcid.org/0000-0002-1175-0734', 'raw_name': 'C. Liu'}"
17,17,research_reviewer_main,2025-06-24 18:45:49,raw_ref_to_json.py,"{'key': 'author-26', 'name': 'Xiaoru Yuan', 's2_id': None, 'orcid': 'https://orcid.org/0000-0002-7233-980X', 'raw_name': 'X. Yuan'}"
17,17,research_reviewer_main,2025-06-24 18:45:49,raw_ref_to_json.py,"{'key': 'author-27', 'name': 'Shahid Latif', 's2_id': None, 'orcid': 'https://orcid.org/0000-0003-2060-5122', 'raw_name': 'S. Latif'}"
17,17,research_reviewer_main,2025-06-24 18:45:49,raw_ref_to_json.py,"{'key': 'author-28', 'name': 'Fabian Beck', 's2_id': None, 'orcid': 'https://orcid.org/0000-0003-4042-3043', 'raw_name': 'F. Beck'}"
17,17,research_reviewer_main,2025-06-24 18:45:49,raw_ref_to_json.py,"{'key': 'author-29', 'name': 'Siming Chen', 's2_id': None, 'orcid': 'https://orcid.org/0000-0002-2690-3588', 'raw_name': 'S. Chen'}"
17,17,research_reviewer_main,2025-06-24 18:45:49,raw_ref_to_json.py,"{'key': 'author-30', 'name': 'Yafeng Lu', 's2_id': None, 'orcid': 'https://orcid.org/0000-0002-3978-9550', 'raw_name': 'Y. Lu'}"
17,17,research_reviewer_main,2025-06-24 18:45:49,raw_ref_to_json.py,"{'key': 'author-31', 'name': 'Rolando Garcia', 's2_id': None, 'orcid': None, 'raw_name': 'R. Garcia'}"
17,17,research_reviewer_main,2025-06-24 18:45:49,raw_ref_to_json.py,"{'key': 'author-32', 'name': 'Brett Hansen', 's2_id': None, 'orcid': None, 'raw_name': 'B. Hansen'}"
17,17,research_reviewer_main,2025-06-24 18:45:49,raw_ref_to_json.py,"{'key': 'author-33', 'name': 'Michael Gleicher', 's2_id': None, 'orcid': 'https://orcid.org/0000-0003-3295-4071', 'raw_name': 'M. Gleicher'}"
17,17,research_reviewer_main,2025-06-24 18:45:49,raw_ref_to_json.py,"{'key': 'author-34', 'name': 'Ross Maciejewski', 's2_id': None, 'orcid': 'https://orcid.org/0000-0001-8803-6355', 'raw_name': 'R. Maciejewski'}"
17,17,research_reviewer_main,2025-06-24 18:45:49,raw_ref_to_json.py,"{'key': 'author-35', 'name': 'Ming Yao', 's2_id': None, 'orcid': 'https://orcid.org/0000-0002-6377-6063', 'raw_name': 'Y. Ming'}"
17,17,research_reviewer_main,2025-06-24 18:45:49,raw_ref_to_json.py,"{'key': 'author-36', 'name': 'Huamin Qu', 's2_id': None, 'orcid': 'https://orcid.org/0000-0002-3344-9694', 'raw_name': 'H. Qu'}"
17,17,research_reviewer_main,2025-06-24 18:45:49,raw_ref_to_json.py,"{'key': 'author-37', 'name': 'Enrico Bertini', 's2_id': None, 'orcid': 'https://orcid.org/0000-0002-9932-0551', 'raw_name': 'E. Bertini'}"
17,17,research_reviewer_main,2025-06-24 18:45:49,raw_ref_to_json.py,"{'key': 'author-38', 'name': 'Thomas Mühlbacher', 's2_id': None, 'orcid': None, 'raw_name': 'T. Muhlbacher'}"
17,17,research_reviewer_main,2025-06-24 18:45:49,raw_ref_to_json.py,"{'key': 'author-39', 'name': 'Harald Piringer', 's2_id': None, 'orcid': None, 'raw_name': 'H. Piringer'}"
17,17,research_reviewer_main,2025-06-24 18:45:49,raw_ref_to_json.py,"{'key': 'author-40', 'name': 'Donghao Ren', 's2_id': None, 'orcid': 'https://orcid.org/0000-0001-8666-7241', 'raw_name': 'D. Ren'}"
17,17,research_reviewer_main,2025-06-24 18:45:49,raw_ref_to_json.py,"{'key': 'author-41', 'name': 'Matthew Brehmer', 's2_id': None, 'orcid': 'https://orcid.org/0000-0001-5524-2291', 'raw_name': 'M. Brehmer'}"
17,17,research_reviewer_main,2025-06-24 18:45:49,raw_ref_to_json.py,"{'key': 'author-42', 'name': 'Bongshin Lee', 's2_id': None, 'orcid': 'https://orcid.org/0000-0002-4217-627X', 'raw_name': 'B. Lee'}"
17,17,research_reviewer_main,2025-06-24 18:45:49,raw_ref_to_json.py,"{'key': 'author-43', 'name': 'Tobias Höllerer', 's2_id': None, 'orcid': 'https://orcid.org/0000-0002-6240-0291', 'raw_name': 'T. Hollerer'}"
17,17,research_reviewer_main,2025-06-24 18:45:49,raw_ref_to_json.py,"{'key': 'author-44', 'name': 'Eun Kyoung Choe', 's2_id': None, 'orcid': 'https://orcid.org/0000-0001-5038-8320', 'raw_name': 'E. K. Choe'}"
17,17,research_reviewer_main,2025-06-24 18:45:49,raw_ref_to_json.py,"{'key': 'author-45', 'name': 'Arvind Satyanarayan', 's2_id': None, 'orcid': 'https://orcid.org/0000-0001-5564-635X', 'raw_name': 'A. Satyanarayan'}"
17,17,research_reviewer_main,2025-06-24 18:45:49,raw_ref_to_json.py,"{'key': 'author-46', 'name': 'Jeffrey Heer', 's2_id': None, 'orcid': 'https://orcid.org/0000-0002-6175-1655', 'raw_name': 'J. Heer'}"
17,17,research_reviewer_main,2025-06-24 18:45:49,raw_ref_to_json.py,"{'key': 'author-47', 'name': 'Michael Sedlmair', 's2_id': None, 'orcid': 'https://orcid.org/0000-0001-7048-9292', 'raw_name': 'M. Sedlmair'}"
17,17,research_reviewer_main,2025-06-24 18:45:49,raw_ref_to_json.py,"{'key': 'author-48', 'name': 'Christoph Heinzl', 's2_id': None, 'orcid': 'https://orcid.org/0000-0002-3173-8871', 'raw_name': 'C. Heinzl'}"
17,17,research_reviewer_main,2025-06-24 18:45:49,raw_ref_to_json.py,"{'key': 'author-49', 'name': 'Stefan Brückner', 's2_id': None, 'orcid': 'https://orcid.org/0000-0002-0885-8402', 'raw_name': 'S. Bruckner'}"
17,17,research_reviewer_main,2025-06-24 18:45:49,raw_ref_to_json.py,"{'key': 'author-50', 'name': 'Torsten Möller', 's2_id': None, 'orcid': 'https://orcid.org/0000-0003-1192-0710', 'raw_name': 'T. Moller'}"
18,18,research_reviewer_main,2025-06-24 18:45:49,raw_ref_to_json.py,"{'key': 'author-1', 'name': 'Chris Brunsdon', 's2_id': None, 'orcid': 'https://orcid.org/0000-0003-4254-1780', 'raw_name': 'C. Brunsdon'}"
18,18,research_reviewer_main,2025-06-24 18:45:49,raw_ref_to_json.py,"{'key': 'author-2', 'name': 'A. Stewart Fotheringham', 's2_id': None, 'orcid': 'https://orcid.org/0000-0002-0407-1901', 'raw_name': 'A. S. Fotheringham'}"
18,18,research_reviewer_main,2025-06-24 18:45:49,raw_ref_to_json.py,"{'key': 'author-3', 'name': 'Martin Charlton', 's2_id': None, 'orcid': 'https://orcid.org/0000-0002-0622-393X', 'raw_name': 'M. E. Charlton'}"
18,18,research_reviewer_main,2025-06-24 18:45:49,raw_ref_to_json.py,"{'key': 'author-4', 'name': 'Wenbai Yang', 's2_id': None, 'orcid': 'https://orcid.org/0000-0003-3293-8389', 'raw_name': 'W. Yang'}"
18,18,research_reviewer_main,2025-06-24 18:45:49,raw_ref_to_json.py,"{'key': 'author-5', 'name': 'Wei Kang', 's2_id': None, 'orcid': 'https://orcid.org/0000-0002-1073-7781', 'raw_name': 'W. Kang'}"
18,18,research_reviewer_main,2025-06-24 18:45:49,raw_ref_to_json.py,"{'key': 'author-6', 'name': 'T. Gao', 's2_id': None, 'orcid': None, 'raw_name': 'T. Gao'}"
18,18,research_reviewer_main,2025-06-24 18:45:49,raw_ref_to_json.py,"{'key': 'author-7', 'name': 'J. Hullman', 's2_id': None, 'orcid': None, 'raw_name': 'J. Hullman'}"
18,18,research_reviewer_main,2025-06-24 18:45:49,raw_ref_to_json.py,"{'key': 'author-8', 'name': 'E. Adar', 's2_id': None, 'orcid': None, 'raw_name': 'E. Adar'}"
18,18,research_reviewer_main,2025-06-24 18:45:49,raw_ref_to_json.py,"{'key': 'author-9', 'name': 'B. Hecht', 's2_id': None, 'orcid': None, 'raw_name': 'B. Hecht'}"
18,18,research_reviewer_main,2025-06-24 18:45:49,raw_ref_to_json.py,"{'key': 'author-10', 'name': 'N. Diakopoulos', 's2_id': None, 'orcid': None, 'raw_name': 'N. Diakopoulos'}"
18,18,research_reviewer_main,2025-06-24 18:45:49,raw_ref_to_json.py,"{'key': 'author-11', 'name': 'Sarah Goodwin', 's2_id': None, 'orcid': 'https://orcid.org/0000-0001-8894-8282', 'raw_name': 'S. Goodwin'}"
18,18,research_reviewer_main,2025-06-24 18:45:49,raw_ref_to_json.py,"{'key': 'author-12', 'name': 'Jason Dykes', 's2_id': None, 'orcid': 'https://orcid.org/0000-0002-8096-5763', 'raw_name': 'J. Dykes'}"
18,18,research_reviewer_main,2025-06-24 18:45:49,raw_ref_to_json.py,"{'key': 'author-13', 'name': 'Aidan Slingsby', 's2_id': None, 'orcid': 'https://orcid.org/0000-0003-3941-553X', 'raw_name': 'A. Slingsby'}"
18,18,research_reviewer_main,2025-06-24 18:45:49,raw_ref_to_json.py,"{'key': 'author-14', 'name': 'Çağatay Turkay', 's2_id': None, 'orcid': 'https://orcid.org/0000-0001-6788-251X', 'raw_name': 'C. Turkay'}"
18,18,research_reviewer_main,2025-06-24 18:45:49,raw_ref_to_json.py,"{'key': 'author-15', 'name': 'Jabba Hutt', 's2_id': None, 'orcid': None, 'raw_name': 'Jabba Hutt'}"
18,18,research_reviewer_main,2025-06-24 18:45:49,raw_ref_to_json.py,"{'key': 'author-16', 'name': 'Robert Kosara', 's2_id': None, 'orcid': 'https://orcid.org/0000-0002-1178-4029', 'raw_name': 'R. Kosara'}"
18,18,research_reviewer_main,2025-06-24 18:45:49,raw_ref_to_json.py,"{'key': 'author-17', 'name': 'Jock D. Mackinlay', 's2_id': None, 'orcid': None, 'raw_name': 'J. Mackinlay'}"
18,18,research_reviewer_main,2025-06-24 18:45:49,raw_ref_to_json.py,"{'key': 'author-18', 'name': 'J. Krause', 's2_id': None, 'orcid': None, 'raw_name': 'J. Krause'}"
18,18,research_reviewer_main,2025-06-24 18:45:49,raw_ref_to_json.py,"{'key': 'author-19', 'name': 'A. Perer', 's2_id': None, 'orcid': None, 'raw_name': 'A. Perer'}"
18,18,research_reviewer_main,2025-06-24 18:45:49,raw_ref_to_json.py,"{'key': 'author-20', 'name': 'K. Ng', 's2_id': None, 'orcid': None, 'raw_name': 'K. Ng'}"
18,18,research_reviewer_main,2025-06-24 18:45:49,raw_ref_to_json.py,"{'key': 'author-21', 'name': 'Chufan Lai', 's2_id': None, 'orcid': 'https://orcid.org/0009-0002-2880-7335', 'raw_name': 'C. Lai'}"
18,18,research_reviewer_main,2025-06-24 18:45:49,raw_ref_to_json.py,"{'key': 'author-22', 'name': 'Zhixian Lin', 's2_id': None, 'orcid': None, 'raw_name': 'Z. Lin'}"
18,18,research_reviewer_main,2025-06-24 18:45:49,raw_ref_to_json.py,"{'key': 'author-23', 'name': 'Ruike Jiang', 's2_id': None, 'orcid': 'https://orcid.org/0000-0002-5001-5310', 'raw_name': 'R. Jiang'}"
18,18,research_reviewer_main,2025-06-24 18:45:49,raw_ref_to_json.py,"{'key': 'author-24', 'name': 'Yun Han', 's2_id': None, 'orcid': 'https://orcid.org/0000-0003-1410-8090', 'raw_name': 'Y. Han'}"
18,18,research_reviewer_main,2025-06-24 18:45:49,raw_ref_to_json.py,"{'key': 'author-25', 'name': 'Can Liu', 's2_id': None, 'orcid': 'https://orcid.org/0000-0002-1175-0734', 'raw_name': 'C. Liu'}"
18,18,research_reviewer_main,2025-06-24 18:45:49,raw_ref_to_json.py,"{'key': 'author-26', 'name': 'Xiaoru Yuan', 's2_id': None, 'orcid': 'https://orcid.org/0000-0002-7233-980X', 'raw_name': 'X. Yuan'}"
18,18,research_reviewer_main,2025-06-24 18:45:49,raw_ref_to_json.py,"{'key': 'author-27', 'name': 'Shahid Latif', 's2_id': None, 'orcid': 'https://orcid.org/0000-0003-2060-5122', 'raw_name': 'S. Latif'}"
18,18,research_reviewer_main,2025-06-24 18:45:49,raw_ref_to_json.py,"{'key': 'author-28', 'name': 'Fabian Beck', 's2_id': None, 'orcid': 'https://orcid.org/0000-0003-4042-3043', 'raw_name': 'F. Beck'}"
18,18,research_reviewer_main,2025-06-24 18:45:49,raw_ref_to_json.py,"{'key': 'author-29', 'name': 'Siming Chen', 's2_id': None, 'orcid': 'https://orcid.org/0000-0002-2690-3588', 'raw_name': 'S. Chen'}"
18,18,research_reviewer_main,2025-06-24 18:45:49,raw_ref_to_json.py,"{'key': 'author-30', 'name': 'Yafeng Lu', 's2_id': None, 'orcid': 'https://orcid.org/0000-0002-3978-9550', 'raw_name': 'Y. Lu'}"
18,18,research_reviewer_main,2025-06-24 18:45:49,raw_ref_to_json.py,"{'key': 'author-31', 'name': 'Rolando Garcia', 's2_id': None, 'orcid': None, 'raw_name': 'R. Garcia'}"
18,18,research_reviewer_main,2025-06-24 18:45:49,raw_ref_to_json.py,"{'key': 'author-32', 'name': 'Brett Hansen', 's2_id': None, 'orcid': None, 'raw_name': 'B. Hansen'}"
18,18,research_reviewer_main,2025-06-24 18:45:49,raw_ref_to_json.py,"{'key': 'author-33', 'name': 'Michael Gleicher', 's2_id': None, 'orcid': 'https://orcid.org/0000-0003-3295-4071', 'raw_name': 'M. Gleicher'}"
18,18,research_reviewer_main,2025-06-24 18:45:49,raw_ref_to_json.py,"{'key': 'author-34', 'name': 'Ross Maciejewski', 's2_id': None, 'orcid': 'https://orcid.org/0000-0001-8803-6355', 'raw_name': 'R. Maciejewski'}"
18,18,research_reviewer_main,2025-06-24 18:45:49,raw_ref_to_json.py,"{'key': 'author-35', 'name': 'Ming Yao', 's2_id': None, 'orcid': 'https://orcid.org/0000-0002-6377-6063', 'raw_name': 'Y. Ming'}"
18,18,research_reviewer_main,2025-06-24 18:45:49,raw_ref_to_json.py,"{'key': 'author-36', 'name': 'Huamin Qu', 's2_id': None, 'orcid': 'https://orcid.org/0000-0002-3344-9694', 'raw_name': 'H. Qu'}"
18,18,research_reviewer_main,2025-06-24 18:45:49,raw_ref_to_json.py,"{'key': 'author-37', 'name': 'Enrico Bertini', 's2_id': None, 'orcid': 'https://orcid.org/0000-0002-9932-0551', 'raw_name': 'E. Bertini'}"
18,18,research_reviewer_main,2025-06-24 18:45:49,raw_ref_to_json.py,"{'key': 'author-38', 'name': 'Thomas Mühlbacher', 's2_id': None, 'orcid': None, 'raw_name': 'T. Muhlbacher'}"
18,18,research_reviewer_main,2025-06-24 18:45:49,raw_ref_to_json.py,"{'key': 'author-39', 'name': 'Harald Piringer', 's2_id': None, 'orcid': None, 'raw_name': 'H. Piringer'}"
18,18,research_reviewer_main,2025-06-24 18:45:49,raw_ref_to_json.py,"{'key': 'author-40', 'name': 'Donghao Ren', 's2_id': None, 'orcid': 'https://orcid.org/0000-0001-8666-7241', 'raw_name': 'D. Ren'}"
18,18,research_reviewer_main,2025-06-24 18:45:49,raw_ref_to_json.py,"{'key': 'author-41', 'name': 'Matthew Brehmer', 's2_id': None, 'orcid': 'https://orcid.org/0000-0001-5524-2291', 'raw_name': 'M. Brehmer'}"
18,18,research_reviewer_main,2025-06-24 18:45:49,raw_ref_to_json.py,"{'key': 'author-42', 'name': 'Bongshin Lee', 's2_id': None, 'orcid': 'https://orcid.org/0000-0002-4217-627X', 'raw_name': 'B. Lee'}"
18,18,research_reviewer_main,2025-06-24 18:45:49,raw_ref_to_json.py,"{'key': 'author-43', 'name': 'Tobias Höllerer', 's2_id': None, 'orcid': 'https://orcid.org/0000-0002-6240-0291', 'raw_name': 'T. Hollerer'}"
18,18,research_reviewer_main,2025-06-24 18:45:49,raw_ref_to_json.py,"{'key': 'author-44', 'name': 'Eun Kyoung Choe', 's2_id': None, 'orcid': 'https://orcid.org/0000-0001-5038-8320', 'raw_name': 'E. K. Choe'}"
18,18,research_reviewer_main,2025-06-24 18:45:49,raw_ref_to_json.py,"{'key': 'author-45', 'name': 'Arvind Satyanarayan', 's2_id': None, 'orcid': 'https://orcid.org/0000-0001-5564-635X', 'raw_name': 'A. Satyanarayan'}"
18,18,research_reviewer_main,2025-06-24 18:45:49,raw_ref_to_json.py,"{'key': 'author-46', 'name': 'Jeffrey Heer', 's2_id': None, 'orcid': 'https://orcid.org/0000-0002-6175-1655', 'raw_name': 'J. Heer'}"
18,18,research_reviewer_main,2025-06-24 18:45:49,raw_ref_to_json.py,"{'key': 'author-47', 'name': 'Michael Sedlmair', 's2_id': None, 'orcid': 'https://orcid.org/0000-0001-7048-9292', 'raw_name': 'M. Sedlmair'}"
18,18,research_reviewer_main,2025-06-24 18:45:49,raw_ref_to_json.py,"{'key': 'author-48', 'name': 'Christoph Heinzl', 's2_id': None, 'orcid': 'https://orcid.org/0000-0002-3173-8871', 'raw_name': 'C. Heinzl'}"
18,18,research_reviewer_main,2025-06-24 18:45:49,raw_ref_to_json.py,"{'key': 'author-49', 'name': 'Stefan Brückner', 's2_id': None, 'orcid': 'https://orcid.org/0000-0002-0885-8402', 'raw_name': 'S. Bruckner'}"
18,18,research_reviewer_main,2025-06-24 18:45:49,raw_ref_to_json.py,"{'key': 'author-50', 'name': 'Torsten Möller', 's2_id': None, 'orcid': 'https://orcid.org/0000-0003-1192-0710', 'raw_name': 'T. Moller'}"
18,18,research_reviewer_main,2025-06-24 18:45:49,raw_ref_to_json.py,"{'key': 'author-51', 'name': 'Edward Segel', 's2_id': None, 'orcid': None, 'raw_name': 'E. Segel'}"
19,19,research_reviewer_main,2025-06-24 18:45:49,raw_ref_to_json.py,"{'key': 'author-1', 'name': 'Chris Brunsdon', 's2_id': None, 'orcid': 'https://orcid.org/0000-0003-4254-1780', 'raw_name': 'C. Brunsdon'}"
19,19,research_reviewer_main,2025-06-24 18:45:49,raw_ref_to_json.py,"{'key': 'author-2', 'name': 'A. Stewart Fotheringham', 's2_id': None, 'orcid': 'https://orcid.org/0000-0002-0407-1901', 'raw_name': 'A. S. Fotheringham'}"
19,19,research_reviewer_main,2025-06-24 18:45:49,raw_ref_to_json.py,"{'key': 'author-3', 'name': 'Martin Charlton', 's2_id': None, 'orcid': 'https://orcid.org/0000-0002-0622-393X', 'raw_name': 'M. E. Charlton'}"
19,19,research_reviewer_main,2025-06-24 18:45:49,raw_ref_to_json.py,"{'key': 'author-4', 'name': 'Wenbai Yang', 's2_id': None, 'orcid': 'https://orcid.org/0000-0003-3293-8389', 'raw_name': 'W. Yang'}"
19,19,research_reviewer_main,2025-06-24 18:45:49,raw_ref_to_json.py,"{'key': 'author-5', 'name': 'Wei Kang', 's2_id': None, 'orcid': 'https://orcid.org/0000-0002-1073-7781', 'raw_name': 'W. Kang'}"
19,19,research_reviewer_main,2025-06-24 18:45:49,raw_ref_to_json.py,"{'key': 'author-6', 'name': 'T. Gao', 's2_id': None, 'orcid': None, 'raw_name': 'T. Gao'}"
19,19,research_reviewer_main,2025-06-24 18:45:49,raw_ref_to_json.py,"{'key': 'author-7', 'name': 'J. Hullman', 's2_id': None, 'orcid': None, 'raw_name': 'J. Hullman'}"
19,19,research_reviewer_main,2025-06-24 18:45:49,raw_ref_to_json.py,"{'key': 'author-8', 'name': 'E. Adar', 's2_id': None, 'orcid': None, 'raw_name': 'E. Adar'}"
19,19,research_reviewer_main,2025-06-24 18:45:49,raw_ref_to_json.py,"{'key': 'author-9', 'name': 'B. Hecht', 's2_id': None, 'orcid': None, 'raw_name': 'B. Hecht'}"
19,19,research_reviewer_main,2025-06-24 18:45:49,raw_ref_to_json.py,"{'key': 'author-10', 'name': 'N. Diakopoulos', 's2_id': None, 'orcid': None, 'raw_name': 'N. Diakopoulos'}"
19,19,research_reviewer_main,2025-06-24 18:45:49,raw_ref_to_json.py,"{'key': 'author-11', 'name': 'Sarah Goodwin', 's2_id': None, 'orcid': 'https://orcid.org/0000-0001-8894-8282', 'raw_name': 'S. Goodwin'}"
19,19,research_reviewer_main,2025-06-24 18:45:49,raw_ref_to_json.py,"{'key': 'author-12', 'name': 'Jason Dykes', 's2_id': None, 'orcid': 'https://orcid.org/0000-0002-8096-5763', 'raw_name': 'J. Dykes'}"
19,19,research_reviewer_main,2025-06-24 18:45:49,raw_ref_to_json.py,"{'key': 'author-13', 'name': 'Aidan Slingsby', 's2_id': None, 'orcid': 'https://orcid.org/0000-0003-3941-553X', 'raw_name': 'A. Slingsby'}"
19,19,research_reviewer_main,2025-06-24 18:45:49,raw_ref_to_json.py,"{'key': 'author-14', 'name': 'Çağatay Turkay', 's2_id': None, 'orcid': 'https://orcid.org/0000-0001-6788-251X', 'raw_name': 'C. Turkay'}"
19,19,research_reviewer_main,2025-06-24 18:45:49,raw_ref_to_json.py,"{'key': 'author-15', 'name': 'Jabba Hutt', 's2_id': None, 'orcid': None, 'raw_name': 'Jabba Hutt'}"
19,19,research_reviewer_main,2025-06-24 18:45:49,raw_ref_to_json.py,"{'key': 'author-16', 'name': 'Robert Kosara', 's2_id': None, 'orcid': 'https://orcid.org/0000-0002-1178-4029', 'raw_name': 'R. Kosara'}"
19,19,research_reviewer_main,2025-06-24 18:45:49,raw_ref_to_json.py,"{'key': 'author-17', 'name': 'Jock D. Mackinlay', 's2_id': None, 'orcid': None, 'raw_name': 'J. Mackinlay'}"
19,19,research_reviewer_main,2025-06-24 18:45:49,raw_ref_to_json.py,"{'key': 'author-18', 'name': 'J. Krause', 's2_id': None, 'orcid': None, 'raw_name': 'J. Krause'}"
19,19,research_reviewer_main,2025-06-24 18:45:49,raw_ref_to_json.py,"{'key': 'author-19', 'name': 'A. Perer', 's2_id': None, 'orcid': None, 'raw_name': 'A. Perer'}"
19,19,research_reviewer_main,2025-06-24 18:45:49,raw_ref_to_json.py,"{'key': 'author-20', 'name': 'K. Ng', 's2_id': None, 'orcid': None, 'raw_name': 'K. Ng'}"
19,19,research_reviewer_main,2025-06-24 18:45:49,raw_ref_to_json.py,"{'key': 'author-21', 'name': 'Chufan Lai', 's2_id': None, 'orcid': 'https://orcid.org/0009-0002-2880-7335', 'raw_name': 'C. Lai'}"
19,19,research_reviewer_main,2025-06-24 18:45:49,raw_ref_to_json.py,"{'key': 'author-22', 'name': 'Zhixian Lin', 's2_id': None, 'orcid': None, 'raw_name': 'Z. Lin'}"
19,19,research_reviewer_main,2025-06-24 18:45:49,raw_ref_to_json.py,"{'key': 'author-23', 'name': 'Ruike Jiang', 's2_id': None, 'orcid': 'https://orcid.org/0000-0002-5001-5310', 'raw_name': 'R. Jiang'}"
19,19,research_reviewer_main,2025-06-24 18:45:49,raw_ref_to_json.py,"{'key': 'author-24', 'name': 'Yun Han', 's2_id': None, 'orcid': 'https://orcid.org/0000-0003-1410-8090', 'raw_name': 'Y. Han'}"
19,19,research_reviewer_main,2025-06-24 18:45:49,raw_ref_to_json.py,"{'key': 'author-25', 'name': 'Can Liu', 's2_id': None, 'orcid': 'https://orcid.org/0000-0002-1175-0734', 'raw_name': 'C. Liu'}"
19,19,research_reviewer_main,2025-06-24 18:45:49,raw_ref_to_json.py,"{'key': 'author-26', 'name': 'Xiaoru Yuan', 's2_id': None, 'orcid': 'https://orcid.org/0000-0002-7233-980X', 'raw_name': 'X. Yuan'}"
19,19,research_reviewer_main,2025-06-24 18:45:49,raw_ref_to_json.py,"{'key': 'author-27', 'name': 'Shahid Latif', 's2_id': None, 'orcid': 'https://orcid.org/0000-0003-2060-5122', 'raw_name': 'S. Latif'}"
19,19,research_reviewer_main,2025-06-24 18:45:49,raw_ref_to_json.py,"{'key': 'author-28', 'name': 'Fabian Beck', 's2_id': None, 'orcid': 'https://orcid.org/0000-0003-4042-3043', 'raw_name': 'F. Beck'}"
19,19,research_reviewer_main,2025-06-24 18:45:49,raw_ref_to_json.py,"{'key': 'author-29', 'name': 'Siming Chen', 's2_id': None, 'orcid': 'https://orcid.org/0000-0002-2690-3588', 'raw_name': 'S. Chen'}"
19,19,research_reviewer_main,2025-06-24 18:45:49,raw_ref_to_json.py,"{'key': 'author-30', 'name': 'Yafeng Lu', 's2_id': None, 'orcid': 'https://orcid.org/0000-0002-3978-9550', 'raw_name': 'Y. Lu'}"
19,19,research_reviewer_main,2025-06-24 18:45:49,raw_ref_to_json.py,"{'key': 'author-31', 'name': 'Rolando Garcia', 's2_id': None, 'orcid': None, 'raw_name': 'R. Garcia'}"
19,19,research_reviewer_main,2025-06-24 18:45:49,raw_ref_to_json.py,"{'key': 'author-32', 'name': 'Brett Hansen', 's2_id': None, 'orcid': None, 'raw_name': 'B. Hansen'}"
19,19,research_reviewer_main,2025-06-24 18:45:49,raw_ref_to_json.py,"{'key': 'author-33', 'name': 'Michael Gleicher', 's2_id': None, 'orcid': 'https://orcid.org/0000-0003-3295-4071', 'raw_name': 'M. Gleicher'}"
19,19,research_reviewer_main,2025-06-24 18:45:49,raw_ref_to_json.py,"{'key': 'author-34', 'name': 'Ross Maciejewski', 's2_id': None, 'orcid': 'https://orcid.org/0000-0001-8803-6355', 'raw_name': 'R. Maciejewski'}"
19,19,research_reviewer_main,2025-06-24 18:45:49,raw_ref_to_json.py,"{'key': 'author-35', 'name': 'Ming Yao', 's2_id': None, 'orcid': 'https://orcid.org/0000-0002-6377-6063', 'raw_name': 'Y. Ming'}"
19,19,research_reviewer_main,2025-06-24 18:45:49,raw_ref_to_json.py,"{'key': 'author-36', 'name': 'Huamin Qu', 's2_id': None, 'orcid': 'https://orcid.org/0000-0002-3344-9694', 'raw_name': 'H. Qu'}"
19,19,research_reviewer_main,2025-06-24 18:45:49,raw_ref_to_json.py,"{'key': 'author-37', 'name': 'Enrico Bertini', 's2_id': None, 'orcid': 'https://orcid.org/0000-0002-9932-0551', 'raw_name': 'E. Bertini'}"
19,19,research_reviewer_main,2025-06-24 18:45:49,raw_ref_to_json.py,"{'key': 'author-38', 'name': 'Thomas Mühlbacher', 's2_id': None, 'orcid': None, 'raw_name': 'T. Muhlbacher'}"
19,19,research_reviewer_main,2025-06-24 18:45:49,raw_ref_to_json.py,"{'key': 'author-39', 'name': 'Harald Piringer', 's2_id': None, 'orcid': None, 'raw_name': 'H. Piringer'}"
19,19,research_reviewer_main,2025-06-24 18:45:49,raw_ref_to_json.py,"{'key': 'author-40', 'name': 'Donghao Ren', 's2_id': None, 'orcid': 'https://orcid.org/0000-0001-8666-7241', 'raw_name': 'D. Ren'}"
19,19,research_reviewer_main,2025-06-24 18:45:49,raw_ref_to_json.py,"{'key': 'author-41', 'name': 'Matthew Brehmer', 's2_id': None, 'orcid': 'https://orcid.org/0000-0001-5524-2291', 'raw_name': 'M. Brehmer'}"
19,19,research_reviewer_main,2025-06-24 18:45:49,raw_ref_to_json.py,"{'key': 'author-42', 'name': 'Bongshin Lee', 's2_id': None, 'orcid': 'https://orcid.org/0000-0002-4217-627X', 'raw_name': 'B. Lee'}"
19,19,research_reviewer_main,2025-06-24 18:45:49,raw_ref_to_json.py,"{'key': 'author-43', 'name': 'Tobias Höllerer', 's2_id': None, 'orcid': 'https://orcid.org/0000-0002-6240-0291', 'raw_name': 'T. Hollerer'}"
19,19,research_reviewer_main,2025-06-24 18:45:49,raw_ref_to_json.py,"{'key': 'author-44', 'name': 'Eun Kyoung Choe', 's2_id': None, 'orcid': 'https://orcid.org/0000-0001-5038-8320', 'raw_name': 'E. K. Choe'}"
19,19,research_reviewer_main,2025-06-24 18:45:49,raw_ref_to_json.py,"{'key': 'author-45', 'name': 'Arvind Satyanarayan', 's2_id': None, 'orcid': 'https://orcid.org/0000-0001-5564-635X', 'raw_name': 'A. Satyanarayan'}"
19,19,research_reviewer_main,2025-06-24 18:45:49,raw_ref_to_json.py,"{'key': 'author-46', 'name': 'Jeffrey Heer', 's2_id': None, 'orcid': 'https://orcid.org/0000-0002-6175-1655', 'raw_name': 'J. Heer'}"
19,19,research_reviewer_main,2025-06-24 18:45:49,raw_ref_to_json.py,"{'key': 'author-47', 'name': 'Michael Sedlmair', 's2_id': None, 'orcid': 'https://orcid.org/0000-0001-7048-9292', 'raw_name': 'M. Sedlmair'}"
19,19,research_reviewer_main,2025-06-24 18:45:49,raw_ref_to_json.py,"{'key': 'author-48', 'name': 'Christoph Heinzl', 's2_id': None, 'orcid': 'https://orcid.org/0000-0002-3173-8871', 'raw_name': 'C. Heinzl'}"
19,19,research_reviewer_main,2025-06-24 18:45:49,raw_ref_to_json.py,"{'key': 'author-49', 'name': 'Stefan Brückner', 's2_id': None, 'orcid': 'https://orcid.org/0000-0002-0885-8402', 'raw_name': 'S. Bruckner'}"
19,19,research_reviewer_main,2025-06-24 18:45:49,raw_ref_to_json.py,"{'key': 'author-50', 'name': 'Torsten Möller', 's2_id': None, 'orcid': 'https://orcid.org/0000-0003-1192-0710', 'raw_name': 'T. Moller'}"
19,19,research_reviewer_main,2025-06-24 18:45:49,raw_ref_to_json.py,"{'key': 'author-51', 'name': 'Edward Segel', 's2_id': None, 'orcid': None, 'raw_name': 'E. Segel'}"
19,19,research_reviewer_main,2025-06-24 18:45:49,raw_ref_to_json.py,"{'key': 'author-52', 'name': 'Luke Skywalker', 's2_id': None, 'orcid': None, 'raw_name': 'Luke Skywalker'}"
19,19,research_reviewer_main,2025-06-24 18:45:49,raw_ref_to_json.py,"{'key': 'author-53', 'name': 'Obi-Wan Kenobi', 's2_id': None, 'orcid': None, 'raw_name': 'Obi-Wan Kenobi'}"
20,20,research_reviewer_main,2025-06-24 18:45:49,raw_ref_to_json.py,"{'key': 'author-1', 'name': 'Chris Brunsdon', 's2_id': None, 'orcid': 'https://orcid.org/0000-0003-4254-1780', 'raw_name': 'C. Brunsdon'}"
20,20,research_reviewer_main,2025-06-24 18:45:49,raw_ref_to_json.py,"{'key': 'author-2', 'name': 'A. Stewart Fotheringham', 's2_id': None, 'orcid': 'https://orcid.org/0000-0002-0407-1901', 'raw_name': 'A. S. Fotheringham'}"
20,20,research_reviewer_main,2025-06-24 18:45:49,raw_ref_to_json.py,"{'key': 'author-3', 'name': 'Martin Charlton', 's2_id': None, 'orcid': 'https://orcid.org/0000-0002-0622-393X', 'raw_name': 'M. E. Charlton'}"
20,20,research_reviewer_main,2025-06-24 18:45:49,raw_ref_to_json.py,"{'key': 'author-4', 'name': 'Wenbai Yang', 's2_id': None, 'orcid': 'https://orcid.org/0000-0003-3293-8389', 'raw_name': 'W. Yang'}"
20,20,research_reviewer_main,2025-06-24 18:45:49,raw_ref_to_json.py,"{'key': 'author-5', 'name': 'Wei Kang', 's2_id': None, 'orcid': 'https://orcid.org/0000-0002-1073-7781', 'raw_name': 'W. Kang'}"
20,20,research_reviewer_main,2025-06-24 18:45:49,raw_ref_to_json.py,"{'key': 'author-6', 'name': 'T. Gao', 's2_id': None, 'orcid': None, 'raw_name': 'T. Gao'}"
20,20,research_reviewer_main,2025-06-24 18:45:49,raw_ref_to_json.py,"{'key': 'author-7', 'name': 'J. Hullman', 's2_id': None, 'orcid': None, 'raw_name': 'J. Hullman'}"
20,20,research_reviewer_main,2025-06-24 18:45:49,raw_ref_to_json.py,"{'key': 'author-8', 'name': 'E. Adar', 's2_id': None, 'orcid': None, 'raw_name': 'E. Adar'}"
20,20,research_reviewer_main,2025-06-24 18:45:49,raw_ref_to_json.py,"{'key': 'author-9', 'name': 'B. Hecht', 's2_id': None, 'orcid': None, 'raw_name': 'B. Hecht'}"
20,20,research_reviewer_main,2025-06-24 18:45:49,raw_ref_to_json.py,"{'key': 'author-10', 'name': 'N. Diakopoulos', 's2_id': None, 'orcid': None, 'raw_name': 'N. Diakopoulos'}"
20,20,research_reviewer_main,2025-06-24 18:45:49,raw_ref_to_json.py,"{'key': 'author-11', 'name': 'Sarah Goodwin', 's2_id': None, 'orcid': 'https://orcid.org/0000-0001-8894-8282', 'raw_name': 'S. Goodwin'}"
20,20,research_reviewer_main,2025-06-24 18:45:49,raw_ref_to_json.py,"{'key': 'author-12', 'name': 'Jason Dykes', 's2_id': None, 'orcid': 'https://orcid.org/0000-0002-8096-5763', 'raw_name': 'J. Dykes'}"
20,20,research_reviewer_main,2025-06-24 18:45:49,raw_ref_to_json.py,"{'key': 'author-13', 'name': 'Aidan Slingsby', 's2_id': None, 'orcid': 'https://orcid.org/0000-0003-3941-553X', 'raw_name': 'A. Slingsby'}"
20,20,research_reviewer_main,2025-06-24 18:45:49,raw_ref_to_json.py,"{'key': 'author-14', 'name': 'Çağatay Turkay', 's2_id': None, 'orcid': 'https://orcid.org/0000-0001-6788-251X', 'raw_name': 'C. Turkay'}"
20,20,research_reviewer_main,2025-06-24 18:45:49,raw_ref_to_json.py,"{'key': 'author-15', 'name': 'Jabba Hutt', 's2_id': None, 'orcid': None, 'raw_name': 'Jabba Hutt'}"
20,20,research_reviewer_main,2025-06-24 18:45:49,raw_ref_to_json.py,"{'key': 'author-16', 'name': 'Robert Kosara', 's2_id': None, 'orcid': 'https://orcid.org/0000-0002-1178-4029', 'raw_name': 'R. Kosara'}"
20,20,research_reviewer_main,2025-06-24 18:45:49,raw_ref_to_json.py,"{'key': 'author-17', 'name': 'Jock D. Mackinlay', 's2_id': None, 'orcid': None, 'raw_name': 'J. Mackinlay'}"
20,20,research_reviewer_main,2025-06-24 18:45:49,raw_ref_to_json.py,"{'key': 'author-18', 'name': 'J. Krause', 's2_id': None, 'orcid': None, 'raw_name': 'J. Krause'}"
20,20,research_reviewer_main,2025-06-24 18:45:49,raw_ref_to_json.py,"{'key': 'author-19', 'name': 'A. Perer', 's2_id': None, 'orcid': None, 'raw_name': 'A. Perer'}"
20,20,research_reviewer_main,2025-06-24 18:45:49,raw_ref_to_json.py,"{'key': 'author-20', 'name': 'K. Ng', 's2_id': None, 'orcid': None, 'raw_name': 'K. Ng'}"
20,20,research_reviewer_main,2025-06-24 18:45:49,raw_ref_to_json.py,"{'key': 'author-21', 'name': 'Chufan Lai', 's2_id': None, 'orcid': 'https://orcid.org/0009-0002-2880-7335', 'raw_name': 'C. Lai'}"
20,20,research_reviewer_main,2025-06-24 18:45:49,raw_ref_to_json.py,"{'key': 'author-22', 'name': 'Zhixian Lin', 's2_id': None, 'orcid': None, 'raw_name': 'Z. Lin'}"
20,20,research_reviewer_main,2025-06-24 18:45:49,raw_ref_to_json.py,"{'key': 'author-23', 'name': 'Ruike Jiang', 's2_id': None, 'orcid': 'https://orcid.org/0000-0002-5001-5310', 'raw_name': 'R. Jiang'}"
20,20,research_reviewer_main,2025-06-24 18:45:49,raw_ref_to_json.py,"{'key': 'author-24', 'name': 'Yun Han', 's2_id': None, 'orcid': 'https://orcid.org/0000-0003-1410-8090', 'raw_name': 'Y. Han'}"
20,20,research_reviewer_main,2025-06-24 18:45:49,raw_ref_to_json.py,"{'key': 'author-25', 'name': 'Can Liu', 's2_id': None, 'orcid': 'https://orcid.org/0000-0002-1175-0734', 'raw_name': 'C. Liu'}"
20,20,research_reviewer_main,2025-06-24 18:45:49,raw_ref_to_json.py,"{'key': 'author-26', 'name': 'Xiaoru Yuan', 's2_id': None, 'orcid': 'https://orcid.org/0000-0002-7233-980X', 'raw_name': 'X. Yuan'}"
20,20,research_reviewer_main,2025-06-24 18:45:49,raw_ref_to_json.py,"{'key': 'author-27', 'name': 'Shahid Latif', 's2_id': None, 'orcid': 'https://orcid.org/0000-0003-2060-5122', 'raw_name': 'S. Latif'}"
20,20,research_reviewer_main,2025-06-24 18:45:49,raw_ref_to_json.py,"{'key': 'author-28', 'name': 'Fabian Beck', 's2_id': None, 'orcid': 'https://orcid.org/0000-0003-4042-3043', 'raw_name': 'F. Beck'}"
20,20,research_reviewer_main,2025-06-24 18:45:49,raw_ref_to_json.py,"{'key': 'author-29', 'name': 'Siming Chen', 's2_id': None, 'orcid': 'https://orcid.org/0000-0002-2690-3588', 'raw_name': 'S. Chen'}"
20,20,research_reviewer_main,2025-06-24 18:45:49,raw_ref_to_json.py,"{'key': 'author-30', 'name': 'Yafeng Lu', 's2_id': None, 'orcid': 'https://orcid.org/0000-0002-3978-9550', 'raw_name': 'Y. Lu'}"
20,20,research_reviewer_main,2025-06-24 18:45:49,raw_ref_to_json.py,"{'key': 'author-31', 'name': 'Rolando Garcia', 's2_id': None, 'orcid': None, 'raw_name': 'R. Garcia'}"
20,20,research_reviewer_main,2025-06-24 18:45:49,raw_ref_to_json.py,"{'key': 'author-32', 'name': 'Brett Hansen', 's2_id': None, 'orcid': None, 'raw_name': 'B. Hansen'}"
20,20,research_reviewer_main,2025-06-24 18:45:49,raw_ref_to_json.py,"{'key': 'author-33', 'name': 'Michael Gleicher', 's2_id': None, 'orcid': 'https://orcid.org/0000-0003-3295-4071', 'raw_name': 'M. Gleicher'}"
20,20,research_reviewer_main,2025-06-24 18:45:49,raw_ref_to_json.py,"{'key': 'author-34', 'name': 'Ross Maciejewski', 's2_id': None, 'orcid': 'https://orcid.org/0000-0001-8803-6355', 'raw_name': 'R. Maciejewski'}"
20,20,research_reviewer_main,2025-06-24 18:45:49,raw_ref_to_json.py,"{'key': 'author-35', 'name': 'Ming Yao', 's2_id': None, 'orcid': 'https://orcid.org/0000-0002-6377-6063', 'raw_name': 'Y. Ming'}"
20,20,research_reviewer_main,2025-06-24 18:45:49,raw_ref_to_json.py,"{'key': 'author-36', 'name': 'Huamin Qu', 's2_id': None, 'orcid': 'https://orcid.org/0000-0002-3344-9694', 'raw_name': 'H. Qu'}"
20,20,research_reviewer_main,2025-06-24 18:45:49,raw_ref_to_json.py,"{'key': 'author-37', 'name': 'Enrico Bertini', 's2_id': None, 'orcid': 'https://orcid.org/0000-0002-9932-0551', 'raw_name': 'E. Bertini'}"
20,20,research_reviewer_main,2025-06-24 18:45:49,raw_ref_to_json.py,"{'key': 'author-38', 'name': 'Thomas Mühlbacher', 's2_id': None, 'orcid': None, 'raw_name': 'T. Muhlbacher'}"
20,20,research_reviewer_main,2025-06-24 18:45:49,raw_ref_to_json.py,"{'key': 'author-39', 'name': 'Harald Piringer', 's2_id': None, 'orcid': None, 'raw_name': 'H. Piringer'}"
20,20,research_reviewer_main,2025-06-24 18:45:49,raw_ref_to_json.py,"{'key': 'author-40', 'name': 'Donghao Ren', 's2_id': None, 'orcid': 'https://orcid.org/0000-0001-8666-7241', 'raw_name': 'D. Ren'}"
20,20,research_reviewer_main,2025-06-24 18:45:49,raw_ref_to_json.py,"{'key': 'author-41', 'name': 'Matthew Brehmer', 's2_id': None, 'orcid': 'https://orcid.org/0000-0001-5524-2291', 'raw_name': 'M. Brehmer'}"
20,20,research_reviewer_main,2025-06-24 18:45:49,raw_ref_to_json.py,"{'key': 'author-42', 'name': 'Bongshin Lee', 's2_id': None, 'orcid': 'https://orcid.org/0000-0002-4217-627X', 'raw_name': 'B. Lee'}"
20,20,research_reviewer_main,2025-06-24 18:45:49,raw_ref_to_json.py,"{'key': 'author-43', 'name': 'Tobias Höllerer', 's2_id': None, 'orcid': 'https://orcid.org/0000-0002-6240-0291', 'raw_name': 'T. Hollerer'}"
20,20,research_reviewer_main,2025-06-24 18:45:49,raw_ref_to_json.py,"{'key': 'author-44', 'name': 'Eun Kyoung Choe', 's2_id': None, 'orcid': 'https://orcid.org/0000-0001-5038-8320', 'raw_name': 'E. K. Choe'}"
20,20,research_reviewer_main,2025-06-24 18:45:49,raw_ref_to_json.py,"{'key': 'author-45', 'name': 'Arvind Satyanarayan', 's2_id': None, 'orcid': 'https://orcid.org/0000-0001-5564-635X', 'raw_name': 'A. Satyanarayan'}"
20,20,research_reviewer_main,2025-06-24 18:45:49,raw_ref_to_json.py,"{'key': 'author-46', 'name': 'Jeffrey Heer', 's2_id': None, 'orcid': 'https://orcid.org/0000-0002-6175-1655', 'raw_name': 'J. Heer'}"
20,20,research_reviewer_main,2025-06-24 18:45:49,raw_ref_to_json.py,"{'key': 'author-47', 'name': 'Michael Sedlmair', 's2_id': None, 'orcid': 'https://orcid.org/0000-0001-7048-9292', 'raw_name': 'M. Sedlmair'}"
20,20,research_reviewer_main,2025-06-24 18:45:49,raw_ref_to_json.py,"{'key': 'author-48', 'name': 'Christoph Heinzl', 's2_id': None, 'orcid': 'https://orcid.org/0000-0002-3173-8871', 'raw_name': 'C. Heinzl'}"
20,20,research_reviewer_main,2025-06-24 18:45:49,raw_ref_to_json.py,"{'key': 'author-49', 'name': 'Stefan Brückner', 's2_id': None, 'orcid': 'https://orcid.org/0000-0002-0885-8402', 'raw_name': 'S. Bruckner'}"
20,20,research_reviewer_main,2025-06-24 18:45:49,raw_ref_to_json.py,"{'key': 'author-50', 'name': 'Torsten Möller', 's2_id': None, 'orcid': 'https://orcid.org/0000-0003-1192-0710', 'raw_name': 'T. Moller'}"
20,20,research_reviewer_main,2025-06-24 18:45:49,raw_ref_to_json.py,"{'key': 'author-51', 'name': 'Edward Segel', 's2_id': None, 'orcid': None, 'raw_name': 'E. Segel'}"
20,20,research_reviewer_main,2025-06-24 18:45:49,raw_ref_to_json.py,"{'key': 'author-52', 'name': 'Luke Skywalker', 's2_id': None, 'orcid': None, 'raw_name': 'Luke Skywalker'}"
20,20,research_reviewer_main,2025-06-24 18:45:49,raw_ref_to_json.py,"{'key': 'author-53', 'name': 'Obi-Wan Kenobi', 's2_id': None, 'orcid': None, 'raw_name': 'Obi-Wan Kenobi'}"
20,20,research_reviewer_main,2025-06-24 18:45:49,raw_ref_to_json.py,"{'key': 'author-54', 'name': 'Dirk Smeesters', 's2_id': None, 'orcid': None, 'raw_name': 'Dirk Smeesters'}"
20,20,research_reviewer_main,2025-06-24 18:45:49,raw_ref_to_json.py,"{'key': 'author-55', 'name': 'Jia Liu', 's2_id': None, 'orcid': 'https://orcid.org/0000-0003-0383-0934', 'raw_name': 'Jia Liu'}"
21,21,research_reviewer_main,2025-06-24 18:45:49,raw_ref_to_json.py,"{'key': 'author-1', 'name': 'Chris Brunsdon', 's2_id': None, 'orcid': 'https://orcid.org/0000-0003-4254-1780', 'raw_name': 'C. Brunsdon'}"
21,21,research_reviewer_main,2025-06-24 18:45:49,raw_ref_to_json.py,"{'key': 'author-2', 'name': 'A. Stewart Fotheringham', 's2_id': None, 'orcid': 'https://orcid.org/0000-0002-0407-1901', 'raw_name': 'A. S. Fotheringham'}"
21,21,research_reviewer_main,2025-06-24 18:45:49,raw_ref_to_json.py,"{'key': 'author-3', 'name': 'Martin Charlton', 's2_id': None, 'orcid': 'https://orcid.org/0000-0002-0622-393X', 'raw_name': 'M. E. Charlton'}"
21,21,research_reviewer_main,2025-06-24 18:45:49,raw_ref_to_json.py,"{'key': 'author-4', 'name': 'Wenbai Yang', 's2_id': None, 'orcid': 'https://orcid.org/0000-0003-3293-8389', 'raw_name': 'W. Yang'}"
21,21,research_reviewer_main,2025-06-24 18:45:49,raw_ref_to_json.py,"{'key': 'author-5', 'name': 'Wei Kang', 's2_id': None, 'orcid': 'https://orcid.org/0000-0002-1073-7781', 'raw_name': 'W. Kang'}"
21,21,research_reviewer_main,2025-06-24 18:45:49,raw_ref_to_json.py,"{'key': 'author-6', 'name': 'T. Gao', 's2_id': None, 'orcid': None, 'raw_name': 'T. Gao'}"
21,21,research_reviewer_main,2025-06-24 18:45:49,raw_ref_to_json.py,"{'key': 'author-7', 'name': 'J. Hullman', 's2_id': None, 'orcid': None, 'raw_name': 'J. Hullman'}"
21,21,research_reviewer_main,2025-06-24 18:45:49,raw_ref_to_json.py,"{'key': 'author-8', 'name': 'E. Adar', 's2_id': None, 'orcid': None, 'raw_name': 'E. Adar'}"
21,21,research_reviewer_main,2025-06-24 18:45:49,raw_ref_to_json.py,"{'key': 'author-9', 'name': 'B. Hecht', 's2_id': None, 'orcid': None, 'raw_name': 'B. Hecht'}"
21,21,research_reviewer_main,2025-06-24 18:45:49,raw_ref_to_json.py,"{'key': 'author-10', 'name': 'N. Diakopoulos', 's2_id': None, 'orcid': None, 'raw_name': 'N. Diakopoulos'}"
21,21,research_reviewer_main,2025-06-24 18:45:49,raw_ref_to_json.py,"{'key': 'author-11', 'name': 'Sarah Goodwin', 's2_id': None, 'orcid': 'https://orcid.org/0000-0001-8894-8282', 'raw_name': 'S. Goodwin'}"
21,21,research_reviewer_main,2025-06-24 18:45:49,raw_ref_to_json.py,"{'key': 'author-12', 'name': 'Jason Dykes', 's2_id': None, 'orcid': 'https://orcid.org/0000-0002-8096-5763', 'raw_name': 'J. Dykes'}"
21,21,research_reviewer_main,2025-06-24 18:45:49,raw_ref_to_json.py,"{'key': 'author-13', 'name': 'Aidan Slingsby', 's2_id': None, 'orcid': 'https://orcid.org/0000-0003-3941-553X', 'raw_name': 'A. Slingsby'}"
21,21,research_reviewer_main,2025-06-24 18:45:49,raw_ref_to_json.py,"{'key': 'author-14', 'name': 'Çağatay Turkay', 's2_id': None, 'orcid': 'https://orcid.org/0000-0001-6788-251X', 'raw_name': 'C. Turkay'}"
21,21,research_reviewer_main,2025-06-24 18:45:49,raw_ref_to_json.py,"{'key': 'author-15', 'name': 'Jabba Hutt', 's2_id': None, 'orcid': None, 'raw_name': 'Jabba Hutt'}"
21,21,research_reviewer_main,2025-06-24 18:45:49,raw_ref_to_json.py,"{'key': 'author-16', 'name': 'Robert Kosara', 's2_id': None, 'orcid': 'https://orcid.org/0000-0002-1178-4029', 'raw_name': 'R. Kosara'}"
21,21,research_reviewer_main,2025-06-24 18:45:49,raw_ref_to_json.py,"{'key': 'author-17', 'name': 'Jock D. Mackinlay', 's2_id': None, 'orcid': None, 'raw_name': 'J. Mackinlay'}"
21,21,research_reviewer_main,2025-06-24 18:45:49,raw_ref_to_json.py,"{'key': 'author-18', 'name': 'J. Krause', 's2_id': None, 'orcid': None, 'raw_name': 'J. Krause'}"
21,21,research_reviewer_main,2025-06-24 18:45:49,raw_ref_to_json.py,"{'key': 'author-19', 'name': 'A. Perer', 's2_id': None, 'orcid': None, 'raw_name': 'A. Perer'}"
21,21,research_reviewer_main,2025-06-24 18:45:49,raw_ref_to_json.py,"{'key': 'author-20', 'name': 'K. Ng', 's2_id': None, 'orcid': None, 'raw_name': 'K. Ng'}"
21,21,research_reviewer_main,2025-06-24 18:45:49,raw_ref_to_json.py,"{'key': 'author-21', 'name': 'Chufan Lai', 's2_id': None, 'orcid': 'https://orcid.org/0009-0002-2880-7335', 'raw_name': 'C. Lai'}"
21,21,research_reviewer_main,2025-06-24 18:45:49,raw_ref_to_json.py,"{'key': 'author-22', 'name': 'Zhixian Lin', 's2_id': None, 'orcid': None, 'raw_name': 'Z. Lin'}"
21,21,research_reviewer_main,2025-06-24 18:45:49,raw_ref_to_json.py,"{'key': 'author-23', 'name': 'Ruike Jiang', 's2_id': None, 'orcid': 'https://orcid.org/0000-0002-5001-5310', 'raw_name': 'R. Jiang'}"
21,21,research_reviewer_main,2025-06-24 18:45:49,raw_ref_to_json.py,"{'key': 'author-24', 'name': 'Yun Han', 's2_id': None, 'orcid': 'https://orcid.org/0000-0003-1410-8090', 'raw_name': 'Y. Han'}"
21,21,research_reviewer_main,2025-06-24 18:45:49,raw_ref_to_json.py,"{'key': 'author-25', 'name': 'Can Liu', 's2_id': None, 'orcid': 'https://orcid.org/0000-0002-1175-0734', 'raw_name': 'C. Liu'}"
21,21,research_reviewer_main,2025-06-24 18:45:49,raw_ref_to_json.py,"{'key': 'author-26', 'name': 'Xiaoru Yuan', 's2_id': None, 'orcid': 'https://orcid.org/0000-0002-7233-980X', 'raw_name': 'X. Yuan'}"
21,21,research_reviewer_main,2025-06-24 18:45:49,raw_ref_to_json.py,"{'key': 'author-27', 'name': 'Shahid Latif', 's2_id': None, 'orcid': 'https://orcid.org/0000-0003-2060-5122', 'raw_name': 'S. Latif'}"
21,21,research_reviewer_main,2025-06-24 18:45:49,raw_ref_to_json.py,"{'key': 'author-28', 'name': 'Fabian Beck', 's2_id': None, 'orcid': 'https://orcid.org/0000-0003-4042-3043', 'raw_name': 'F. Beck'}"
21,21,research_reviewer_main,2025-06-24 18:45:49,raw_ref_to_json.py,"{'key': 'author-29', 'name': 'Siming Chen', 's2_id': None, 'orcid': 'https://orcid.org/0000-0002-2690-3588', 'raw_name': 'S. Chen'}"
21,21,research_reviewer_main,2025-06-24 18:45:49,raw_ref_to_json.py,"{'key': 'author-30', 'name': 'Yafeng Lu', 's2_id': None, 'orcid': 'https://orcid.org/0000-0002-3978-9550', 'raw_name': 'Y. Lu'}"
21,21,research_reviewer_main,2025-06-24 18:45:49,raw_ref_to_json.py,"{'key': 'author-31', 'name': 'Rolando Garcia', 's2_id': None, 'orcid': None, 'raw_name': 'R. Garcia'}"
21,21,research_reviewer_main,2025-06-24 18:45:49,raw_ref_to_json.py,"{'key': 'author-32', 'name': 'Brett Hansen', 's2_id': None, 'orcid': None, 'raw_name': 'B. Hansen'}"
21,21,research_reviewer_main,2025-06-24 18:45:49,raw_ref_to_json.py,"{'key': 'author-33', 'name': 'Michael Gleicher', 's2_id': None, 'orcid': 'https://orcid.org/0000-0003-3295-4071', 'raw_name': 'M. Gleicher'}"
21,21,research_reviewer_main,2025-06-24 18:45:49,raw_ref_to_json.py,"{'key': 'author-34', 'name': 'Ross Maciejewski', 's2_id': None, 'orcid': 'https://orcid.org/0000-0001-8803-6355', 'raw_name': 'R. Maciejewski'}"
21,21,research_reviewer_main,2025-06-24 18:45:49,raw_ref_to_json.py,"{'key': 'author-35', 'name': 'Ming Yao', 's2_id': None, 'orcid': 'https://orcid.org/0000-0002-6377-6063', 'raw_name': 'Y. Ming'}"
21,21,research_reviewer_main,2025-06-24 18:45:49,raw_ref_to_json.py,"{'key': 'author-36', 'name': 'Huamin Qu', 's2_id': None, 'orcid': 'https://orcid.org/0000-0002-3344-9694', 'raw_name': 'H. Qu'}"
21,21,research_reviewer_main,2025-06-24 18:45:49,raw_ref_to_json.py,"{'key': 'author-37', 'name': 'Enrico Bertini', 's2_id': None, 'orcid': 'https://orcid.org/0000-0002-9932-0551', 'raw_name': 'E. Bertini'}"
21,21,research_reviewer_main,2025-06-24 18:45:49,raw_ref_to_json.py,"{'key': 'author-38', 'name': 'Thomas Mühlbacher', 's2_id': None, 'orcid': None, 'raw_name': 'T. Muhlbacher'}"
21,21,research_reviewer_main,2025-06-24 18:45:49,raw_ref_to_json.py,"{'key': 'author-39', 'name': 'Harald Piringer', 's2_id': None, 'orcid': None, 'raw_name': 'H. Piringer'}"
21,21,research_reviewer_main,2025-06-24 18:45:49,raw_ref_to_json.py,"{'key': 'author-40', 'name': 'Donghao Ren', 's2_id': None, 'orcid': 'https://orcid.org/0000-0001-8666-7241', 'raw_name': 'D. Ren'}"
21,21,research_reviewer_main,2025-06-24 18:45:49,raw_ref_to_json.py,"{'key': 'author-41', 'name': 'Matthew Brehmer', 's2_id': None, 'orcid': 'https://orcid.org/0000-0001-5524-2291', 'raw_name': 'M. Brehmer'}"
21,21,research_reviewer_main,2025-06-24 18:45:49,raw_ref_to_json.py,"{'key': 'author-42', 'name': 'Bongshin Lee', 's2_id': None, 'orcid': 'https://orcid.org/0000-0002-4217-627X', 'raw_name': 'B. Lee'}"
21,21,research_reviewer_main,2025-06-24 18:45:49,raw_ref_to_json.py,"{'key': 'author-43', 'name': 'Tobias Höllerer', 's2_id': None, 'orcid': 'https://orcid.org/0000-0002-6240-0291', 'raw_name': 'T. Hollerer'}"
21,21,research_reviewer_main,2025-06-24 18:45:49,raw_ref_to_json.py,"{'key': 'author-44', 'name': 'Eun Kyoung Choe', 's2_id': None, 'orcid': 'https://orcid.org/0000-0001-5038-8320', 'raw_name': 'E. K. Choe'}"
21,21,research_reviewer_main,2025-06-24 18:45:49,raw_ref_to_json.py,"{'key': 'author-45', 'name': 'Arvind Satyanarayan', 's2_id': None, 'orcid': 'https://orcid.org/0000-0001-5564-635X', 'raw_name': 'A. Satyanarayan'}"
21,21,research_reviewer_main,2025-06-24 18:45:49,raw_ref_to_json.py,"{'key': 'author-46', 'name': 'Jeffrey Heer', 's2_id': None, 'orcid': 'https://orcid.org/0000-0002-6175-1655', 'raw_name': 'J. Heer'}"
21,21,research_reviewer_main,2025-06-24 18:45:49,raw_ref_to_json.py,"{'key': 'author-47', 'name': 'Michael Sedlmair', 's2_id': None, 'orcid': 'https://orcid.org/0000-0001-7048-9292', 'raw_name': 'M. Sedlmair'}"
21,21,research_reviewer_main,2025-06-24 18:45:49,raw_ref_to_json.py,"{'key': 'author-48', 'name': 'Christoph Heinzl', 's2_id': None, 'orcid': 'https://orcid.org/0000-0002-3173-8871', 'raw_name': 'C. Heinzl'}"
21,21,research_reviewer_main,2025-06-24 18:45:49,raw_ref_to_json.py,"{'key': 'author-49', 'name': 'Stefan Brückner', 's2_id': None, 'orcid': 'https://orcid.org/0000-0002-0885-8402', 'raw_name': 'S. Bruckner'}"
21,21,research_reviewer_main,2025-06-24 18:45:49,raw_ref_to_json.py,"{'key': 'author-50', 'name': 'Torsten Möller', 's2_id': None, 'orcid': 'https://orcid.org/0000-0003-1192-0710', 'raw_name': 'T. Moller'}"
21,21,research_reviewer_main,2025-06-24 18:45:49,raw_ref_to_json.py,"{'key': 'author-51', 'name': 'Edward Segel', 's2_id': None, 'orcid': None, 'raw_name': 'E. Segel'}"
21,21,research_reviewer_main,2025-06-24 18:45:49,raw_ref_to_json.py,"{'key': 'author-52', 'name': 'Luke Skywalker', 's2_id': None, 'orcid': None, 'raw_name': 'Luke Skywalker'}"
21,21,research_reviewer_main,2025-06-24 18:45:49,raw_ref_to_json.py,"{'key': 'author-53', 'name': 'Obi-Wan Kenobi', 's2_id': None, 'orcid': None, 'raw_name': 'Obi-Wan Kenobi'}"
21,21,research_reviewer_main,2025-06-24 18:45:49,raw_ref_to_json.py,"{'key': 'author-54', 'name': 'Dirk Smeesters', 's2_id': None, 'orcid': None, 'raw_name': 'Dirk Smeesters'}"
21,21,research_reviewer_main,2025-06-24 18:45:49,raw_ref_to_json.py,"{'key': 'author-55', 'name': 'Jia Liu', 's2_id': None, 'orcid': 'https://orcid.org/0000-0003-0383-0934', 'raw_name': 'Jia Liu'}"
21,21,research_reviewer_main,2025-06-24 18:45:49,raw_ref_to_json.py,"{'key': 'author-56', 'name': 'Han Solo', 's2_id': None, 'orcid': None, 'raw_name': 'Han Solo'}"
22,22,research_reviewer_main,2025-06-24 18:45:49,raw_ref_to_json.py,"{'key': 'author-1', 'name': 'Chris Brunsdon', 's2_id': None, 'orcid': 'https://orcid.org/0000-0003-4254-1780', 'raw_name': 'C. Brunsdon'}"
22,22,research_reviewer_main,2025-06-24 18:45:49,raw_ref_to_json.py,"{'key': 'author-2', 'name': 'A. Stewart Fotheringham', 's2_id': None, 'orcid': 'https://orcid.org/0000-0002-0407-1901', 'raw_name': 'A. S. Fotheringham'}"
22,22,research_reviewer_main,2025-06-24 18:45:49,raw_ref_to_json.py,"{'key': 'author-3', 'name': 'Martin Charlton', 's2_id': None, 'orcid': 'https://orcid.org/0000-0002-0622-393X', 'raw_name': 'M. E. Charlton'}"
22,22,research_reviewer_main,2025-06-24 18:45:49,raw_ref_to_json.py,"{'key': 'author-4', 'name': 'Wenbai Yang', 's2_id': None, 'orcid': 'https://orcid.org/0000-0003-3293-8389', 'raw_name': 'W. Yang'}"
22,22,research_reviewer_main,2025-06-24 18:45:49,raw_ref_to_json.py,"{'key': 'author-5', 'name': 'Wei Kang', 's2_id': None, 'orcid': 'https://orcid.org/0000-0002-1073-7781', 'raw_name': 'W. Kang'}"
22,22,research_reviewer_main,2025-06-24 18:45:49,raw_ref_to_json.py,"{'key': 'author-6', 'name': 'T. Gao', 's2_id': None, 'orcid': None, 'raw_name': 'T. Gao'}"
22,22,research_reviewer_main,2025-06-24 18:45:49,raw_ref_to_json.py,"{'key': 'author-7', 'name': 'J. Hullman', 's2_id': None, 'orcid': None, 'raw_name': 'J. Hullman'}"
22,22,research_reviewer_main,2025-06-24 18:45:49,raw_ref_to_json.py,"{'key': 'author-8', 'name': 'E. Adar', 's2_id': None, 'orcid': None, 'raw_name': 'E. Adar'}"
22,22,research_reviewer_main,2025-06-24 18:45:49,raw_ref_to_json.py,"{'key': 'author-9', 'name': 'B. Hecht', 's2_id': None, 'orcid': None, 'raw_name': 'B. Hecht'}"
22,22,research_reviewer_main,2025-06-24 18:45:49,raw_ref_to_json.py,"{'key': 'author-10', 'name': 'N. Diakopoulos', 's2_id': None, 'orcid': None, 'raw_name': 'N. Diakopoulos'}"
22,22,research_reviewer_main,2025-06-24 18:45:49,raw_ref_to_json.py,"{'key': 'author-11', 'name': 'Sarah Goodwin', 's2_id': None, 'orcid': 'https://orcid.org/0000-0001-8894-8282', 'raw_name': 'S. Goodwin'}"
22,22,research_reviewer_main,2025-06-24 18:45:49,raw_ref_to_json.py,"{'key': 'author-12', 'name': 'Jason Dykes', 's2_id': None, 'orcid': 'https://orcid.org/0000-0002-8096-5763', 'raw_name': 'J. Dykes'}"
22,22,research_reviewer_main,2025-06-24 18:45:49,raw_ref_to_json.py,"{'key': 'author-13', 'name': 'Aidan Slingsby', 's2_id': None, 'orcid': 'https://orcid.org/0000-0003-3941-553X', 'raw_name': 'A. Slingsby'}"
22,22,research_reviewer_main,2025-06-24 18:45:49,raw_ref_to_json.py,"{'key': 'author-14', 'name': 'Çağatay Turkay', 's2_id': None, 'orcid': 'https://orcid.org/0000-0001-6788-251X', 'raw_name': 'C. Turkay'}"
22,22,research_reviewer_main,2025-06-24 18:45:49,raw_ref_to_json.py,"{'key': 'author-15', 'name': 'Jabba Hutt', 's2_id': None, 'orcid': None, 'raw_name': 'Jabba Hutt'}"
22,22,research_reviewer_main,2025-06-24 18:45:49,raw_ref_to_json.py,"{'key': 'author-16', 'name': 'Robert Kosara', 's2_id': None, 'orcid': 'https://orcid.org/0000-0002-1178-4029', 'raw_name': 'R. Kosara'}"
22,22,research_reviewer_main,2025-06-24 18:45:49,raw_ref_to_json.py,"{'key': 'author-17', 'name': 'Jock D. Mackinlay', 's2_id': None, 'orcid': None, 'raw_name': 'J. Mackinlay'}"
22,22,research_reviewer_main,2025-06-24 18:45:49,raw_ref_to_json.py,"{'key': 'author-18', 'name': 'J. Krause', 's2_id': None, 'orcid': None, 'raw_name': 'J. Krause'}"
22,22,research_reviewer_main,2025-06-24 18:45:49,raw_ref_to_json.py,"{'key': 'author-19', 'name': 'A. Perer', 's2_id': None, 'orcid': None, 'raw_name': 'A. Perer'}"
22,22,research_reviewer_main,2025-06-24 18:45:49,raw_ref_to_json.py,"{'key': 'author-20', 'name': 'K. Ng', 's2_id': None, 'orcid': None, 'raw_name': 'K. Ng'}"
22,22,research_reviewer_main,2025-06-24 18:45:49,raw_ref_to_json.py,"{'key': 'author-21', 'name': 'Chufan Lai', 's2_id': None, 'orcid': 'https://orcid.org/0009-0002-2880-7335', 'raw_name': 'C. Lai'}"
22,22,research_reviewer_main,2025-06-24 18:45:49,raw_ref_to_json.py,"{'key': 'author-22', 'name': 'Zhixian Lin', 's2_id': None, 'orcid': None, 'raw_name': 'Z. Lin'}"
22,22,research_reviewer_main,2025-06-24 18:45:49,raw_ref_to_json.py,"{'key': 'author-23', 'name': 'Ruike Jiang', 's2_id': None, 'orcid': 'https://orcid.org/0000-0002-5001-5310', 'raw_name': 'R. Jiang'}"
22,22,research_reviewer_main,2025-06-24 18:45:49,raw_ref_to_json.py,"{'key': 'author-24', 'name': 'Yun Han', 's2_id': None, 'orcid': 'https://orcid.org/0000-0003-1410-8090', 'raw_name': 'Y. Han'}"
22,22,research_reviewer_main,2025-06-24 18:45:49,raw_ref_to_json.py,"{'key': 'author-25', 'name': 'Can Liu', 's2_id': None, 'orcid': 'https://orcid.org/0000-0002-1175-0734', 'raw_name': 'C. Liu'}"
22,22,research_reviewer_main,2025-06-24 18:45:49,raw_ref_to_json.py,"{'key': 'author-26', 'name': 'Xiaoru Yuan', 's2_id': None, 'orcid': 'https://orcid.org/0000-0002-7233-980X', 'raw_name': 'X. Yuan'}"
22,22,research_reviewer_main,2025-06-24 18:45:49,raw_ref_to_json.py,"{'key': 'author-27', 'name': 'Shahid Latif', 's2_id': None, 'orcid': 'https://orcid.org/0000-0003-2060-5122', 'raw_name': 'S. Latif'}"
22,22,research_reviewer_main,2025-06-24 18:45:49,raw_ref_to_json.py,"{'key': 'author-28', 'name': 'Fabian Beck', 's2_id': None, 'orcid': 'https://orcid.org/0000-0003-4042-3043', 'raw_name': 'F. Beck'}"
22,22,research_reviewer_main,2025-06-24 18:45:49,raw_ref_to_json.py,"{'key': 'author-29', 'name': 'Siming Chen', 's2_id': None, 'orcid': 'https://orcid.org/0000-0002-2690-3588', 'raw_name': 'S. Chen'}"
22,22,research_reviewer_main,2025-06-24 18:45:49,raw_ref_to_json.py,"{'key': 'author-30', 'name': 'Yafeng Lu', 's2_id': None, 'orcid': 'https://orcid.org/0000-0002-3978-9550', 'raw_name': 'Y. Lu'}"
22,22,research_reviewer_main,2025-06-24 18:45:49,raw_ref_to_json.py,"{'key': 'author-31', 'name': 'Rolando Garcia', 's2_id': None, 'orcid': None, 'raw_name': 'R. Garcia'}"
22,22,research_reviewer_main,2025-06-24 18:45:49,raw_ref_to_json.py,"{'key': 'author-32', 'name': 'Brett Hansen', 's2_id': None, 'orcid': None, 'raw_name': 'B. Hansen'}"
22,22,research_reviewer_main,2025-06-24 18:45:49,raw_ref_to_json.py,"{'key': 'author-33', 'name': 'Michael Gleicher', 's2_id': None, 'orcid': 'https://orcid.org/0000-0003-3295-4071', 'raw_name': 'M. Gleicher'}"
22,22,research_reviewer_main,2025-06-24 18:45:49,raw_ref_to_json.py,"{'key': 'author-34', 'name': 'Ross Maciejewski', 's2_id': None, 'orcid': 'https://orcid.org/0000-0001-8803-6355', 'raw_name': 'R. Maciejewski'}"
22,22,research_reviewer_main,2025-06-24 18:45:49,raw_ref_to_json.py,"{'key': 'author-35', 'name': 'Ming Yao', 's2_id': None, 'orcid': 'https://orcid.org/0000-0002-6377-6063', 'raw_name': 'Y. Ming'}"
22,22,research_reviewer_main,2025-06-24 18:45:49,raw_ref_to_json.py,"{'key': 'author-36', 'name': 'Huamin Qu', 's2_id': None, 'orcid': 'https://orcid.org/0000-0002-3344-9694', 'raw_name': 'H. Qu'}"
22,22,research_reviewer_main,2025-06-24 18:45:49,raw_ref_to_json.py,"{'key': 'author-37', 'name': 'Enrico Bertini', 's2_id': None, 'orcid': 'https://orcid.org/0000-0002-9932-0551', 'raw_name': 'E. Bertini'}"
22,22,research_reviewer_main,2025-06-24 18:45:49,raw_ref_to_json.py,"{'key': 'author-38', 'name': 'Thomas Mühlbacher', 's2_id': None, 'orcid': None, 'raw_name': 'T. Muhlbacher'}"
22,22,research_reviewer_main,2025-06-24 18:45:49,raw_ref_to_json.py,"{'key': 'author-39', 'name': 'Harald Piringer', 's2_id': None, 'orcid': None, 'raw_name': 'H. Piringer'}"
22,22,research_reviewer_main,2025-06-24 18:45:49,raw_ref_to_json.py,"{'key': 'author-40', 'name': 'Donghao Ren', 's2_id': None, 'orcid': 'https://orcid.org/0000-0001-8666-7241', 'raw_name': 'D. Ren'}"
22,22,research_reviewer_main,2025-06-24 18:45:49,raw_ref_to_json.py,"{'key': 'author-41', 'name': 'Matthew Brehmer', 's2_id': None, 'orcid': 'https://orcid.org/0000-0001-5524-2291', 'raw_name': 'M. Brehmer'}"
22,22,research_reviewer_main,2025-06-24 18:45:49,raw_ref_to_json.py,"{'key': 'author-42', 'name': 'Bongshin Lee', 's2_id': None, 'orcid': 'https://orcid.org/0000-0002-4217-627X', 'raw_name': 'B. Lee'}"
22,22,research_reviewer_main,2025-06-24 18:45:49,raw_ref_to_json.py,"{'key': 'author-43', 'name': 'Tobias Höllerer', 's2_id': None, 'orcid': 'https://orcid.org/0000-0002-6240-0291', 'raw_name': 'T. Hollerer'}"
22,22,research_reviewer_main,2025-06-24 18:45:49,raw_ref_to_json.py,"{'key': 'author-44', 'name': 'Eun Kyoung Choe', 's2_id': None, 'orcid': 'https://orcid.org/0000-0001-5038-8320', 'raw_name': 'E. K. Choe'}"
22,22,research_reviewer_main,2025-06-24 18:45:49,raw_ref_to_json.py,"{'key': 'author-45', 'name': 'Arvind Satyanarayan', 's2_id': None, 'orcid': 'https://orcid.org/0000-0001-5564-635X', 'raw_name': 'A. Satyanarayan'}"
22,22,research_reviewer_main,2025-06-24 18:45:49,raw_ref_to_json.py,"{'key': 'author-46', 'name': 'Jeffrey Heer', 's2_id': None, 'orcid': 'https://orcid.org/0000-0002-6175-1655', 'raw_name': 'J. Heer'}"
22,22,research_reviewer_main,2025-06-24 18:45:49,raw_ref_to_json.py,"{'key': 'author-47', 'name': 'Michael Sedlmair', 's2_id': None, 'orcid': 'https://orcid.org/0000-0001-7048-9292', 'raw_name': 'M. Sedlmair'}"
22,22,research_reviewer_main,2025-06-24 18:45:49,raw_ref_to_json.py,"{'key': 'author-48', 'name': 'Christoph Heinzl', 's2_id': None, 'orcid': 'https://orcid.org/0000-0002-3173-8871', 'raw_name': 'C. Heinzl'}"
22,22,research_reviewer_main,2025-06-24 18:45:49,raw_ref_to_json.py,"{'key': 'author-49', 'name': 'Stefan Brückner', 's2_id': None, 'orcid': 'https://orcid.org/0000-0002-0885-8402', 'raw_name': 'S. Bruckner'}"
22,22,research_reviewer_main,2025-06-24 18:45:49,raw_ref_to_json.py,"{'key': 'author-50', 'name': 'Torsten Möller', 's2_id': None, 'orcid': 'https://orcid.org/0000-0003-1192-0710', 'raw_name': 'T. Moller'}"
22,22,research_reviewer_main,2025-06-24 18:45:49,raw_ref_to_json.py,"{'key': 'author-51', 'name': 'Edward Segel', 's2_id': None, 'orcid': None, 'raw_name': 'E. Segel'}"
22,22,research_reviewer_main,2025-06-24 18:45:49,raw_ref_to_json.py,"{'key': 'author-52', 'name': 'Luke Skywalker', 's2_id': None, 'orcid': None, 'raw_name': 'Luke Skywalker'}"
22,22,research_reviewer_main,2025-06-24 18:45:49,raw_ref_to_json.py,"{'key': 'author-53', 'name': 'Obi-Wan Kenobi', 's2_id': None, 'orcid': None, 'raw_name': 'Obi-Wan Kenobi'}"
22,22,research_reviewer_main,2025-06-24 18:45:49,raw_ref_to_json.py,"{'key': 'author-54', 'name': 'Dirk Smeesters', 's2_id': None, 'orcid': None, 'raw_name': 'Dirk Smeesters'}"
22,22,research_reviewer_main,2025-06-24 18:45:49,raw_ref_to_json.py,"{'key': 'author-55', 'name': 'Jia Liu', 's2_id': None, 'orcid': 'https://orcid.org/0000-0003-0383-0934', 'raw_name': 'Jia Liu'}"
22,22,research_reviewer_main,2025-06-24 18:45:49,raw_ref_to_json.py,"{'key': 'author-56', 'name': 'Han Solo', 's2_id': None, 'orcid': None, 'raw_name': 'Han Solo'}"
22,22,research_reviewer_main,2025-06-24 18:45:49,raw_ref_to_json.py,"{'key': 'author-57', 'name': 'Leia Organa', 's2_id': None, 'orcid': None, 'raw_name': 'Leia Organa'}"
23,23,research_reviewer_main,2025-06-24 18:45:49,raw_ref_to_json.py,"{'key': 'author-1', 'name': 'Chris Brunsdon', 's2_id': None, 'orcid': 'https://orcid.org/0000-0003-4254-1780', 'raw_name': 'C. Brunsdon'}"
23,23,research_reviewer_main,2025-06-24 18:45:49,raw_ref_to_json.py,"{'key': 'author-2', 'name': 'A. Stewart Fotheringham', 's2_id': None, 'orcid': 'https://orcid.org/0000-0002-0407-1901', 'raw_name': 'A. S. Fotheringham'}"
23,23,research_reviewer_main,2025-06-24 18:45:49,raw_ref_to_json.py,"{'key': 'author-3', 'name': 'Martin Charlton', 's2_id': None, 'orcid': 'https://orcid.org/0000-0002-0622-393X', 'raw_name': 'M. E. Charlton'}"
23,23,research_reviewer_main,2025-06-24 18:45:49,raw_ref_to_json.py,"{'key': 'author-4', 'name': 'Wenbai Yang', 's2_id': None, 'orcid': 'https://orcid.org/0000-0003-3293-8389', 'raw_name': 'W. Yang'}"
23,23,research_reviewer_main,2025-06-24 18:45:49,raw_ref_to_json.py,"{'key': 'author-5', 'name': 'Wei Kang', 's2_id': None, 'orcid': 'https://orcid.org/0000-0002-1073-7781', 'raw_name': 'W. Kang'}"
23,23,research_reviewer_main,2025-06-24 18:45:49,raw_ref_to_json.py,"{'key': 'author-6', 'name': 'T. Gao', 's2_id': None, 'orcid': None, 'raw_name': 'T. Gao'}"
23,23,research_reviewer_main,2025-06-24 18:45:49,raw_ref_to_json.py,"{'key': 'author-7', 'name': 'J. Hullman', 's2_id': None, 'orcid': None, 'raw_name': 'J. Hullman'}"
23,23,research_reviewer_main,2025-06-24 18:45:49,raw_ref_to_json.py,"{'key': 'author-8', 'name': 'E. Adar', 's2_id': None, 'orcid': None, 'raw_name': 'E. Adar'}"
23,23,research_reviewer_main,2025-06-24 18:45:49,raw_ref_to_json.py,"{'key': 'author-9', 'name': 'B. Hecht', 's2_id': None, 'orcid': None, 'raw_name': 'B. Hecht'}"
23,23,research_reviewer_main,2025-06-24 18:45:49,raw_ref_to_json.py,"{'key': 'author-10', 'name': 'N. Diakopoulos', 's2_id': None, 'orcid': None, 'raw_name': 'N. Diakopoulos'}"
23,23,research_reviewer_main,2025-06-24 18:45:49,raw_ref_to_json.py,"{'key': 'author-11', 'name': 'Sarah Goodwin', 's2_id': None, 'orcid': 'https://orcid.org/0000-0001-8894-8282', 'raw_name': 'S. Goodwin'}"
23,23,research_reviewer_main,2025-06-24 18:45:49,raw_ref_to_json.py,"{'key': 'author-12', 'name': 'Jason Dykes', 's2_id': None, 'orcid': 'https://orcid.org/0000-0002-8096-5763', 'raw_name': 'J. Dykes'}"
23,23,research_reviewer_main,2025-06-24 18:45:49,raw_ref_to_json.py,"{'key': 'author-13', 'name': 'Aidan Slingsby', 's2_id': None, 'orcid': 'https://orcid.org/0000-0003-3941-553X', 'raw_name': 'A. Slingsby'}"
23,23,research_reviewer_main,2025-06-24 18:45:49,raw_ref_to_json.py,"{'key': 'author-14', 'name': 'Çağatay Turkay', 's2_id': None, 'orcid': 'https://orcid.org/0000-0001-6788-251X', 'raw_name': 'C. Turkay'}"
23,23,research_reviewer_main,2025-06-24 18:45:49,raw_ref_to_json.py,"{'key': 'author-15', 'name': 'Jabba Hutt', 's2_id': None, 'orcid': None, 'raw_name': 'Jabba Hutt'}"
23,23,research_reviewer_main,2025-06-24 18:45:49,raw_ref_to_json.py,"{'key': 'author-16', 'name': 'Robert Kosara', 's2_id': None, 'orcid': 'https://orcid.org/0000-0002-1178-4029', 'raw_name': 'R. Kosara'}"
23,23,research_reviewer_main,2025-06-24 18:45:49,raw_ref_to_json.py,"{'key': 'author-17', 'name': 'Jock D. Mackinlay', 's2_id': None, 'orcid': None, 'raw_name': 'J. Mackinlay'}"
23,23,research_reviewer_main,2025-06-24 18:45:49,raw_ref_to_json.py,"{'key': 'author-18', 'name': 'J. Krause', 's2_id': None, 'orcid': None, 'raw_name': 'J. Krause'}"
23,23,research_reviewer_main,2025-06-24 18:45:49,raw_ref_to_json.py,"{'key': 'author-19', 'name': 'A. Perer', 's2_id': None, 'orcid': None, 'raw_name': 'A. Perer'}"
23,23,research_reviewer_main,2025-06-24 18:45:49,raw_ref_to_json.py,"{'key': 'author-20', 'name': 'K. Ng', 's2_id': None, 'orcid': None, 'raw_name': 'K. Ng'}"
23,23,research_reviewer_main,2025-06-24 18:45:49,raw_ref_to_json.py,"{'key': 'author-21', 'name': 'Chufan Lai', 's2_id': None, 'orcid': 'https://orcid.org/0009-0002-2880-7335', 'raw_name': 'C. Lai'}"
23,23,research_reviewer_main,2025-06-24 18:45:49,raw_ref_to_json.py,"{'key': 'author-22', 'name': 'Zhixian Lin', 's2_id': None, 'orcid': None, 'raw_name': 'Z. Lin'}"
23,23,research_reviewer_main,2025-06-24 18:45:49,raw_ref_to_json.py,"{'key': 'author-23', 'name': 'Ruike Jiang', 's2_id': None, 'orcid': 'https://orcid.org/0000-0002-5001-5310', 'raw_name': 'R. Jiang'}"
23,23,research_reviewer_main,2025-06-24 18:45:49,raw_ref_to_json.py,"{'key': 'author-24', 'name': 'Yun Han', 's2_id': None, 'orcid': 'https://orcid.org/0000-0003-1410-8090', 'raw_name': 'Y. Han'}"
23,23,research_reviewer_main,2025-06-24 18:45:49,raw_ref_to_json.py,"{'key': 'author-25', 'name': 'Can Liu', 's2_id': None, 'orcid': 'https://orcid.org/0000-0002-1175-0734', 'raw_name': 'C. Liu'}"
23,23,research_reviewer_main,2025-06-24 18:45:49,raw_ref_to_json.py,"{'key': 'author-26', 'name': 'Xiaoru Yuan', 's2_id': None, 'orcid': 'https://orcid.org/0000-0002-7233-980X', 'raw_name': 'X. Yuan'}"
23,23,research_reviewer_main,2025-06-24 18:45:49,raw_ref_to_json.py,"{'key': 'author-27', 'name': 'Shahid Latif', 's2_id': None, 'orcid': 'https://orcid.org/0000-0003-2060-5122', 'raw_name': 'S. Latif'}"
23,23,research_reviewer_main,2025-06-24 18:45:49,raw_ref_to_json.py,"{'key': 'author-28', 'name': 'Fabian Beck', 's2_id': None, 'orcid': 'https://orcid.org/0000-0003-4042-3043', 'raw_name': 'F. Beck'}"
23,23,research_reviewer_main,2025-06-24 18:45:49,raw_ref_to_json.py,"{'key': 'author-29', 'name': 'Siming Chen', 's2_id': None, 'orcid': 'https://orcid.org/0000-0002-2690-3588', 'raw_name': 'S. Chen'}"
23,23,research_reviewer_main,2025-06-24 18:45:49,raw_ref_to_json.py,"{'key': 'author-30', 'name': 'Yafeng Lu', 's2_id': None, 'orcid': 'https://orcid.org/0000-0002-3978-9550', 'raw_name': 'Y. Lu'}"
23,23,research_reviewer_main,2025-06-24 18:45:49,raw_ref_to_json.py,"{'key': 'author-31', 'name': 'Rolando Garcia', 's2_id': None, 'orcid': None, 'raw_name': 'R. Garcia'}"
23,23,research_reviewer_main,2025-06-24 18:45:49,raw_ref_to_json.py,"{'key': 'author-32', 'name': 'Brett Hansen', 's2_id': None, 'orcid': None, 'raw_name': 'B. Hansen'}"
23,23,research_reviewer_main,2025-06-24 18:45:49,raw_ref_to_json.py,"{'key': 'author-33', 'name': 'Michael Gleicher', 's2_id': None, 'orcid': 'https://orcid.org/0000-0003-3295-4071', 'raw_name': 'M. Gleicher'}"
23,23,research_reviewer_main,2025-06-24 18:45:49,raw_ref_to_json.py,"{'key': 'author-34', 'name': 'Ross Maciejewski', 's2_id': None, 'orcid': 'https://orcid.org/0000-0001-8803-6355', 'raw_name': 'R. Maciejewski'}"
23,23,research_reviewer_main,2025-06-24 18:45:49,raw_ref_to_json.py,"{'key': 'author-35', 'name': 'Ming Yao', 's2_id': None, 'orcid': 'https://orcid.org/0000-0002-6377-6063', 'raw_name': 'Y. Ming'}"
23,23,research_reviewer_main,2025-06-24 18:45:49,raw_ref_to_json.py,"{'key': 'author-36', 'name': 'Huamin Qu', 's2_id': None, 'orcid': 'https://orcid.org/0000-0002-3344-9694', 'raw_name': 'H. Qu'}"
23,23,research_reviewer_main,2025-06-24 18:45:49,raw_ref_to_json.py,"{'key': 'author-37', 'name': 'Enrico Bertini', 's2_id': None, 'orcid': 'https://orcid.org/0000-0002-9932-0551', 'raw_name': 'E. Bertini'}"
23,23,research_reviewer_main,2025-06-24 18:45:49,raw_ref_to_json.py,"{'key': 'author-38', 'name': 'Thomas Mühlbacher', 's2_id': None, 'orcid': None, 'raw_name': 'T. Muhlbacher'}"
23,23,research_reviewer_main,2025-06-24 18:45:49,raw_ref_to_json.py,"{'key': 'author-39', 'name': 'Harald Piringer', 's2_id': None, 'orcid': None, 'raw_name': 'H. Piringer'}"
23,23,research_reviewer_main,2025-06-24 18:45:49,raw_ref_to_json.py,"{'key': 'author-40', 'name': 'Donghao Ren', 's2_id': None, 'orcid': 'https://orcid.org/0000-0001-8666-7241', 'raw_name': 'D. Ren'}"
23,23,research_reviewer_main,2025-06-24 18:45:49,raw_ref_to_json.py,"{'key': 'author-41', 'name': 'Matthew Brehmer', 's2_id': None, 'orcid': 'https://orcid.org/0000-0001-5524-2291', 'raw_name': 'M. Brehmer'}"
23,23,research_reviewer_main,2025-06-24 18:45:49,raw_ref_to_json.py,"{'key': 'author-42', 'name': 'Bongshin Lee', 's2_id': None, 'orcid': 'https://orcid.org/0000-0002-4217-627X', 'raw_name': 'B. Lee'}"
23,23,research_reviewer_main,2025-06-24 18:45:49,raw_ref_to_json.py,"{'key': 'author-43', 'name': 'Tobias Höllerer', 's2_id': None, 'orcid': 'https://orcid.org/0000-0002-6240-0291', 'raw_name': 'T. Hollerer'}"
23,23,research_reviewer_main,2025-06-24 18:45:49,raw_ref_to_json.py,"{'key': 'author-44', 'name': 'Eun Kyoung Choe', 's2_id': None, 'orcid': 'https://orcid.org/0000-0001-5038-8320', 'raw_name': 'E. K. Choe'}"
23,23,research_reviewer_main,2025-06-24 18:45:49,raw_ref_to_json.py,"{'key': 'author-45', 'name': 'Arvind Satyanarayan', 's2_id': None, 'orcid': 'https://orcid.org/0000-0001-5564-635X', 'raw_name': 'A. Satyanarayan'}"
23,23,research_reviewer_main,2025-06-24 18:45:49,raw_ref_to_json.py,"{'key': 'author-46', 'name': 'Jeffrey Heer', 's2_id': None, 'orcid': 'https://orcid.org/0000-0002-6175-1655', 'raw_name': 'J. Heer'}"
23,23,research_reviewer_main,2025-06-24 18:45:49,raw_ref_to_json.py,"{'key': 'author-47', 'name': 'Michael Sedlmair', 's2_id': None, 'orcid': 'https://orcid.org/0000-0001-7048-9292', 'raw_name': 'M. Sedlmair'}"
23,23,research_reviewer_main,2025-06-24 18:45:49,raw_ref_to_json.py,"{'key': 'author-48', 'name': 'Christoph Heinzl', 's2_id': None, 'orcid': 'https://orcid.org/0000-0002-3173-8871', 'raw_name': 'C. Heinzl'}"
23,23,research_reviewer_main,2025-06-24 18:45:49,raw_ref_to_json.py,"{'key': 'author-49', 'name': 'Stefan Brückner', 's2_id': None, 'orcid': 'https://orcid.org/0000-0002-0885-8402', 'raw_name': 'S. Bruckner'}"
23,23,research_reviewer_main,2025-06-24 18:45:49,raw_ref_to_json.py,"{'key': 'author-50', 'name': 'Torsten Möller', 's2_id': None, 'orcid': 'https://orcid.org/0000-0003-1192-0710', 'raw_name': 'T. Moller'}"
23,23,research_reviewer_main,2025-06-24 18:45:49,raw_ref_to_json.py,"{'key': 'author-51', 'name': 'Edward Segel', 's2_id': None, 'orcid': None, 'raw_name': 'E. Segel'}"
23,23,research_reviewer_main,2025-06-24 18:45:49,raw_ref_to_json.py,"{'key': 'author-52', 'name': 'Luke Skywalker', 's2_id': None, 'orcid': None, 'raw_name': 'Luke Skywalker'}"
23,23,research_reviewer_main,2025-06-24 18:45:49,raw_ref_to_json.py,"{'key': 'author-53', 'name': 'Obi-Wan Kenobi', 's2_id': None, 'orcid': None, 'raw_name': 'Obi-Wan Kenobi'}"
23,23,research_reviewer_main,2025-06-24 18:45:49,raw_ref_to_json.py,"{'key': 'author-54', 'name': 'Dirk Smeesters', 's2_id': None, 'orcid': None, 'raw_name': 'Dirk Smeesters'}"
23,23,research_reviewer_main,2025-06-24 18:45:49,raw_ref_to_json.py,"{'key': 'author-55', 'name': 'Jia Liu', 's2_id': None, 'orcid': 'https://orcid.org/0000-0003-0383-0934', 'raw_name': 'Jia Liu'}"
23,23,research_reviewer_main,2025-06-24 18:45:49,raw_ref_to_json.py,"{'key': 'author-56', 'name': 'Han Solo', 's2_id': None, 'orcid': None, 'raw_name': 'Han Solo'}"
23,23,research_reviewer_main,2025-06-24 18:45:49,raw_ref_to_json.py,"{'key': 'author-57', 'name': 'Leia Organa', 's2_id': None, 'orcid': None, 'raw_name': 'Leia Organa'}"
23,23,research_reviewer_main,2025-06-24 18:45:49,raw_ref_to_json.py,"{'key': 'author-58', 'name': 'Arjun Srinivasan', 's2_id': None, 'orcid': 'https://orcid.org/0000-0001-8901-1256', 'raw_name': 'A. Srinivasan'}"
23,23,research_reviewer_main,2025-06-24 18:45:49,raw_ref_to_json.py,"{'key': 'author-59', 'name': 'Steven M. Drucker', 's2_id': None, 'orcid': 'https://orcid.org/0000-0002-5022-9343', 'raw_name': 'S. M. Drucker'}"
23,23,research_reviewer_main,2025-06-24 18:45:49,raw_ref_to_json.py,"{'key': 'author-60', 'name': 'Alex Endert', 's2_id': None, 'orcid': 'https://orcid.org/0000-0002-6914-610X', 'raw_name': 'A. Endert'}"
23,23,research_reviewer_main,2025-06-24 18:45:49,raw_ref_to_json.py,"{'key': 'author-61', 'name': 'John Stasko', 's2_id': None, 'orcid': 'https://orcid.org/0000-0003-4129-7659', 'raw_name': 'J. Stasko'}"
24,24,research_reviewer_main,2025-06-24 18:45:49,raw_ref_to_json.py,"{'key': 'author-1', 'name': 'Chris Brunsdon', 's2_id': None, 'orcid': 'https://orcid.org/0000-0003-4254-1780', 'raw_name': 'C. Brunsdon'}"
24,24,research_reviewer_main,2025-06-24 18:45:49,raw_ref_to_json.py,"{'key': 'author-2', 'name': 'A. Stewart Fotheringham', 's2_id': None, 'orcid': 'https://orcid.org/0000-0002-0407-1901', 'raw_name': 'A. S. Fotheringham'}"
24,24,research_reviewer_main,2025-06-24 18:45:49,raw_ref_to_json.py,"{'key': 'author-3', 'name': 'Martin Charlton', 's2_id': None, 'orcid': 'https://orcid.org/0000-0002-0622-393X', 'raw_name': 'M. E. Charlton'}"
24,24,research_reviewer_main,2025-06-24 18:45:49,raw_ref_to_json.py,"{'key': 'author-4', 'name': 'Wenbai Yang', 's2_id': None, 'orcid': 'https://orcid.org/0000-0003-3293-8389', 'raw_name': 'W. Yang'}"
24,24,research_reviewer_main,2025-06-24 18:45:49,raw_ref_to_json.py,"{'key': 'author-5', 'name': 'Wei Kang', 's2_id': None, 'orcid': 'https://orcid.org/0000-0002-1073-7781', 'raw_name': 'W. Kang'}"
24,24,research_reviewer_main,2025-06-24 18:45:49,raw_ref_to_json.py,"{'key': 'author-6', 'name': 'T. Gao', 's2_id': None, 'orcid': None, 'raw_name': 'T. Gao'}"
24,24,research_reviewer_main,2025-06-24 18:45:49,raw_ref_to_json.py,"{'key': 'author-7', 'name': 'J. Hullman', 's2_id': None, 'orcid': None, 'raw_name': 'J. Hullman'}"
24,24,research_reviewer_main,2025-06-24 18:45:49,raw_ref_to_json.py,"{'key': 'author-8', 'name': 'E. Adar', 's2_id': None, 'orcid': None, 'raw_name': 'E. Adar'}"
24,24,research_reviewer_main,2025-06-24 18:45:49,raw_ref_to_json.py,"{'key': 'author-9', 'name': 'B. Hecht', 's2_id': None, 'orcid': None, 'raw_name': 'B. Hecht'}"
24,24,research_reviewer_main,2025-06-24 18:45:49,raw_ref_to_json.py,"{'key': 'author-10', 'name': 'N. Diakopoulos', 's2_id': None, 'orcid': None, 'raw_name': 'N. Diakopoulos'}"
24,24,research_reviewer_main,2025-06-24 18:45:49,raw_ref_to_json.py,"{'key': 'author-11', 'name': 'Sarah Goodwin', 's2_id': None, 'orcid': 'https://orcid.org/0000-0001-8894-8282', 'raw_name': 'S. Goodwin'}"
24,24,research_reviewer_main,2025-06-24 18:45:49,raw_ref_to_json.py,"{'key': 'author-12', 'name': 'Jason Dykes', 's2_id': None, 'orcid': 'https://orcid.org/0000-0002-8096-5763', 'raw_name': 'J. Dykes'}"
24,24,research_reviewer_main,2025-06-24 18:45:49,raw_ref_to_json.py,"{'key': 'author-13', 'name': 'Aidan Slingsby', 's2_id': None, 'orcid': 'https://orcid.org/0000-0003-3941-553X', 'raw_name': 'A. Slingsby'}"
24,24,research_reviewer_main,2025-06-24 18:45:49,raw_ref_to_json.py,"{'key': 'author-14', 'name': 'Çağatay Turkay', 's2_id': None, 'orcid': 'https://orcid.org/0000-0001-6788-251X', 'raw_name': 'C. Turkay'}"
24,24,research_reviewer_main,2025-06-24 18:45:49,raw_ref_to_json.py,"{'key': 'author-15', 'name': 'Jabba Hutt', 's2_id': None, 'orcid': None, 'raw_name': 'Jabba Hutt'}"
24,24,research_reviewer_main,2025-06-24 18:45:49,raw_ref_to_json.py,"{'key': 'author-16', 'name': 'Robert Kosara', 's2_id': None, 'orcid': 'https://orcid.org/0000-0002-1178-4029', 'raw_name': 'R. Kosara'}"
24,24,research_reviewer_main,2025-06-24 18:45:49,raw_ref_to_json.py,"{'key': 'author-17', 'name': 'Jock D. Mackinlay', 's2_id': None, 'orcid': None, 'raw_name': 'J. Mackinlay'}"
24,24,research_reviewer_main,2025-06-24 18:45:49,raw_ref_to_json.py,"{'key': 'author-18', 'name': 'J. Krause', 's2_id': None, 'orcid': None, 'raw_name': 'J. Krause'}"
24,24,research_reviewer_main,2025-06-24 18:45:49,raw_ref_to_json.py,"{'key': 'author-19', 'name': 'A. Perer', 's2_id': None, 'orcid': None, 'raw_name': 'A. Perer'}"
24,24,research_reviewer_main,2025-06-24 18:45:49,raw_ref_to_json.py,"{'key': 'author-20', 'name': 'K. Ng', 's2_id': None, 'orcid': None, 'raw_name': 'K. Ng'}"
24,24,research_reviewer_main,2025-06-24 18:45:49,raw_ref_to_json.py,"{'key': 'author-21', 'name': 'Chufan Lai', 's2_id': None, 'orcid': 'https://orcid.org/0009-0002-2880-7335', 'raw_name': 'C. Lai'}"
24,24,research_reviewer_main,2025-06-24 18:45:49,raw_ref_to_json.py,"{'key': 'author-22', 'name': 'Zhixian Lin', 's2_id': None, 'orcid': None, 'raw_name': 'Z. Lin'}"
24,24,research_reviewer_main,2025-06-24 18:45:49,raw_ref_to_json.py,"{'key': 'author-23', 'name': 'Ruike Jiang', 's2_id': None, 'orcid': 'https://orcid.org/0000-0002-5001-5310', 'raw_name': 'R. Jiang'}"
24,24,research_reviewer_main,2025-06-24 18:45:49,raw_ref_to_json.py,"{'key': 'author-24', 'name': 'Yun Han', 's2_id': None, 'orcid': 'https://orcid.org/0000-0003-1410-8090', 'raw_name': 'Y. Han'}"
24,24,research_reviewer_main,2025-06-24 18:45:49,raw_ref_to_json.py,"{'key': 'author-25', 'name': 'Can Liu', 's2_id': None, 'orcid': 'https://orcid.org/0000-0002-1175-0734', 'raw_name': 'C. Liu'}"
24,24,research_reviewer_main,2025-06-24 18:45:49,raw_ref_to_json.py,"{'key': 'author-26', 'name': 'Xiaoru Yuan', 's2_id': None, 'orcid': 'https://orcid.org/0000-0002-7233-980X', 'raw_name': 'X. Yuan'}"
24,24,research_reviewer_main,2025-06-24 18:45:49,raw_ref_to_json.py,"{'key': 'author-27', 'name': 'Shahid Latif', 's2_id': None, 'orcid': 'https://orcid.org/0000-0003-2060-5122', 'raw_name': 'S. Latif'}"
24,24,research_reviewer_main,2025-06-24 18:45:49,raw_ref_to_json.py,"{'key': 'author-28', 'name': 'Fabian Beck', 's2_id': None, 'orcid': 'https://orcid.org/0000-0003-4042-3043', 'raw_name': 'F. Beck'}"
24,24,research_reviewer_main,2025-06-24 18:45:49,raw_ref_to_json.py,"{'key': 'author-29', 'name': 'Siming Chen', 's2_id': None, 'orcid': 'https://orcid.org/0000-0002-2690-3588', 'raw_name': 'S. Chen'}"
24,24,research_reviewer_main,2025-06-24 18:45:49,raw_ref_to_json.py,"{'key': 'author-30', 'name': 'Yafeng Lu', 's2_id': None, 'orcid': 'https://orcid.org/0000-0002-3978-9550', 'raw_name': 'Y. Lu'}"
24,24,research_reviewer_main,2025-06-24 18:45:49,raw_ref_to_json.py,"{'key': 'author-31', 'name': 'Rolando Garcia', 's2_id': None, 'orcid': None, 'raw_name': 'R. Garcia'}"
24,24,research_reviewer_main,2025-06-24 18:45:49,raw_ref_to_json.py,"{'key': 'author-32', 'name': 'Brett Hansen', 's2_id': None, 'orcid': None, 'raw_name': 'B. Hansen'}"
24,24,research_reviewer_main,2025-06-24 18:45:49,raw_ref_to_json.py,"{'key': 'author-33', 'name': 'Michael Gleicher', 's2_id': None, 'orcid': 'https://orcid.org/0000-0003-3295-4071', 'raw_name': 'M. Gleicher'}"
24,24,research_reviewer_main,2025-06-24 18:45:49,raw_ref_to_json.py,"{'key': 'author-34', 'name': 'Ross Maciejewski', 's2_id': None, 'orcid': 'https://orcid.org/0000-0001-8803-6355', 'raw_name': 'R. Maciejewski'}"
24,24,research_reviewer_main,2025-06-24 18:45:49,raw_ref_to_json.py,"{'key': 'author-35', 'name': 'Ming Yao', 's2_id': None, 'orcid': 'https://orcid.org/0000-0002-6377-6063', 'raw_name': 'Y. Ming'}"
24,24,research_reviewer_main,2025-06-24 18:45:49,raw_ref_to_json.py,"{'key': 'author-36', 'name': 'Huamin Qu', 's2_id': None, 'orcid': 'https://orcid.org/0000-0002-3344-9694', 'raw_name': 'H. Qu'}"
24,24,research_reviewer_main,2025-06-24 18:45:49,raw_ref_to_json.py,"{'key': 'author-37', 'name': 'Enrico Bertini', 's2_id': None, 'orcid': 'https://orcid.org/0000-0002-9932-0551', 'raw_name': 'E. Bertini'}"
24,24,research_reviewer_main,2025-06-24 18:45:49,raw_ref_to_json.py,"{'key': 'author-38', 'name': 'Thomas Mühlbacher', 's2_id': None, 'orcid': None, 'raw_name': 'T. Muhlbacher'}"
24,24,research_reviewer_main,2025-06-24 18:45:49,raw_ref_to_json.py,"{'key': 'author-39', 'name': 'Harald Piringer', 's2_id': None, 'orcid': None, 'raw_name': 'H. Piringer'}"
24,24,research_reviewer_main,2025-06-24 18:45:49,raw_ref_to_json.py,"{'key': 'author-40', 'name': 'Donghao Ren', 's2_id': None, 'orcid': 'https://orcid.org/0000-0001-8666-7241', 'raw_name': 'D. Ren'}"
24,24,research_reviewer_main,2025-06-24 18:45:49,raw_ref_to_json.py,"{'key': 'author-41', 'name': 'Matthew Brehmer', 's2_id': None, 'orcid': 'https://orcid.org/0000-0001-5524-2291', 'raw_name': 'M. Brehmer'}"
24,24,research_reviewer_main,2025-06-24 18:45:49,raw_ref_to_json.py,"{'key': 'author-42', 'name': 'Bongshin Lee', 's2_id': None, 'orcid': 'https://orcid.org/0000-0002-4217-627X', 'raw_name': 'B. Lee'}"
24,24,research_reviewer_main,2025-06-24 18:45:49,raw_ref_to_json.py,"{'key': 'author-43', 'name': 'Tobias Höllerer', 's2_id': None, 'orcid': 'https://orcid.org/0000-0002-6240-0291', 'raw_name': 'T. Hollerer'}"
24,24,research_reviewer_main,2025-06-24 18:45:49,raw_ref_to_json.py,"{'key': 'author-44', 'name': 'Eun Kyoung Choe', 's2_id': None, 'orcid': 'https://orcid.org/0000-0001-5038-8320', 'raw_name': 'E. K. Choe'}"
24,24,research_reviewer_main,2025-06-24 18:45:49,raw_ref_to_json.py,"{'key': 'author-45', 'name': 'Arvind Satyanarayan', 's2_id': None, 'orcid': 'https://orcid.org/0000-0001-5564-635X', 'raw_name': 'A. Satyanarayan'}"
24,24,research_reviewer_main,2025-06-24 18:45:49,raw_ref_to_json.py,"{'key': 'author-46', 'name': 'Jeffrey Heer', 's2_id': None, 'orcid': 'https://orcid.org/0000-0002-6175-1655', 'raw_name': 'J. Heer'}"
24,24,research_reviewer_main,2025-06-24 18:45:49,raw_ref_to_json.py,"{'key': 'author-47', 'name': 'Michael Sedlmair', 's2_id': None, 'orcid': 'https://orcid.org/0000-0001-7048-9292', 'raw_name': 'M. Sedlmair'}"
24,24,research_reviewer_main,2025-06-24 18:45:49,raw_ref_to_json.py,"{'key': 'author-48', 'name': 'Christoph Heinzl', 's2_id': None, 'orcid': 'https://orcid.org/0000-0002-3173-8871', 'raw_name': 'C. Heinzl'}"
24,24,research_reviewer_main,2025-06-24 18:45:49,raw_ref_to_json.py,"{'key': 'author-49', 'name': 'Stefan Brückner', 's2_id': None, 'orcid': 'https://orcid.org/0000-0002-0885-8402', 'raw_name': 'S. Bruckner'}"
24,24,research_reviewer_main,2025-06-24 18:45:49,raw_ref_to_json.py,"{'key': 'author-50', 'name': 'Torsten Möller', 's2_id': None, 'orcid': 'https://orcid.org/0000-0003-1192-0710', 'raw_name': 'T. Moller'}"
24,24,research_reviewer_main,2025-06-24 18:45:49,raw_ref_to_json.py,"{'key': 'author-51', 'name': 'Edward Segel', 's2_id': None, 'orcid': None, 'raw_name': 'E. Segel'}"
24,24,research_reviewer_main,2025-06-24 18:45:49,raw_ref_to_json.py,"{'key': 'author-52', 'name': 'Luke Skywalker', 's2_id': None, 'orcid': None, 'raw_name': 'Luke Skywalker'}"
24,24,research_reviewer_main,2025-06-24 18:45:49,raw_ref_to_json.py,"{'key': 'author-53', 'name': 'Obi-Wan Kenobi', 's2_id': None, 'orcid': None, 'raw_name': 'Obi-Wan Kenobi'}"
24,24,research_reviewer_main,2025-06-24 18:45:49,raw_ref_to_json.py,"{'key': 'author-54', 'name': 'Dirk Smeesters', 's2_id': None, 'orcid': None, 'raw_name': 'Dirk Smeesters'}"
24,24,research_reviewer_main,2025-06-24 18:45:49,raw_ref_to_json.py,"{'key': 'author-55', 'name': 'Jia Liu', 's2_id': None, 'orcid': 'https://orcid.org/0000-0003-0383-0934', 'raw_name': 'Jia Liu'}"
24,24,research_reviewer_main,2025-06-24 18:45:49,raw_ref_to_json.py,"{'key': 'author-56', 'name': 'Han Solo', 's2_id': None, 'orcid': None, 'raw_name': 'Han Solo'}"
24,24,research_reviewer_main,2025-06-24 18:45:49,raw_ref_to_json.py,"{'key': 'author-57', 'name': 'Leia Organa', 's2_id': None, 'orcid': None, 'raw_name': 'Leia Organa'}"
24,24,research_reviewer_main,2025-06-24 18:45:49,raw_ref_to_json.py,"{'key': 'author-58', 'name': 'Arjun Srinivasan', 's2_id': None, 'orcid': 'https://orcid.org/0000-0001-8901-1256', 'raw_name': 'A. Srinivasan'}"
24,24,research_reviewer_main,2025-06-24 18:45:49,raw_ref_to_json.py,"{'key': 'author-59', 'name': 'Steven M. Drucker', 's2_id': None, 'orcid': 'https://orcid.org/0000-0002-5022-9343', 'raw_name': 'S. M. Drucker'}"
24,24,research_reviewer_main,2025-06-24 18:45:49,raw_ref_to_json.py,"{'key': 'author-60', 'name': 'Alex Endert', 's2_id': None, 'orcid': 'https://orcid.org/0000-0002-6914-610X', 'raw_name': 'A. Endert'}"
24,24,research_reviewer_main,2025-06-24 18:45:49,raw_ref_to_json.py,"{'key': 'author-61', 'name': 'John Stasko', 's2_id': None, 'orcid': 'https://orcid.org/0000-0003-4129-7659', 'raw_name': 'J. Stasko'}"
24,24,research_reviewer_main,2025-06-24 18:45:49,raw_ref_to_json.py,"{'key': 'author-62', 'name': 'Masahiro Takatsuka', 's2_id': None, 'orcid': 'https://orcid.org/0000-0002-1769-9642', 'raw_name': 'M. Takatsuka'}"
24,24,research_reviewer_main,2025-06-24 18:45:49,raw_ref_to_json.py,"{'key': 'author-63', 'name': 'Mark Gahegan', 's2_id': None, 'orcid': 'https://orcid.org/0000-0001-7209-8156', 'raw_name': 'M. Gahegan'}"
25,25,research_reviewer_main,2025-06-24 18:45:49,raw_ref_to_json.py,"{'key': 'author-1', 'name': 'Chris Brunsdon', 's2_id': None, 'orcid': 'https://orcid.org/0000-0003-4254-1780', 'raw_name': 'C. Brunsdon'}"
25,25,research_reviewer_main,2025-06-24 18:45:49,raw_ref_to_json.py,"{'key': 'author-2', 'name': 'A. Stewart Fotheringham', 's2_id': None, 'orcid': 'https://orcid.org/0000-0002-0407-1901', 'raw_name': 'A. S. Fotheringham'}"
25,25,research_reviewer_main,2025-06-24 18:45:49,raw_ref_to_json.py,"{'key': 'author-3', 'name': 'Martin Charlton', 's2_id': None, 'orcid': 'https://orcid.org/0000-0002-0622-393X', 'raw_name': 'M. E. Charlton'}"
25,25,research_reviewer_main,2025-06-24 18:45:49,raw_ref_to_json.py,"{'key': 'author-4', 'name': 'Wenbai Yang', 's2_id': None, 'orcid': 'https://orcid.org/0000-0003-3293-8389', 'raw_name': 'W. Yang'}"
25,25,research_reviewer_main,2025-06-24 18:45:49,raw_ref_to_json.py,"{'key': 'author-5', 'name': 'Wei Kang', 's2_id': None, 'orcid': 'https://orcid.org/0000-0002-1073-7781', 'raw_name': 'W. Kang'}"
25,25,research_reviewer_main,2025-06-24 18:45:49,raw_ref_to_json.py,"{'key': 'author-6', 'name': 'T. Gao', 's2_id': None, 'orcid': None, 'raw_name': 'T. Gao'}"
25,25,research_reviewer_main,2025-06-24 18:45:49,raw_ref_to_json.py,"{'key': 'author-7', 'name': 'J. Hullman', 's2_id': None, 'orcid': None, 'raw_name': 'J. Hullman'}"
25,25,research_reviewer_main,2025-06-24 18:45:49,raw_ref_to_json.py,"{'key': 'author-8', 'name': 'E. Adar', 's2_id': None, 'orcid': None, 'raw_name': 'E. Adar'}"
25,25,research_reviewer_main,2025-06-24 18:45:49,raw_ref_to_json.py,"{'key': 'author-9', 'name': 'B. Hecht', 's2_id': None, 'orcid': None, 'raw_name': 'B. Hecht'}"
25,25,research_reviewer_main,2025-06-24 18:45:49,raw_ref_to_json.py,"{'key': 'author-10', 'name': 'N. Diakopoulos', 's2_id': None, 'orcid': None, 'raw_name': 'N. Diakopoulos'}"
25,25,research_reviewer_main,2025-06-24 18:45:49,raw_ref_to_json.py,"{'key': 'author-11', 'name': 'Sarah Goodwin', 's2_id': None, 'orcid': 'https://orcid.org/0000-0001-8894-8282', 'raw_name': 'S. Goodwin'}"
25,25,research_reviewer_main,2025-06-24 18:45:49,raw_ref_to_json.py,"{'key': 'author-12', 'name': 'Jason Dykes', 's2_id': None, 'orcid': 'https://orcid.org/0000-0002-8096-5763', 'raw_name': 'J. Dykes'}"
25,25,research_reviewer_main,2025-06-24 18:45:49,raw_ref_to_json.py,"{'key': 'author-13', 'name': 'Aidan Slingsby', 's2_id': None, 'orcid': 'https://orcid.org/0000-0003-3941-553X', 'raw_name': 'A. Slingsby'}"
25,25,research_reviewer_main,2025-06-24 18:45:49,raw_ref_to_json.py,"{'key': 'author-14', 'name': 'Çağatay Turkay', 's2_id': None, 'orcid': 'https://orcid.org/0000-0001-6788-251X', 'raw_name': 'C. Turkay'}"
25,25,research_reviewer_main,2025-06-24 18:45:49,raw_ref_to_json.py,"{'key': 'author-15', 'name': 'Jabba Hutt', 's2_id': None, 'orcid': None, 'raw_name': 'Jabba Hutt'}"
25,25,research_reviewer_main,2025-06-24 18:45:49,raw_ref_to_json.py,"{'key': 'author-16', 'name': 'Robert Kosara', 's2_id': None, 'orcid': 'https://orcid.org/0000-0002-1178-4029', 'raw_name': 'R. Kosara'}"
25,25,research_reviewer_main,2025-06-24 18:45:49,raw_ref_to_json.py,"{'key': 'author-17', 'name': 'Jock D. Mackinlay', 's2_id': None, 'orcid': None, 'raw_name': 'J. Mackinlay'}"
25,25,research_reviewer_main,2025-06-24 18:45:49,raw_ref_to_json.py,"{'key': 'author-18', 'name': 'J. Krause', 's2_id': None, 'orcid': None, 'raw_name': 'J. Krause'}"
25,25,research_reviewer_main,2025-06-24 18:45:49,raw_ref_to_json.py,"{'key': 'author-19', 'name': 'A. Perer', 's2_id': None, 'orcid': None, 'raw_name': 'A. Perer'}"
25,25,research_reviewer_main,2025-06-24 18:45:49,raw_ref_to_json.py,"{'key': 'author-20', 'name': 'K. Ng', 's2_id': None, 'orcid': None, 'raw_name': 'K. Ng'}"
25,25,research_reviewer_main,2025-06-24 18:45:49,raw_ref_to_json.py,"{'key': 'author-21', 'name': 'Chufan Lai', 's2_id': None, 'orcid': 'https://orcid.org/0009-0002-2880-7335', 'raw_name': 'C. Lai'}"
25,25,research_reviewer_main,2025-06-24 18:45:49,raw_ref_to_json.py,"{'key': 'author-22', 'name': 'Zhixian Lin', 's2_id': None, 'orcid': None, 'raw_name': 'Z. Lin'}"
25,25,research_reviewer_main,2025-06-24 18:45:49,raw_ref_to_json.py,"{'key': 'author-23', 'name': 'Ruike Jiang', 's2_id': None, 'orcid': 'https://orcid.org/0000-0002-5001-5310', 'raw_name': 'R. Jiang'}"
25,25,research_reviewer_main,2025-06-24 18:45:49,raw_ref_to_json.py,"{'key': 'author-24', 'name': 'Yun Han', 's2_id': None, 'orcid': 'https://orcid.org/0000-0003-1410-8090', 'raw_name': 'Y. Han'}"
25,25,research_reviewer_main,2025-06-24 18:45:49,raw_ref_to_json.py,"{'key': 'author-25', 'name': 'Can Liu', 's2_id': None, 'orcid': 'https://orcid.org/0000-0002-1175-0734', 'raw_name': 'C. Liu'}"
25,25,research_reviewer_main,2025-06-24 18:45:49,raw_ref_to_json.py,"{'key': 'author-26', 'name': 'Xiaoru Yuan', 's2_id': None, 'orcid': 'https://orcid.org/0000-0002-7233-980X', 'raw_name': 'X. Yuan'}"
25,25,research_reviewer_main,2025-06-24 18:45:49,raw_ref_to_json.py,"{'key': 'author-27', 'name': 'Shahid Latif', 's2_id': None, 'orcid': 'https://orcid.org/0000-0003-2060-5122', 'raw_name': 'S. Latif'}"
25,25,research_reviewer_main,2025-06-24 18:45:49,raw_ref_to_json.py,"{'key': 'author-28', 'name': 'Fabian Beck', 's2_id': None, 'orcid': 'https://orcid.org/0000-0003-4042-3043', 'raw_name': 'F. Beck'}"
25,25,research_reviewer_main,2025-06-24 18:45:49,raw_ref_to_json.py,"{'key': 'author-29', 'name': 'Siming Chen', 's2_id': None, 'orcid': 'https://orcid.org/0000-0002-2690-3588', 'raw_name': 'S. Chen'}"
25,25,research_reviewer_main,2025-06-24 18:45:49,raw_ref_to_json.py,"{'key': 'author-30', 'name': 'Yafeng Lu', 's2_id': None, 'orcid': 'https://orcid.org/0000-0002-3978-9550', 'raw_name': 'Y. Lu'}"
25,25,research_reviewer_main,2025-06-24 18:45:49,raw_ref_to_json.py,"{'key': 'author-31', 'name': 'Rolando Garcia', 's2_id': None, 'orcid': None, 'raw_name': 'R. Garcia'}"
25,25,research_reviewer_main,2025-06-24 18:45:49,raw_ref_to_json.py,"{'key': 'author-32', 'name': 'Brett Hansen', 's2_id': None, 'orcid': None, 'raw_name': 'B. Hansen'}"
25,25,research_reviewer_main,2025-06-24 18:45:49,raw_ref_to_json.py,"{'key': 'author-33', 'name': 'Michael Gleicher', 's2_id': None, 'orcid': 'https://orcid.org/0000-0003-3295-4071', 'raw_name': 'M. Gleicher'}"
25,25,research_reviewer_main,2025-06-24 18:45:49,raw_ref_to_json.py,"{'key': 'author-34', 'name': 'Ross Maciejewski', 's2_id': None, 'orcid': 'https://orcid.org/0000-0001-8803-6355', 'raw_name': 'R. Maciejewski'}"
25,25,research_reviewer_main,2025-06-24 18:45:49,raw_ref_to_json.py,"{'key': 'author-35', 'name': 'Ming Yao', 's2_id': None, 'orcid': 'https://orcid.org/0000-0002-6377-6063', 'raw_name': 'Y. Ming'}"
25,25,research_reviewer_main,2025-06-24 18:45:49,raw_ref_to_json.py,"{'key': 'author-36', 'name': 'Huamin Qu', 's2_id': None, 'orcid': 'https://orcid.org/0000-0002-3344-9694', 'raw_name': 'H. Qu'}"
25,25,research_reviewer_main,2025-06-24 18:45:49,raw_ref_to_json.py,"{'key': 'author-37', 'name': 'Enrico Bertini', 's2_id': None, 'orcid': 'https://orcid.org/0000-0002-9932-0551', 'raw_name': 'E. Bertini'}"
25,25,research_reviewer_main,2025-06-24 18:45:49,raw_ref_to_json.py,"{'key': 'author-38', 'name': 'Thomas Mühlbacher', 's2_id': None, 'orcid': None, 'raw_name': 'T. Muhlbacher'}"
25,25,research_reviewer_main,2025-06-24 18:45:49,raw_ref_to_json.py,"{'key': 'author-39', 'name': 'Harald Piringer', 's2_id': None, 'orcid': None, 'raw_name': 'H. Piringer'}"
25,25,research_reviewer_main,2025-06-24 18:45:49,raw_ref_to_json.py,"{'key': 'author-40', 'name': 'Donghao Ren', 's2_id': None, 'orcid': 'https://orcid.org/0000-0001-8666-7241', 'raw_name': 'D. Ren'}"
25,25,research_reviewer_main,2025-06-24 18:45:49,raw_ref_to_json.py,"{'key': 'author-41', 'name': 'Matthew Brehmer', 's2_id': None, 'orcid': 'https://orcid.org/0000-0001-5524-2291', 'raw_name': 'M. Brehmer'}"
25,25,research_reviewer_main,2025-06-24 18:45:49,raw_ref_to_json.py,"{'key': 'author-42', 'name': 'Bongshin Lee', 's2_id': None, 'orcid': 'https://orcid.org/0000-0002-4217-627X', 'raw_name': 'B. Lee'}"
25,25,research_reviewer_main,2025-06-24 18:45:49,raw_ref_to_json.py,"{'key': 'author-43', 'name': 'Tobias Höllerer', 's2_id': None, 'orcid': 'https://orcid.org/0000-0002-6240-0291', 'raw_name': 'T. Hollerer'}"
25,25,research_reviewer_main,2025-06-24 18:45:49,raw_ref_to_json.py,"{'key': 'author-44', 'name': 'Eun Kyoung Choe', 's2_id': None, 'orcid': 'https://orcid.org/0000-0001-5038-8320', 'raw_name': 'E. K. Choe'}"
25,25,research_reviewer_main,2025-06-24 18:45:49,raw_ref_to_json.py,"{'key': 'author-45', 'name': 'Arvind Satyanarayan', 's2_id': None, 'orcid': 'https://orcid.org/0000-0001-5564-635X', 'raw_name': 'A. Satyanarayan'}"
25,25,research_reviewer_main,2025-06-24 18:45:49,raw_ref_to_json.py,"{'key': 'author-46', 'name': 'Jeffrey Heer', 's2_id': None, 'orcid': 'https://orcid.org/0000-0002-6175-1655', 'raw_name': 'J. Heer'}"
25,25,research_reviewer_main,2025-06-24 18:45:49,raw_ref_to_json.py,"{'key': 'author-47', 'name': 'Michael Sedlmair', 's2_id': None, 'orcid': 'https://orcid.org/0000-0001-7048-9292', 'raw_name': 'M. Sedlmair'}"
25,25,research_reviewer_main,2025-06-24 18:45:49,raw_ref_to_json.py,"{'key': 'author-48', 'name': 'Christoph Heinzl', 's2_id': None, 'orcid': 'https://orcid.org/0000-0002-3173-8871', 'raw_name': 'C. Heinzl'}"
25,25,research_reviewer_main,2025-06-24 18:45:49,raw_ref_to_json.py,"{'key': 'author-49', 'name': 'Stefan Brückner', 's2_id': None, 'orcid': 'https://orcid.org/0000-0002-0885-8402', 'raw_name': 'S. Bruckner'}"
25,25,research_reviewer_main,2025-06-24 18:45:49,raw_ref_to_json.py,"{'key': 'author-50', 'name': 'Torsten Möller', 's2_id': None, 'orcid': 'https://orcid.org/0000-0003-1192-0710', 'raw_name': 'T. Moller'}"
25,25,research_reviewer_main,2025-06-24 18:45:49,raw_ref_to_json.py,"{'key': 'author-51', 'name': 'Edward Segel', 's2_id': None, 'orcid': None, 'raw_name': 'E. Segel'}"
25,25,research_reviewer_main,2025-06-24 18:45:49,raw_ref_to_json.py,"{'key': 'author-52', 'name': 'Luke Skywalker', 's2_id': None, 'orcid': None, 'raw_name': 'Luke Skywalker'}"
25,25,research_reviewer_main,2025-06-24 18:45:49,raw_ref_to_json.py,"{'key': 'author-53', 'name': 'Obi-Wan Kenobi', 's2_id': None, 'orcid': None, 'raw_name': 'Obi-Wan Kenobi'}"
25,25,research_reviewer_main,2025-06-24 18:45:49,raw_ref_to_json.py,"{'key': 'author-54', 'name': 'Dirk Smeesters', 's2_id': None, 'orcid': None, 'raw_name': 'Dirk Smeesters'}"
25,25,research_reviewer_main,2025-06-24 18:45:49,raw_ref_to_json.py,"{'key': 'author-55', 'name': 'Jia Liu', 's2_id': None, 'orcid': 'https://orcid.org/0000-0003-0383-0934', 'raw_name': 'Jia Liu'}"
25,25,research_reviewer_main,2025-06-24 18:45:49,raw_ref_to_json.py,"{'key': 'author-56', 'name': 'Han Solo', 's2_id': None, 'orcid': None, 'raw_name': 'Han Solo'}"
25,25,research_reviewer_main,2025-06-24 18:45:49,raw_ref_to_json.py,"{'key': 'author-57', 'name': 'Leia Organa', 's2_id': None, 'orcid': None, 'raw_name': 'Leia Organa'}"
25,25,research_reviewer_main,2025-06-24 18:45:49,raw_ref_to_json.py,"{'key': 'author-58', 'name': 'Arjun Srinivasan', 's2_id': None, 'orcid': 'https://orcid.org/0000-0001-8901-1256', 'raw_name': 'A. Srinivasan'}"
25,25,research_reviewer_main,2025-06-24 18:45:49,raw_ref_to_json.py,"{'key': 'author-59', 'name': 'Steven M. Drucker', 's2_id': None, 'orcid': 'https://orcid.org/0000-0002-5022-9343', 'raw_name': 'S. M. Drucker'}"
25,25,research_reviewer_main,2025-06-24 18:45:49,raw_ref_to_json.py,"{'key': 'author-60', 'name': 'Alex Endert', 's2_id': None, 'orcid': 'https://orcid.org/0000-0002-6914-610X', 'raw_name': 'A. Endert'}"
25,25,research_reviewer_main,2025-06-24 18:45:49,raw_ref_to_json.py,"{'key': 'author-61', 'name': 'John Stasko', 's2_id': None, 'orcid': 'https://orcid.org/0000-0003-4129-7659', 'raw_name': 'J. Stasko'}"
25,25,research_reviewer_main,2025-06-24 18:45:49,raw_ref_to_json.py,"{'key': 'author-62', 'name': 'Masahiro Takatsuka', 's2_id': None, 'orcid': 'https://orcid.org/0000-0002-1769-9642', 'raw_name': 'M. Takatsuka'}"
25,25,research_reviewer_main,2025-06-24 18:45:49,raw_ref_to_json.py,"{'key': 'author-63', 'name': 'Mark Gahegan', 's2_id': None, 'orcid': 'https://orcid.org/0000-0001-7209-8156', 'raw_name': 'M. Gahegan'}"
25,25,research_reviewer_main,2025-06-24 18:45:49,raw_ref_to_json.py,"{'key': 'author-64', 'name': 'J. Talbot', 's2_id': None, 'orcid': None, 'raw_name': 'J. Talbot'}"
25,25,research_reviewer_main,2025-06-24 18:45:49,raw_ref_to_json.py,"{'key': 'author-65', 'name': 'A. Kapoor', 's2_id': None, 'orcid': None, 'raw_name': 'A. Kapoor'}"
25,25,research_reviewer_main,2025-06-24 18:45:49,raw_ref_to_json.py,"{'key': 'author-66', 'name': 'D. S. Tan', 's2_id': None, 'orcid': None, 'raw_name': 'D. S. Tan'}"
1,1,research_reviewer_main,2025-06-24 18:51:46,raw_ref_to_json.py,"{'key': 'author-1', 'name': 'Chris Brunsdon', 's2_id': None, 'orcid': 'https://orcid.org/0000-0003-4254-1780', 'raw_name': 'C. Brunsdon'}"
1,1,research_reviewer_main,2025-06-24 18:51:46,raw_ref_to_json.py,"{'key': 'author-2', 'name': 'A. Stewart Fotheringham', 's2_id': None, 'orcid': 'https://orcid.org/0000-0002-0407-1901', 'raw_name': 'A. S. Fotheringham'}"
1,1,research_reviewer_main,2025-06-24 18:51:46,raw_ref_to_json.py,"{'key': 'author-3', 'name': 'Martin Charlton', 's2_id': None, 'orcid': 'https://orcid.org/0000-0002-0622-393X', 'raw_name': 'M. E. Charlton'}"
2,2,research_reviewer_main,2025-06-24 18:51:46,raw_ref_to_json.py,"{'key': 'author-1', 'name': 'Chris Brunsdon', 's2_id': None, 'orcid': 'https://orcid.org/0000-0003-4254-1780', 'raw_name': 'C. Brunsdon'}"
2,2,research_reviewer_main,2025-06-24 18:51:46,raw_ref_to_json.py,"{'key': 'author-2', 'name': 'A. Stewart Fotheringham', 's2_id': None, 'orcid': 'https://orcid.org/0000-0002-0407-1901', 'raw_name': 'A. S. Fotheringham'}"
2,2,research_reviewer_main,2025-06-24 18:51:46,raw_ref_to_json.py,"{'key': 'author-3', 'name': 'Martin Charlton', 's2_id': None, 'orcid': 'https://orcid.org/0000-0002-0622-393X', 'raw_name': 'M. E. Charlton'}"
2,2,research_reviewer_main,2025-06-24 18:51:46,raw_ref_to_json.py,"{'key': 'author-4', 'name': 'Wenbai Yang', 's2_id': None, 'orcid': 'https://orcid.org/0000-0003-3293-8389', 'raw_name': 'W. Yang'}"
2,2,research_reviewer_main,2025-06-24 18:51:46,raw_ref_to_json.py,"{'key': 'author-5', 'name': 'Wei Kang', 's2_id': None, 'orcid': 'https://orcid.org/0000-0002-1073-7781', 'raw_name': 'W. Kang'}"
3,3,research_reviewer_main,2025-06-24 18:51:46,raw_ref_to_json.py,"{'key': 'author-1', 'name': 'Chris Brunsdon', 's2_id': None, 'orcid': 'https://orcid.org/0000-0003-4254-1780', 'raw_name': 'C. Brunsdon'}"
3,3,research_reviewer_main,2025-06-24 18:51:46,raw_ref_to_json.py,"{'key': 'author-2', 'name': 'A. Stewart Fotheringham', 's2_id': None, 'orcid': 'https://orcid.org/0000-0002-0407-1901', 'raw_name': 'A. S. Fotheringham'}"
3,3,research_reviewer_main,2025-06-24 18:51:46,raw_ref_to_json.py,"{'key': 'author-3', 'name': 'Martin Charlton', 's2_id': None, 'orcid': 'https://orcid.org/0000-0002-0622-393X', 'raw_name': 'M. E. Charlton'}"
3,3,research_reviewer_main,2025-06-24 18:51:46,raw_ref_to_json.py,"{'key': 'author-4', 'name': 'Wenbai Yang', 's2_id': None, 'orcid': 'https://orcid.org/0000-0003-3293-8389', 'raw_name': 'W. Yang'}"
3,3,research_reviewer_main,2025-06-24 18:51:46,raw_ref_to_json.py,"{'key': 'author-5', 'name': 'Wei Kang', 's2_id': None, 'orcid': 'https://orcid.org/0000-0002-1073-7781', 'raw_name': 'W. Kang'}"
3,3,research_reviewer_main,2025-06-24 18:51:46,raw_ref_to_json.py,"{'key': 'author-6', 'name': 'T. Gao', 's2_id': None, 'orcid': None, 'raw_name': 'T. Gao'}"
3,3,research_reviewer_main,2025-06-24 18:51:46,raw_ref_to_json.py,"{'key': 'author-7', 'name': 'J. Hullman', 's2_id': None, 'orcid': None, 'raw_name': 'J. Hullman'}"
3,3,research_reviewer_main,2025-06-24 18:51:46,raw_ref_to_json.py,"{'key': 'author-8', 'name': 'E. Adar', 's2_id': None, 'orcid': None, 'raw_name': 'E. Adar'}"
3,3,research_reviewer_main,2025-06-24 18:51:46,raw_ref_to_json.py,"{'key': 'author-9', 'name': 'B. Hecht', 's2_id': None, 'orcid': None, 'raw_name': 'B. Hecht'}"
3,3,research_reviewer_main,2025-06-24 18:51:46,raw_ref_to_json.py,"{'key': 'author-10', 'name': 'N. Diakopoulos', 's2_id': None, 'orcid': None, 'raw_name': 'N. Diakopoulos'}"
4,4,research_reviewer_main,2025-06-24 18:51:46,raw_ref_to_json.py,"{'key': 'author-1', 'name': 'Chris Brunsdon', 's2_id': None, 'orcid': 'https://orcid.org/0000-0003-4254-1780', 'raw_name': 'C. Brunsdon'}"
4,4,research_reviewer_main,2025-06-24 18:51:46,raw_ref_to_json.py,"{'key': 'author-2', 'name': 'A. Stewart Fotheringham', 's2_id': None, 'orcid': 'https://orcid.org/0000-0002-0407-1901', 'raw_name': 'A. S. Fotheringham'}"
4,4,research_reviewer_main,2025-06-24 18:51:46,raw_ref_to_json.py,"{'key': 'author-3', 'name': 'Martin Charlton', 's2_id': None, 'orcid': 'https://orcid.org/0000-0002-0622-393X', 'raw_name': 'M. E. Charlton'}"
4,4,research_reviewer_main,2025-06-24 18:51:46,raw_ref_to_json.py,"{'key': 'author-4', 'name': 'Wenbai Yang', 's2_id': None, 'orcid': 'https://orcid.org/0000-0003-3293-8389', 'raw_name': 'W. Yang'}"
4,4,research_reviewer_main,2025-06-24 18:51:46,raw_ref_to_json.py,"{'key': 'author-5', 'name': 'Wei Kang', 's2_id': None, 'orcid': 'https://orcid.org/0000-0002-1073-7781', 'raw_name': 'W. Kang'}"
4,4,research_reviewer_main,2025-06-24 18:51:46,raw_ref_to_json.py,"{'key': 'author-6', 'name': 'T. Gao', 's2_id': None, 'orcid': None, 'raw_name': 'T. Gao'}"
4,4,research_reviewer_main,2025-06-24 18:51:46,raw_ref_to_json.py,"{'key': 'author-7', 'name': 'J. Hullman', 's2_id': None, 'orcid': None, 'raw_name': 'J. Hullman'}"
4,4,research_reviewer_main,2025-06-24 18:51:46,raw_ref_to_json.py,"{'key': 'author-8', 'name': 'E. Adar', 's2_id': None, 'orcid': None, 'raw_name': 'E. Adar'}"
4,4,research_reviewer_main,2025-06-24 18:51:46,raw_ref_to_json.py,"{'key': 'author-9', 'name': 'B. Hecht', 's2_id': None, 'orcid': None, 'raw_name': 'B. Hecht'}"
4,4,research_reviewer_main,2025-06-24 18:51:46,raw_ref_to_json.py,"{'key': 'author-10', 'name': 'N. Diakopoulos', 's2_id': None, 'orcid': None, 'raw_name': 'N. Diakopoulos'}"
4,4,research_reviewer_main,2025-06-24 18:51:46,raw_ref_to_json.py,"{'key': 'author-11', 'name': 'Sarah Goodwin', 's2_id': None, 'orcid': 'https://orcid.org/0000-0001-8894-8282', 'raw_name': 'S. Goodwin'}"
4,4,research_reviewer_main,2025-06-24 18:51:46,raw_ref_to_json.py,"{'key': 'author-12', 'name': 'Jason Dykes', 's2_id': None, 'orcid': 'https://orcid.org/0000-0002-8096-5763', 'raw_name': 'J. Dykes'}"
4,4,research_reviewer_main,2025-06-24 18:51:46,raw_ref_to_json.py,"{'key': 'author-13', 'name': 'Aidan Slingsby', 's2_id': None, 'orcid': 'https://orcid.org/0000-0003-3941-553X', 'raw_name': 'A. Slingsby'}"
4,4,research_reviewer_main,2025-06-24 18:51:46,raw_ref_to_json.py,"{'key': 'author-14', 'name': 'Çağatay Turkay', 's2_id': None, 'orcid': 'https://orcid.org/0000-0001-6788-251X', 'raw_name': 'C. Turkay'}"
5,5,research_reviewer_main,2025-06-24 18:51:46,raw_ref_to_json.py,"{'key': 'author-1', 'name': 'Chris Brunsdon', 's2_id': None, 'orcid': 'https://orcid.org/0000-0003-4254-1780', 'raw_name': 'C. Brunsdon'}"
5,5,research_reviewer_main,2025-06-24 18:51:46,raw_ref_to_json.py,"{'key': 'author-2', 'name': 'A. Stewart Fotheringham', 's2_id': None, 'orcid': 'https://orcid.org/0000-0002-0407-1901', 'raw_name': 'A. S. Fotheringham'}"
5,5,research_reviewer_main,2025-06-24 18:51:46,raw_ref_to_json.py,"{'key': 'author-3', 'name': 'Martin Charlton', 's2_id': None, 'orcid': 'https://orcid.org/0000-0002-0622-393X', 'raw_name': 'M. E. Charlton'}"
5,5,research_reviewer_main,2025-06-24 18:51:46,raw_ref_to_json.py,"{'key': 'author-4', 'name': 'Wenbai Yang', 's2_id': None, 'orcid': 'https://orcid.org/0000-0003-3293-8389', 'raw_name': 'W. Yang'}"
5,5,research_reviewer_main,2025-06-24 18:51:46,raw_ref_to_json.py,"{'key': 'author-5', 'name': 'Wei Kang', 's2_id': None, 'orcid': 'https://orcid.org/0000-0002-1073-7781', 'raw_name': 'W. Kang'}"
5,5,research_reviewer_main,2025-06-24 18:51:46,raw_ref_to_json.py,"{'key': 'author-6', 'name': 'T. Gao', 's2_id': None, 'orcid': None, 'raw_name': 'T. Gao'}"
5,5,research_reviewer_main,2025-06-24 18:51:46,raw_ref_to_json.py,"{'key': 'author-7', 'name': 'J. Hullman', 's2_id': None, 'orcid': None, 'raw_name': 'J. Hullman'}"
5,5,research_reviewer_main,2025-06-24 18:51:46,raw_ref_to_json.py,"{'key': 'author-8', 'name': 'E. Adar', 's2_id': None, 'orcid': None, 'raw_name': 'E. Adar'}"
5,5,research_reviewer_main,2025-06-24 18:51:46,raw_ref_to_json.py,"{'key': 'author-9', 'name': 'B. Hecht', 's2_id': None, 'orcid': None, 'raw_name': 'B. Hecht'}"
5,5,research_reviewer_main,2025-06-24 18:51:46,raw_ref_to_json.py,"{'key': 'author-10', 'name': 'N. Diakopoulos', 's2_id': None, 'orcid': None, 'raw_name': 'N. Diakopoulos'}"
5,5,research_reviewer_main,2025-06-24 18:51:46,raw_ref_to_json.py,"{'key': 'author-11', 'name': 'Sarah Goodwin', 's2_id': None, 'orcid': 'https://orcid.org/0000-0001-8894-8282', 'raw_name': 'S. Goodwin'}"
5,5,research_reviewer_main,2025-06-24 18:51:46,raw_ref_to_json.py,"{'key': 'author-12', 'name': 'Jason Dykes', 's2_id': None, 'orcid': 'https://orcid.org/0000-0002-8096-5763', 'raw_name': 'J. Dykes'}"
5,5,research_reviewer_main,2025-06-24 18:51:46,raw_ref_to_json.py,"{'key': 'author-13', 'name': 'Aidan Slingsby', 's2_id': None, 'orcid': 'https://orcid.org/0000-0003-3941-553X', 'raw_name': 'A. Slingsby'}"
5,5,research_reviewer_main,2025-06-24 18:51:46,raw_ref_to_json.py,"{'key': 'author-14', 'name': 'Çağatay Turkay', 's2_id': None, 'orcid': 'https://orcid.org/0000-0001-6788-251X', 'raw_name': 'C. Turkay'}"
6,6,research_reviewer_main,2025-06-24 18:51:46,raw_ref_to_json.py,"{'key': 'author-1', 'name': 'Chris Brunsdon', 's2_id': None, 'orcid': 'https://orcid.org/0000-0003-4254-1780', 'raw_name': 'C. Brunsdon'}"
6,6,research_reviewer_main,2025-06-24 18:51:46,raw_ref_to_json.py,"{'key': 'author-2', 'name': 'A. Stewart Fotheringham', 's2_id': None, 'orcid': 'https://orcid.org/0000-0002-0407-1901', 'raw_name': 'A. S. Fotheringham'}"
6,6,research_reviewer_main,2025-06-24 18:51:46,raw_ref_to_json.py,"{'key': 'author-3', 'name': 'Martin Charlton', 's2_id': None, 'orcid': 'https://orcid.org/0000-0002-0622-393X', 'raw_name': 'M. E. Charlton'}"
6,6,research_reviewer_main,2025-06-24 18:51:46,raw_ref_to_json.py,"{'key': 'author-4', 'name': 'Wenbai Yang', 's2_id': None, 'orcid': 'https://orcid.org/0000-0003-3293-8389', 'raw_name': 'W. Yang'}"
6,6,research_reviewer_main,2025-06-24 18:51:46,raw_ref_to_json.py,"{'key': 'author-5', 'name': 'Wei Kang', 's2_id': None, 'orcid': 'https://orcid.org/0000-0002-1073-7781', 'raw_name': 'W. Kang'}"
6,6,research_reviewer_main,2025-06-24 18:51:46,raw_ref_to_json.py,"{'key': 'author-6', 'name': 'T. Gao', 's2_id': None, 'orcid': None, 'raw_name': 'T. Gao'}"
6,6,research_reviewer_main,2025-06-24 18:51:46,raw_ref_to_json.py,"{'key': 'author-7', 'name': 'J. Hullman', 's2_id': None, 'orcid': None, 'raw_name': 'J. Hullman'}"
6,6,research_reviewer_main,2025-06-24 18:51:46,raw_ref_to_json.py,"{'key': 'author-8', 'name': 'E. Adar', 's2_id': None, 'orcid': None, 'raw_name': 'E. Adar'}"
6,6,research_reviewer_main,2025-06-24 18:51:46,raw_ref_to_json.py,"{'key': 'author-9', 'name': 'B. Hecht', 's2_id': None, 'orcid': None, 'raw_name': 'B. Hecht'}"
6,6,research_reviewer_main,2025-06-24 18:51:46,raw_ref_to_json.py,"{'key': 'author-10', 'name': 'N. Diakopoulos', 's2_id': None, 'orcid': None, 'raw_name': 'N. Diakopoulos'}"
6,6,research_reviewer_main,2025-06-24 18:51:46,raw_ref_to_json.py,"{'key': 'author-11', 'name': 'Sarah Goodwin', 's2_id': None, 'orcid': 'https://orcid.org/0000-0001-8894-8282', 'raw_name': 'S. Goodwin'}"
6,6,research_reviewer_main,2025-06-24 18:51:46,raw_ref_to_json.py,"{'key': 'author-12', 'name': 'Jason Dykes', 's2_id': None, 'orcid': 'https://orcid.org/0000-0002-8096-5763', 'raw_name': 'J. Dykes'}"
6,6,research_reviewer_main,2025-06-24 18:51:46,raw_ref_to_json.py,"{'key': 'author-13', 'name': 'Aidan Slingsby', 's2_id': None, 'orcid': 'https://orcid.org/0000-0003-3941-553X', 'raw_name': 'A. Slingsby'}"
6,6,research_reviewer_main,2025-06-24 18:51:46,raw_ref_to_json.py,"{'key': 'author-14', 'name': 'Çağatay Turkay', 's2_id': None, 'orcid': 'https://orcid.org/0000-0001-6788-251X', 'raw_name': 'C. Turkay'}"
6,6,research_reviewer_main,2025-06-24 18:51:46,raw_ref_to_json.py,"{'key': 'author-15', 'name': 'Jabba Hutt', 's2_id': None, 'orcid': None, 'raw_name': 'Jabba Hutt'}"
7,7,research_reviewer_main,2025-06-24 18:51:46,raw_ref_to_json.py,"{'key': 'author-1', 'name': 'Chris Brunsdon', 's2_id': None, 'orcid': 'https://orcid.org/0000-0003-4254-1780', 'raw_name': 'C. Brunsdon'}"
7,7,research_reviewer_main,2025-06-24 18:51:46,raw_ref_to_json.py,"{'key': 'author-2', 'name': 'A. Stewart Fotheringham', 's2_id': None, 'orcid': 'https://orcid.org/0000-0002-0407-1901', 'raw_name': 'A. S. Fotheringham'}"
7,7,research_reviewer_main,2025-06-24 18:51:46,raw_ref_to_json.py,"{'key': 'author-3', 'name': 'Martin Charlton', 's2_id': None, 'orcid': 'https://orcid.org/0000-0002-0622-393X', 'raw_name': 'M. E. Charlton'}"
7,7,research_reviewer_main,2025-06-24 18:51:46,raw_ref_to_json.py,"{'key': 'author-4', 'name': 'Wenbai Yang', 's2_id': None, 'orcid': 'https://orcid.org/0000-0003-3293-8389', 'raw_name': 'W. Yang'}"
7,7,research_reviewer_main,2025-06-24 18:51:46,raw_ref_to_json.py,"{'key': 'author-5', 'name': 'Wei Kang', 's2_id': None, 'orcid': 'https://orcid.org/0000-0002-1073-7781', 'raw_name': 'W. Kang'}"
7,7,research_reviewer_main,2025-06-24 18:51:46,raw_ref_to_json.py,"{'key': 'author-6', 'name': 'T. Gao', 's2_id': None, 'orcid': None, 'raw_name': 'T. Gao'}"
7,7,research_reviewer_main,2025-06-24 18:51:46,raw_ref_to_json.py,"{'key': 'author-7', 'name': 'J. Hullman', 's2_id': None, 'orcid': None, 'raw_name': 'J. Hullman'}"
7,7,research_reviewer_main,2025-06-24 18:51:46,raw_ref_to_json.py,"{'key': 'author-8', 'name': 'E. Adar', 's2_id': None, 'orcid': None, 'raw_name': 'E. Adar'}"
7,7,research_reviewer_main,2025-06-24 18:51:46,raw_ref_to_json.py,"{'key': 'author-9', 'name': 'B. Hecht', 's2_id': None, 'orcid': None, 'raw_name': 'B. Hecht'}"
7,7,research_reviewer_main,2025-06-24 18:51:46,raw_ref_to_json.py,"{'key': 'author-10', 'name': 'N. Diakopoulos', 's2_id': None, 'orcid': None, 'raw_name': 'N. Diakopoulos'}"
7,7,research_reviewer_main,2025-06-24 18:51:46,raw_ref_to_json.py,"{'key': 'author-11', 'name': 'Sarah Goodwin', 's2_id': None, 'orcid': 'https://orcid.org/0000-0001-8894-8282', 'raw_name': 'S. Goodwin'}"
7,7,research_reviewer_main,2025-06-24 18:51:46,raw_ref_to_json.py,"{'key': 'author-12', 'name': 'Jason Dykes', 's2_id': None, 'orcid': 'https://orcid.org/0000-0002-8096-5763', 'raw_name': 'J. Dykes'}"
7,7,research_reviewer_main,2025-06-24 18:51:46,raw_ref_to_json.py,"{'key': 'author-13', 'name': 'Aidan Slingsby', 's2_id': None, 'orcid': 'https://orcid.org/0000-0003-3941-553X', 'raw_name': 'A. Slingsby'}"
7,7,research_reviewer_main,2025-06-24 18:51:46,raw_ref_to_json.py,"{'key': 'author-14', 'name': 'Çağatay Turkay', 's2_id': None, 'orcid': 'https://orcid.org/0000-0001-6788-251X', 'raw_name': 'C. Turkay'}"
7,7,research_reviewer_main,2025-06-24 18:51:46,raw_ref_to_json.py,"{'key': 'author-15', 'name': 'Jabba Hutt', 's2_id': None, 'orcid': None, 'raw_name': 'Jabba Hutt'}"
7,7,research_reviewer_main,2025-06-24 18:51:46,raw_ref_to_json.py,"{'key': 'author-16', 'name': 'Robert Kosara', 's2_id': None, 'orcid': 'https://orcid.org/0000-0002-1178-4029', 'raw_name': 'R. Kosara'}"
7,7,research_reviewer_main,2025-06-24 18:51:46,raw_ref_to_json.py,"{'key': 'author-17', 'name': 'Jock D. Mackinlay', 's2_id': None, 'orcid': None, 'raw_name': 'J. Mackinlay'}"
8,8,research_reviewer_main,2025-06-24 18:51:46,raw_ref_to_json.py,"{'key': 'author-1', 'name': 'Chris Brunsdon', 's2_id': None, 'orcid': 'https://orcid.org/0000-0003-4254-1780', 'raw_name': 'C. Brunsdon'}"
8,8,research_reviewer_main,2025-06-24 18:51:46,raw_ref_to_json.py,"{'key': 'author-2', 'name': 'A. Stewart Fotheringham', 's2_id': None, 'orcid': 'https://orcid.org/0000-0002-0407-1901', 'raw_name': 'A. S. Fotheringham'}"
8,8,research_reviewer_main,2025-06-24 18:51:46,raw_ref_to_json.py,"{'key': 'author-3', 'name': 'Martin Charlton', 's2_id': None, 'orcid': 'https://orcid.org/0000-0002-0622-393X', 'raw_name': 'M. E. Charlton'}"
8,8,research_reviewer_main,2025-06-24 18:51:46,raw_ref_to_json.py,"{'key': 'author-4', 'name': 'Wenbai Yang', 's2_id': None, 'orcid': 'https://orcid.org/0000-0003-3293-8389', 'raw_name': 'W. Yang'}"
8,8,research_reviewer_main,2025-06-24 18:51:46,raw_ref_to_json.py,"{'key': 'author-5', 'name': 'Wei Kang', 's2_id': None, 'orcid': 'https://orcid.org/0000-0002-1073-7781', 'raw_name': 'W. Kang'}"
8,8,research_reviewer_main,2025-06-24 18:51:46,raw_ref_to_json.py,"{'key': 'author-6', 'name': 'T. Gao', 's2_id': None, 'orcid': None, 'raw_name': 'T. Gao'}"
8,8,research_reviewer_main,2025-06-24 18:51:46,raw_ref_to_json.py,"{'key': 'author-7', 'name': 'J. Hullman', 's2_id': None, 'orcid': None, 'raw_name': 'J. Hullman'}"
8,8,research_reviewer_main,2025-06-24 18:51:46,raw_ref_to_json.py,"{'key': 'author-8', 'name': 'E. Adar', 's2_id': None, 'orcid': None, 'raw_name': 'E. Adar'}"
8,8,research_reviewer_main,2025-06-24 18:51:46,raw_ref_to_json.py,"{'key': 'author-9', 'name': 'B. Hecht', 's2_id': None, 'orcid': None, 'raw_name': 'B. Hecht'}"
8,8,research_reviewer_main,2025-06-24 18:51:46,raw_ref_to_json.py,"{'key': 'author-10', 'name': 'N. Diakopoulos', 's2_id': None, 'orcid': None, 'raw_name': 'N. Diakopoulos'}"
8,8,research_reviewer_main,2025-06-24 18:51:46,raw_ref_to_json.py,"{'key': 'author-11', 'name': 'Sarah Goodwin', 's2_id': None, 'orcid': 'https://orcid.org/0000-0001-8894-8282', 'raw_name': 'S. Goodwin'}"
8,8,research_reviewer_main,2025-06-24 18:51:46,raw_ref_to_json.py,"{'key': 'author-12', 'name': 'Jason Dykes', 's2_id': None, 'orcid': 'https://orcid.org/0000-0002-8096-5763', 'raw_name': 'J. Dykes'}"
8,8,research_reviewer_main,2025-06-24 18:51:46,raw_ref_to_json.py,"{'key': 'author-13', 'name': 'Aidan Slingsby', 's2_id': None, 'orcid': 'https://orcid.org/0000-0003-3941-553X', 'raw_name': 'A. Slingsby'}"
8,8,research_reviewer_main,2025-06-24 18:51:46,raw_ref_to_json.py,"{'key': 'author-14', 'name': 'Çağatay Turkay', 's2_id': None, 'orcid': 'https://orcid.org/0000-0001-6788-251X', 'raw_name': 'C. Turkay'}"
8,8,research_reviewer_main,2025-06-24 18:51:46,raw_ref_to_json.py,"{'key': 'author-15', 'name': 'Jabba Hutt', 's2_id': None, 'orcid': None, 'raw_name': 'Jabba Hutt'}"
8,8,research_reviewer_main,2025-06-24 18:51:46,raw_ref_to_json.py,"{'key': 'author-16', 'name': 'Robert Kosara', 's2_id': None, 'orcid': 'https://orcid.org/0000-0002-1178-4029', 'raw_name': 'R. Kosara'}"
8,8,research_reviewer_main,2025-06-24 18:51:46,raw_ref_to_json.py,"{'key': 'author-17', 'name': 'Jock D. Mackinlay', 's2_id': None, 'orcid': None, 'raw_name': 'J. Mackinlay'}"
8,8,research_reviewer_main,2025-06-24 18:51:46,raw_ref_to_json.py,"{'key': 'author-18', 'name': 'J. Krause', 's2_id': None, 'orcid': None, 'raw_name': 'J. Krause'}"
8,8,research_reviewer_main,2025-06-24 18:51:46,raw_ref_to_json.py,"{'key': 'author-19', 'name': 'A. Perer', 's2_id': None, 'orcid': None, 'raw_name': 'A. Perer'}"
8,8,research_reviewer_main,2025-06-24 18:51:46,raw_ref_to_json.py,"{'key': 'author-20', 'name': 'K. Ng', 's2_id': None, 'orcid': None, 'raw_name': 'K. Ng'}"
9,9,research_reviewer_main,2025-06-24 18:51:46,raw_ref_to_json.py,"{'key': 'author-1', 'name': 'Chris Brunsdon', 's2_id': None, 'orcid': 'https://orcid.org/0000-0003-4254-1780', 'raw_name': 'C. Brunsdon'}"
9,9,research_reviewer_main,2025-06-24 18:51:46,raw_ref_to_json.py,"{'key': 'author-2', 'name': 'A. Stewart Fotheringham', 's2_id': None, 'orcid': 'https://orcid.org/0000-0002-0407-1901', 'raw_name': 'A. S. Fotheringham'}"
9,9,research_reviewer_main,2025-06-24 18:51:46,raw_ref_to_json.py,"{'key': 'author-3', 'name': 'Martin Charlton', 's2_id': None, 'orcid': 'https://orcid.org/0000-0002-0622-393X', 'raw_name': 'M. E. Charlton'}"
9,9,research_reviewer_main,2025-06-24 18:51:46,raw_ref_to_json.py,"{'key': 'author-4', 'name': 'Wenbai Yang', 's2_id': None, 'orcid': 'https://orcid.org/0000-0003-3293-8389', 'raw_name': 'W. Yang'}"
9,9,research_reviewer_main,2025-06-24 18:51:46,raw_ref_to_json.py,"{'key': 'author-5', 'name': 'Wei Kang', 's2_id': None, 'orcid': 'https://orcid.org/0000-0002-1073-7781', 'raw_name': 'W. Kang'}"
9,9,research_reviewer_main,2025-06-24 18:51:46,raw_ref_to_json.py,"{'key': 'author-6', 'name': 'T. Gao', 's2_id': None, 'orcid': None, 'raw_name': 'T. Gao'}"
9,9,research_reviewer_main,2025-06-24 18:51:46,raw_ref_to_json.py,"{'key': 'author-7', 'name': 'J. Hullman', 's2_id': None, 'orcid': None, 'raw_name': 'J. Hullman'}"
9,9,research_reviewer_main,2025-06-24 18:51:46,raw_ref_to_json.py,"{'key': 'author-8', 'name': 'E. Adar', 's2_id': None, 'orcid': None, 'raw_name': 'E. Adar'}"
9,9,research_reviewer_main,2025-06-24 18:51:46,raw_ref_to_json.py,"{'key': 'author-9', 'name': 'B. Hecht', 's2_id': None, 'orcid': None, 'raw_name': 'B. Hecht'}"
9,9,research_reviewer_main,2025-06-24 18:51:46,raw_ref_to_json.py,"{'key': 'author-10', 'name': 'N. Diakopoulos', 's2_id': None, 'orcid': None, 'raw_name': 'N. Diakopoulos'}"
9,9,research_reviewer_main,2025-06-24 18:51:46,raw_ref_to_json.py,"{'key': 'author-11', 'name': 'Sarah Goodwin', 's2_id': None, 'orcid': 'https://orcid.org/0000-0001-8894-8282', 'raw_name': 'S. Goodwin'}"
9,9,research_reviewer_main,2025-06-24 18:51:46,raw_ref_to_json.py,"{'key': 'author-12', 'name': 'Jason Dykes', 's2_id': None, 'orcid': 'https://orcid.org/0000-0002-8096-5763', 'raw_name': 'J. Dykes'}"
9,9,research_reviewer_main,2025-06-24 18:51:46,raw_ref_to_json.py,"{'key': 'author-13', 'name': 'Aidan Slingsby', 's2_id': None, 'orcid': 'https://orcid.org/0000-0003-3941-553X', 'raw_name': 'A. Slingsby'}"
9,9,research_reviewer_main,2025-06-24 18:51:46,raw_ref_to_json.py,"{'key': 'author-14', 'name': 'Çağatay Turkay', 's2_id': None, 'orcid': 'https://orcid.org/0000-0001-6788-251X', 'raw_name': 'C. Turkay'}"
9,9,research_reviewer_main,2025-06-24 18:51:46,raw_ref_to_json.py,"{'key': 'author-15', 'name': 'Jabba Hutt', 's2_id': None, 'orcid': None, 'raw_name': 'Jabba Hutt'}"
9,9,research_reviewer_main,2025-06-24 18:51:46,raw_ref_to_json.py,"{'key': 'author-16', 'name': 'Robert Kosara', 's2_id': None, 'orcid': 'https://orcid.org/0000-0002-1178-4029', 'raw_name': 'R. Kosara'}"
9,9,research_reviewer_main,2025-06-24 18:51:46,raw_ref_to_json.py,"{'key': 'author-17', 'name': 'Jock D. Mackinlay', 's2_id': None, 'orcid': None, 'raw_name': 'J. Mackinlay'}"
9,9,research_reviewer_main,2025-06-24 18:51:46,raw_ref_to_json.py,"{'key': 'author-18', 'name': 'J. Krause', 's2_id': None, 'orcid': None, 'raw_name': 'J. Krause'}"
9,9,research_reviewer_main,2025-06-24 18:51:46,raw_ref_to_json.py,"{'key': 'author-19', 'name': 'A. Perer', 's2_id': None, 'orcid': None, 'raw_name': 'A. Perer'}"
9,9,research_reviewer_main,2025-06-24 18:51:46,raw_ref_to_json.py,"{'key': 'author-20', 'name': 'K. Ng', 's2_id': None, 'orcid': None, 'raw_name': 'K. Ng'}"
9,9,research_reviewer_main,2025-06-24 18:51:46,raw_ref_to_json.py,"{'key': 'author-21', 'name': 'Chufan Lai', 's2_id': None, 'orcid': 'https://orcid.org/0009-0002-2880-7335', 'raw_name': 'C. Lai'}"
9,9,research_reviewer_main,2025-06-24 18:51:46,raw_ref_to_json.py,"{'key': 'author-22', 'name': 'Zhixian Lin', 's2_id': None, 'orcid': None, 'raw_name': 'Z. Lin'}"
9,9,research_reviewer_main,2025-06-24 18:51:46,raw_ref_to_json.py,"{'key': 'author-23', 'name': 'Ruike Jiang', 's2_id': None, 'orcid': 'https://orcid.org/0000-0002-5001-5310', 'raw_name': 'R. Jiang'}"
9,9,research_reviewer_main,2025-06-24 18:51:46,raw_ref_to_json.py,"{'key': 'author-24', 'name': 'Yun Han', 's2_id': None, 'orcid': 'https://orcid.org/0000-0003-1410-8090', 'raw_name': 'Y. Han'}"
9,9,research_reviewer_main,2025-06-24 18:51:46,raw_ref_to_json.py,"{'key': 'author-25', 'name': 'Can Liu', 's2_id': None, 'orcid': 'https://orcid.org/0000-0002-1175-0734', 'raw_name': 'C. Liu'}"
9,9,research_reviewer_main,2025-06-24 18:51:46,raw_ref_to_json.py,"{'key': 'author-26', 'name': 'Xiaoru Yuan', 's2_id': None, 'orcid': 'https://orcid.org/0000-0002-7233-980X', 'raw_name': 'X. Yuan'}"
10,10,research_reviewer_main,2025-06-24 18:51:46,raw_ref_to_json.py,"{'key': 'author-1', 'name': 'Chris Brunsdon', 's2_id': None, 'orcid': 'https://orcid.org/0000-0003-4254-1780', 'raw_name': 'C. Brunsdon'}"
10,10,research_reviewer_main,2025-06-24 18:51:46,raw_ref_to_json.py,"{'key': 'author-2', 'name': 'A. Stewart Fotheringham', 's2_id': None, 'orcid': 'https://orcid.org/0000-0002-0407-1901', 'raw_name': 'A. S. Fotheringham'}"
10,10,research_reviewer_main,2025-06-24 18:51:46,raw_ref_to_json.py,"{'key': 'author-3', 'name': 'Martin Charlton', 's2_id': None, 'orcid': 'https://orcid.org/0000-0002-0622-393X', 'raw_name': 'M. E. Charlton'}"
10,10,research_reviewer_main,2025-06-24 18:51:46,raw_ref_to_json.py,"{'key': 'author-4', 'name': 'Wenbai Yang', 's2_id': None, 'orcid': 'https://orcid.org/0000-0003-3293-8389', 'raw_name': 'W. Yang'}"
10,10,research_reviewer_main,2025-06-24 18:51:46,raw_ref_to_json.py,"{'key': 'author-5', 'name': 'Wei Kang', 's2_id': None, 'orcid': 'https://orcid.org/0000-0002-1073-7781', 'raw_name': 'W. Kang'}"
10,10,research_reviewer_main,2025-06-24 18:51:46,raw_ref_to_json.py,"{'key': 'author-6', 'name': 'T. Gao', 's2_id': None, 'orcid': None, 'raw_name': 'T. Gao'}"
10,10,research_reviewer_main,2025-06-24 18:51:46,raw_ref_to_json.py,"{'key': 'author-7', 'name': 'J. Hullman', 's2_id': None, 'orcid': None, 'raw_name': 'J. Hullman'}"
10,10,research_reviewer_main,2025-06-24 18:51:46,raw_ref_to_json.py,"{'key': 'author-8', 'name': 'E. Adar', 's2_id': None, 'orcid': None, 'raw_name': 'E. Adar'}"
10,10,research_reviewer_main,2025-06-24 18:51:46,raw_ref_to_json.py,"{'key': 'author-9', 'name': 'B. Hecht', 's2_id': None, 'orcid': None, 'raw_name': 'B. Hecht'}"
10,10,research_reviewer_main,2025-06-24 18:51:46,raw_ref_to_json.py,"{'key': 'author-10', 'name': 'N. Diakopoulos', 's2_id': None, 'orcid': None, 'raw_name': 'N. Diakopoulos'}"
10,10,research_reviewer_main,2025-06-24 18:51:46,raw_ref_to_json.py,"{'key': 'author-11', 'name': 'Sarah Goodwin', 's2_id': None, 'orcid': 'https://orcid.org/0000-0001-8894-8282', 'raw_name': 'S. Goodwin'}"
10,10,research_reviewer_main,2025-06-24 18:51:46,raw_ref_to_json.py,"{'key': 'author-12', 'name': 'Jason Dykes', 's2_id': None, 'orcid': 'https://orcid.org/0000-0002-8096-5763', 'raw_name': 'J. Dykes'}"
10,10,research_reviewer_main,2025-06-24 18:51:46,raw_ref_to_json.py,"{'key': 'author-13', 'name': 'Aidan Slingsby', 's2_id': None, 'orcid': 'https://orcid.org/0000-0003-3941-553X', 'raw_name': 'A. Slingsby'}"
10,10,research_reviewer_main,2025-06-24 18:51:46,raw_ref_to_json.py,"{'key': 'author-14', 'name': 'Çağatay Turkay', 's2_id': None, 'orcid': 'https://orcid.org/0000-0001-6788-251X', 'raw_name': 'C. Turkay'}"
10,10,research_reviewer_main,2025-06-24 18:51:46,raw_ref_to_json.py,"{'key': 'author-15', 'name': 'Jabba Hutt', 's2_id': None, 'orcid': None, 'raw_name': 'Jabba Hutt'}"
10,10,research_reviewer_main,2025-06-24 18:51:46,raw_ref_to_json.py,"{'key': 'author-16', 'name': 'Robert Kosara', 's2_id': None, 'orcid': 'https://orcid.org/0000-0002-1178-4029', 'raw_name': 'R. Kosara'}"
10,10,research_reviewer_main,2025-06-24 18:51:46,raw_ref_to_json.py,"{'key': 'author-17', 'name': 'Jock D. Mackinlay', 's2_id': None, 'orcid': None, 'raw_name': 'J. Mackinlay'}"
10,10,research_reviewer_main,2025-06-24 18:51:46,raw_ref_to_json.py,"{'key': 'author-18', 'name': 'J. Krause', 's2_id': None, 'orcid': None, 'raw_name': 'J. Krause'}"
10,10,research_reviewer_main,2025-06-24 18:51:46,raw_ref_to_json.py,"{'key': 'author-19', 'name': 'A. Perer', 's2_id': None, 'orcid': None, 'raw_name': 'A. Perer'}"
10,10,research_reviewer_main,2025-06-24 18:51:46,raw_ref_to_json.py,"{'key': 'author-20', 'name': 'K. Ng', 's2_id': None, 'orcid': None, 'raw_name': 'K. Ng'}"
10,10,research_reviewer_main,2025-06-24 18:51:46,raw_ref_to_json.py,"{'key': 'author-21', 'name': 'Chufan Lai', 's2_id': None, 'orcid': 'https://orcid.org/0009-0002-2880-7335', 'raw_name': 'C. Lai'}"
10,10,research_reviewer_main,2025-06-24 18:51:46,raw_ref_to_json.py,"{'key': 'author-22', 'name': 'Zhixian Lin', 's2_id': None, 'orcid': None, 'raw_name': 'Z. Lin'}"
10,10,research_reviewer_main,2025-06-24 18:51:46,raw_ref_to_json.py,"{'key': 'author-23', 'name': 'Ruike Jiang', 's2_id': None, 'orcid': 'https://orcid.org/0000-0002-5001-5310', 'raw_name': 'R. Jiang'}"
10,10,research_reviewer_main,2025-06-24 18:51:46,raw_ref_to_json.py,"{'key': 'author-24', 'name': 'Yun Han', 's2_id': None, 'orcid': 'https://orcid.org/0000-0003-1410-8090', 'raw_name': 'Y. Han'}"
10,10,research_reviewer_main,2025-06-24 18:51:46,raw_ref_to_json.py,"{'key': 'author-25', 'name': 'Can Liu', 's2_id': None, 'orcid': 'https://orcid.org/0000-0002-1175-0734', 'raw_name': 'C. Liu'}"
10,10,research_reviewer_main,2025-06-24 18:51:46,raw_ref_to_json.py,"{'key': 'author-26', 'name': 'Xiaoru Yuan', 's2_id': None, 'orcid': 'https://orcid.org/0000-0002-7233-980X', 'raw_name': 'X. Yuan'}"
10,10,research_reviewer_main,2025-06-24 18:51:46,raw_ref_to_json.py,"{'key': 'author-27', 'name': 'Shahid Latif', 's2_id': None, 'orcid': 'https://orcid.org/0000-0003-2060-5122', 'raw_name': 'S. Latif'}"
10,10,research_reviewer_main,2025-06-24 18:51:46,raw_ref_to_json.py,"{'key': 'author-28', 'name': 'Fabian Beck', 's2_id': None, 'orcid': 'https://orcid.org/0000-0003-4042-3043', 'raw_name': 'F. Beck'}"
11,11,research_reviewer_main,2025-06-24 18:51:46,raw_ref_to_json.py,"{'key': 'author-1', 'name': 'Chris Brunsdon', 's2_id': None, 'orcid': 'https://orcid.org/0000-0003-4254-1780', 'raw_name': 'C. Brunsdon'}"
11,11,research_reviewer_main,2025-06-24 18:51:46,raw_ref_to_json.py,"{'key': 'author-2', 'name': 'A. Stewart Fotheringham', 's2_id': None, 'orcid': 'https://orcid.org/0000-0002-0407-1901', 'raw_name': 'A. S. Fotheringham'}"
11,11,research_reviewer_main,2025-06-24 18:51:46,raw_ref_to_json.py,"{'key': 'author-3', 'name': 'Martin Charlton', 's2_id': None, 'orcid': 'https://orcid.org/0000-0002-0622-393X', 'raw_name': 'M. E. Charlton'}"
11,11,research_reviewer_main,2025-06-24 18:51:46,raw_ref_to_json.py,"{'key': 'author-4', 'name': 'Wenbai Yang', 's2_id': None, 'orcid': 'https://orcid.org/0000-0003-3293-8389', 'raw_name': 'W. Yang'}"
11,11,research_reviewer_main,2025-06-24 18:51:46,raw_ref_to_json.py,"{'key': 'author-5', 'name': 'Wei Kang', 's2_id': None, 'orcid': 'https://orcid.org/0000-0002-1073-7781', 'raw_name': 'W. Kang'}"
11,11,research_reviewer_main,2025-06-24 18:51:46,raw_ref_to_json.py,"{'key': 'author-6', 'name': 'T. Gao', 's2_id': None, 'orcid': None, 'raw_name': 'T. Gao'}"
11,11,research_reviewer_main,2025-06-24 18:51:46,raw_ref_to_json.py,"{'key': 'author-7', 'name': 'J. Hullman', 's2_id': None, 'orcid': None, 'raw_name': 'J. Hullman'}"
11,11,research_reviewer_main,2025-06-24 18:51:46,raw_ref_to_json.py,"{'key': 'author-8', 'name': 'E. Adar', 's2_id': None, 'orcid': None, 'raw_name': 'E. Adar'}"
11,11,research_reviewer_main,2025-06-24 18:51:46,raw_ref_to_json.py,"{'key': 'author-9', 'name': 'B. Hecht', 's2_id': None, 'orcid': None, 'raw_name': 'B. Hecht'}"
11,11,research_reviewer_main,2025-06-24 18:51:46,raw_ref_to_json.py,"{'key': 'author-10', 'name': 'N. Diakopoulos', 's2_id': None, 'orcid': None, 'raw_name': 'N. Diakopoulos'}"
11,11,research_reviewer_main,2025-06-24 18:51:46,raw_ref_to_json.py,"{'key': 'author-11', 'name': 'Sarah Goodwin', 's2_id': None, 'orcid': 'https://orcid.org/0000-0001-8894-8282', 'raw_name': 'S. Goodwin'}"
11,11,research_reviewer_main,2025-06-24 18:51:46,raw_ref_to_json.py,"{'key': 'author-12', 'name': 'Jason Dykes', 's2_id': None, 'orcid': 'https://orcid.org/0000-0002-8096-5763', 'raw_name': 'J. Dykes'}"
11,11,research_reviewer_main,2025-06-24 18:51:46,raw_ref_to_json.py,"{'key': 'author-13', 'name': 'Aidan Slingsby', 's2_id': None, 'orcid': 'https://orcid.org/0000-0003-3941-553X', 'raw_name': 'A. Slingsby'}"
11,11,research_reviewer_main,2025-06-24 18:51:46,raw_ref_to_json.py,"{'key': 'author-14', 'name': 'Çağatay Turkay', 's2_id': None, 'orcid': 'https://orcid.org/0000-0001-6788-251X', 'raw_name': 'C. Turkay'}"
11,11,research_reviewer_main,2025-06-24 18:51:46,raw_ref_to_json.py,"{'key': 'author-15', 'name': 'Jabba Hutt', 's2_id': None, 'orcid': None, 'raw_name': 'Jabba Hutt'}"
11,11,research_reviewer_main,2025-06-24 18:51:46,raw_ref_to_json.py,"{'key': 'author-16', 'name': 'Robert Kosara', 's2_id': None, 'orcid': 'https://orcid.org/0000-0002-1178-4029', 'raw_name': 'R. Kosara'}"
11,11,research_reviewer_main,2025-06-24 18:51:46,raw_ref_to_json.py,"{'key': 'author-17', 'name': 'Jock D. Mackinlay', 's2_id': None, 'orcid': None, 'raw_name': 'J. Mackinlay'}"
11,11,research_reviewer_main,2025-06-24 18:51:46,raw_ref_to_json.py,"{'key': 'author-18', 'name': 'J. Krause', 's2_id': None, 'orcid': None, 'raw_name': 'J. Krause'}"
11,11,research_reviewer_main,2025-06-24 18:51:46,raw_ref_to_json.py,"{'key': 'author-19', 'name': 'A. Perer', 's2_id': None, 'orcid': None, 'raw_name': 'A. Perer'}"
11,11,research_reviewer_main,2025-06-24 18:51:46,raw_ref_to_json.py,"{'key': 'author-20', 'name': 'K. Ng', 's2_id': None, 'orcid': None, 'raw_name': 'K. Ng'}"
11,11,research_reviewer_main,2025-06-24 18:51:46,raw_ref_to_json.py,"{'key': 'author-21', 'name': 'Chufan Lai', 's2_id': None, 'orcid': 'https://orcid.org/0009-0002-2880-7335', 'raw_name': 'C. Lai'}"
11,11,research_reviewer_main,2025-06-24 18:51:46,raw_ref_to_json.py,"{'key': 'author-22', 'name': 'Zhixian Lin', 's2_id': None, 'orcid': None, 'raw_name': 'Z. Lin'}"
11,11,research_reviewer_main,2025-06-24 18:51:46,raw_ref_to_json.py,"{'key': 'author-23', 'name': 'Ruike Jiang', 's2_id': None, 'orcid': 'https://orcid.org/0000-0002-5001-5310', 'raw_name': 'R. Jiang'}"
11,11,research_reviewer_main,2025-06-24 18:51:46,raw_ref_to_json.py,"{'key': 'author-24', 'name': 'Yun Han', 's2_id': None, 'orcid': 'https://orcid.org/0000-0003-1410-8090', 'raw_name': 'Y. Han'}"
11,11,research_reviewer_main,2025-06-24 18:51:46,raw_ref_to_json.py,"{'key': 'author-25', 'name': 'Can Liu', 's2_id': None, 'orcid': 'https://orcid.org/0000-0002-1175-0734', 'raw_name': 'C. Liu'}"
11,11,research_reviewer_main,2025-06-24 18:51:46,raw_ref_to_json.py,"{'key': 'author-26', 'name': 'Xiaoru Yuan', 's2_id': None, 'orcid': 'https://orcid.org/0000-0002-7233-980X', 'raw_name': 'X. Yuan'}"
11,11,research_reviewer_main,2025-06-24 18:51:46,raw_ref_to_json.py,"{'key': 'author-27', 'name': 'Shahid Latif', 's2_id': None, 'orcid': 'https://orcid.org/0000-0003-2060-5122', 'raw_name': 'S. Latif'}"
11,11,research_reviewer_main,2025-06-24 18:51:46,raw_ref_to_json.py,"{'key': 'author-28', 'name': 'Fabian Beck', 's2_id': None, 'orcid': 'https://orcid.org/0000-0003-4042-3043', 'raw_name': 'F. Beck'}"
11,11,research_reviewer_main,2025-06-24 18:51:46,raw_ref_to_json.py,"{'key': 'author-29', 'name': 'Siming Chen', 's2_id': None, 'orcid': 'https://orcid.org/0000-0002-2690-3588', 'raw_name': 'S. Chen'}"
12,12,research_reviewer_main,2025-06-24 18:51:46,raw_ref_to_json.py,"{'key': 'author-1', 'name': 'Chris Brunsdon', 's2_id': None, 'orcid': 'https://orcid.org/0000-0003-4254-1780', 'raw_name': 'C. Brunsdon'}"
12,12,research_reviewer_main,2025-06-24 18:51:46,raw_ref_to_json.py,"{'key': 'author-2', 'name': 'A. Stewart Fotheringham', 's2_id': None, 'orcid': 'https://orcid.org/0000-0002-0407-1901', 'raw_name': 'A. S. Fotheringham'}"
12,12,research_reviewer_main,2025-06-24 18:51:46,raw_ref_to_json.py,"{'key': 'author-3', 'name': 'Martin Charlton', 's2_id': None, 'orcid': 'https://orcid.org/0000-0002-0622-393X', 'raw_name': 'M. E. Charlton'}"
12,12,research_reviewer_main,2025-06-24 18:51:46,raw_ref_to_json.py,"{'key': 'author-4', 'name': 'Wenbai Yang', 's2_id': None, 'orcid': 'https://orcid.org/0000-0003-3293-8389', 'raw_name': 'W. Yang'}"
12,12,research_reviewer_main,2025-06-24 18:51:46,raw_ref_to_json.py,"{'key': 'author-5', 'name': 'Wei Kang', 's2_id': None, 'orcid': 'https://orcid.org/0000-0002-1073-7781', 'raw_name': 'W. Kang'}"
12,12,research_reviewer_main,2025-06-24 18:51:46,raw_ref_to_json.py,"{'key': 'author-6', 'name': 'T. Gao', 's2_id': None, 'orcid': None, 'raw_name': 'T. Gao'}"
12,12,research_reviewer_main,2025-06-24 18:51:46,raw_ref_to_json.py,"{'key': 'author-7', 'name': 'J. Hullman', 's2_id': None, 'orcid': None, 'raw_name': 'J. Hullman'}"
12,12,research_reviewer_main,2025-06-24 18:51:46,raw_ref_to_json.py,"{'key': 'author-8', 'name': 'E. Adar', 's2_id': None, 'orcid': None, 'raw_name': 'E. Adar'}"
12,12,research_reviewer_main,2025-06-24 18:51:46,raw_ref_to_json.py,"{'key': 'author-9', 'name': 'B. Hecht', 's2_id': None, 'orcid': None, 'raw_name': 'B. Hecht'}"
12,12,research_reviewer_main,2025-06-24 18:51:46,raw_ref_to_json.py,"{'key': 'author-10', 'name': 'N. Diakopoulos', 's2_id': None, 'orcid': None, 'raw_name': 'N. Diakopoulos'}"
12,12,research_reviewer_main,2025-06-24 18:51:46,raw_ref_to_json.py,"{'key': 'author-11', 'name': 'Sarah Goodwin', 's2_id': None, 'orcid': 'https://orcid.org/0000-0001-8894-8282', 'raw_name': 'S. Goodwin'}"
12,12,research_reviewer_main,2025-06-24 18:51:46,raw_ref_to_json.py,"{'key': 'author-12', 'name': 'Jason Dykes', 's2_id': None, 'orcid': 'https://orcid.org/0000-0002-8096-5763', 'raw_name': 'J. Dykes'}"
12,12,research_reviewer_main,2025-06-24 18:51:46,raw_ref_to_json.py,"{'key': 'author-13', 'name': 'Aidan Slingsby', 's2_id': None, 'orcid': 'https://orcid.org/0000-0003-3941-553X', 'raw_name': 'A. Slingsby'}"
12,12,research_reviewer_main,2025-06-24 18:51:46,raw_ref_to_json.py,"{'key': 'author-14', 'name': 'Çağatay Turkay', 's2_id': None, 'orcid': 'https://orcid.org/0000-0001-6788-251X', 'raw_name': 'C. Turkay'}"
12,12,research_reviewer_main,2025-06-24 18:51:46,raw_ref_to_json.py,"{'key': 'author-15', 'name': 'Jabba Hutt', 's2_id': None, 'orcid': None, 'raw_name': 'Jabba Hutt'}"
12,12,research_reviewer_main,2025-06-24 18:51:46,raw_ref_to_json.py,"{'key': 'author-16', 'name': 'Robert Kosara', 's2_id': None, 'orcid': 'https://orcid.org/0000-0002-1178-4029', 'raw_name': 'R. Kosara'}"
12,12,research_reviewer_main,2025-06-24 18:51:46,raw_ref_to_json.py,"{'key': 'author-17', 'name': 'Jock D. Mackinlay', 's2_id': None, 'orcid': None, 'raw_name': 'J. Mackinlay'}"
12,12,research_reviewer_main,2025-06-24 18:51:46,raw_ref_to_json.py,"{'key': 'author-18', 'name': 'J. Krause', 's2_id': None, 'orcid': None, 'raw_name': 'J. Krause'}"
12,12,research_reviewer_main,2025-06-24 18:51:46,raw_ref_to_json.py,"{'key': 'author-19', 'name': 'A. Perer', 's2_id': None, 'orcid': None, 'raw_name': 'A. Perer'}"
12,12,research_reviewer_main,2025-06-24 18:51:46,raw_ref_to_json.py,"{'key': 'author-20', 'name': 'K. Ng', 's2_id': None, 'orcid': None, 'raw_name': 'K. Ng'}"
12,12,research_reviewer_main,2025-06-24 18:51:46,raw_ref_to_json.py,"{'key': 'author-21', 'name': 'Chufan Lai', 's2_id': None, 'orcid': 'https://orcid.org/0009-0002-2880-7335', 'raw_name': 'C. Lai'}"
12,12,research_reviewer_main,2025-06-24 18:51:46,raw_ref_to_json.py,"{'key': 'author-22', 'name': 'Zhixian Lin', 's2_id': None, 'orcid': None, 'raw_name': 'Z. Lin'}"
12,12,research_reviewer_main,2025-06-24 18:51:46,raw_ref_to_json.py,"{'key': 'author-23', 'name': 'Ruike Jiang', 's2_id': None, 'orcid': 'https://orcid.org/0000-0002-5001-5310', 'raw_name': 'R. Jiang'}"
12,12,research_reviewer_main,2025-06-24 18:51:46,raw_ref_to_json.py,"{'key': 'author-24', 'name': 'Yun Han', 's2_id': None, 'orcid': 'https://orcid.org/0000-0003-1410-8090', 'raw_name': 'Y. Han'}"
12,12,research_reviewer_main,2025-06-24 18:51:46,raw_ref_to_json.py,"{'key': 'author-25', 'name': 'Can Liu', 's2_id': None, 'orcid': 'https://orcid.org/0000-0002-1175-0734', 'raw_name': 'C. Liu'}"
12,12,research_reviewer_main,2025-06-24 18:51:46,raw_ref_to_json.py,"{'key': 'author-26', 'name': 'Xiaoru Yuan', 's2_id': None, 'orcid': 'https://orcid.org/0000-0002-7233-980X', 'raw_name': 'X. Yuan'}"
12,12,research_reviewer_main,2025-06-24 18:51:46,raw_ref_to_json.py,"{'key': 'author-27', 'name': 'Shahid Latif', 's2_id': None, 'orcid': 'https://orcid.org/0000-0003-2060-5122', 'raw_name': 'S. Latif'}"
12,12,research_reviewer_main,2025-06-24 18:51:46,raw_ref_to_json.py,"{'key': 'author-28', 'name': 'Fabian Beck', 's2_id': None, 'orcid': 'https://orcid.org/0000-0003-4042-3043', 'raw_name': 'F. Beck'}"
12,12,research_reviewer_main,2025-06-24 18:51:46,raw_ref_to_json.py,"{'key': 'author-29', 'name': 'Siming Chen', 's2_id': None, 'orcid': 'https://orcid.org/0000-0002-2690-3588', 'raw_name': 'S. Chen'}"
12,12,research_reviewer_main,2025-06-24 18:51:46,raw_ref_to_json.py,"{'key': 'author-30', 'name': 'Yafeng Lu', 's2_id': None, 'orcid': 'https://orcid.org/0000-0002-3978-9550', 'raw_name': 'Y. Lu'}"
12,12,research_reviewer_main,2025-06-24 18:51:46,raw_ref_to_json.py,"{'key': 'author-31', 'name': 'Rolando Garcia', 's2_id': None, 'orcid': None, 'raw_name': 'R. Garcia'}"
12,12,research_reviewer_main,2025-06-24 18:51:46,raw_ref_to_json.py,"{'key': 'author-32', 'name': 'Brett Hansen', 's2_id': None, 'orcid': None, 'raw_name': 'B. Hansen'}"
12,12,research_reviewer_main,2025-06-24 18:51:46,raw_ref_to_json.py,"{'key': 'author-33', 'name': 'Michael Gleicher', 's2_id': None, 'orcid': 'https://orcid.org/0000-0003-3295-4071', 'raw_name': 'M. Gleicher'}"
12,12,research_reviewer_main,2025-06-24 18:51:46,raw_ref_to_json.py,"{'key': 'author-34', 'name': 'Ross Maciejewski', 's2_id': None, 'orcid': 'https://orcid.org/0000-0001-8803-6355', 'raw_name': 'R. Maciejewski'}"
13,13,research_reviewer_main,2025-06-24 18:51:46,raw_ref_to_json.py,"{'key': 'author-1', 'name': 'Chris Brunsdon', 's2_id': None, 'orcid': 'https://orcid.org/0000-0003-4254-1780', 'raw_name': 'C. Brunsdon'}"
13,13,research_reviewer_main,2025-06-24 18:51:46,raw_ref_to_json.py,"{'key': 'author-2', 'name': 'A. Stewart Fotheringham', 's2_id': None, 'orcid': 'https://orcid.org/0000-0002-0407-1901', 'raw_name': 'A. S. Fotheringham'}"
13,13,research_reviewer_main,2025-06-24 18:51:46,raw_ref_to_json.py,"{'key': 'author-3', 'name': 'Martin Charlton', 's2_id': None, 'orcid': 'https://orcid.org/0000-0002-0622-393X', 'raw_name': 'M. E. Charlton'}"
13,13,research_reviewer_main,2025-06-24 18:51:46,raw_ref_to_json.py,"{'key': 'author-4', 'name': 'Wenbai Yang', 's2_id': None, 'orcid': 'https://orcid.org/0000-0003-3293-8389', 'raw_name': 'W. Yang'}"
13,13,research_reviewer_main,2025-06-24 18:51:46,raw_ref_to_json.py,"{'key': 'author-5', 'name': 'Wei Kang', 's2_id': None, 'orcid': 'https://orcid.org/0000-0002-1073-7781', 'raw_name': 'W. Kang'}"
13,13,research_reviewer_main,2025-06-24 18:51:46,raw_ref_to_json.py,"{'key': 'author-6', 'name': 'T. Gao', 's2_id': None, 'orcid': None, 'raw_name': 'T. Gao'}"
13,13,research_reviewer_main,2025-06-24 18:51:46,raw_ref_to_json.py,"{'key': 'author-7', 'name': 'J. Hullman', 's2_id': None, 'orcid': None, 'raw_name': 'J. Hullman'}"
13,13,research_reviewer_main,2025-06-24 18:51:46,raw_ref_to_json.py,"{'key': 'author-8', 'name': 'E. Adar', 's2_id': None, 'orcid': None, 'raw_name': 'E. Adar'}"
13,13,research_reviewer_main,2025-06-24 18:51:46,raw_ref_to_json.py,"{'key': 'author-9', 'name': 'B. Hecht', 's2_id': None, 'orcid': None, 'raw_name': 'B. Hecht'}"
13,13,research_reviewer_main,2025-06-24 18:51:46,raw_ref_to_json.py,"{'key': 'author-10', 'name': 'N. Diakopoulos', 's2_id': None, 'orcid': None, 'raw_name': 'N. Diakopoulos'}"
13,13,research_reviewer_main,2025-06-24 18:51:46,raw_ref_to_json.py,"{'key': 'author-11', 'name': 'Sarah Goodwin', 's2_id': None, 'orcid': 'https://orcid.org/0000-0001-8894-8282', 'raw_name': 'S. Goodwin'}"
13,13,research_reviewer_main,2025-06-24 18:51:46,raw_ref_to_json.py,"{'key': 'author-12', 'name': 'Jason Dykes', 's2_id': None, 'orcid': 'https://orcid.org/0000-0002-8096-5763', 'raw_name': 'J. Dykes'}"
13,13,research_reviewer_main,2025-06-24 18:51:46,raw_ref_to_json.py,"{'key': 'author-13', 'name': 'Aidan Slingsby', 's2_id': None, 'orcid': 'https://orcid.org/0000-0003-3941-553X', 'raw_name': 'A. Slingsby'}"
13,13,research_reviewer_main,2025-06-24 18:51:46,raw_ref_to_json.py,"{'key': 'author-14', 'name': 'Çağatay Turkay', 's2_id': None, 'orcid': 'https://orcid.org/0000-0001-6788-251X', 'raw_name': 'C. Turkay'}"
13,13,research_reviewer_main,2025-06-24 18:51:46,raw_ref_to_json.py,"{'key': 'author-15', 'name': 'Jabba Hutt', 's2_id': None, 'orcid': None, 'raw_name': 'Jabba Hutt'}"
13,13,research_reviewer_main,2025-06-24 18:51:46,raw_ref_to_json.py,"{'key': 'author-16', 'name': 'Robert Kosara', 's2_id': None, 'orcid': 'https://orcid.org/0000-0002-1178-4029', 'raw_name': 'R. Kosara'}"
13,13,research_reviewer_main,2025-06-24 18:51:46,raw_ref_to_json.py,"{'key': 'author-17', 'name': 'Jock D. Mackinlay', 's2_id': None, 'orcid': None, 'raw_name': 'J. Mackinlay'}"
13,13,research_reviewer_main,2025-06-24 18:51:46,raw_ref_to_json.py,"{'key': 'author-18', 'name': 'J. Krause', 's2_id': None, 'orcid': None, 'raw_name': 'J. Krause'}"
13,13,research_reviewer_main,2025-06-24 18:51:46,raw_ref_to_json.py,"{'key': 'author-19', 'name': 'A. Perer', 's2_id': None, 'orcid': None, 'raw_name': 'A. Perer'}"
13,13,research_reviewer_main,2025-06-24 18:51:46,raw_ref_to_json.py,"{'key': 'author-20', 'name': 'K. Ng', 's2_id': None, 'orcid': None, 'raw_name': 'K. Ng'}"
13,13,research_reviewer_main,2025-06-24 18:51:46,raw_ref_to_json.py,"{'key': 'author-21', 'name': 'Chufan Lai', 's2_id': None, 'orcid': 'https://orcid.org/0009-0002-2880-7335', 'raw_name': 'C. Lai'}"
13,13,research_reviewer_main,2025-06-24 18:51:46,raw_ref_to_json.py,"{'key': 'author-22', 'name': 'Zhixian Lin', 's2_id': None, 'orcid': None, 'raw_name': 'Z. Lin'}"
13,13,research_reviewer_main,2025-06-24 18:51:46,raw_ref_to_json.py,"{'key': 'author-23', 'name': 'Ruike Jiang', 's2_id': None, 'orcid': 'https://orcid.org/0000-0002-5001-5310', 'raw_name': 'R. Jiang'}"
13,13,research_reviewer_main,2025-06-24 18:51:46,raw_ref_to_json.py,"{'key': 'author-24', 'name': 'Yun Han', 's2_id': None, 'orcid': 'https://orcid.org/0000-0003-1410-8090', 'raw_name': 'Y. Han'}"
13,13,research_reviewer_main,2025-06-24 18:51:46,raw_ref_to_json.py,"{'key': 'author-25', 'name': 'Can Liu', 's2_id': None, 'orcid': 'https://orcid.org/0000-0002-1175-0734', 'raw_name': 'C. Liu'}"
13,13,research_reviewer_main,2025-06-24 18:51:46,raw_ref_to_json.py,"{'key': 'author-26', 'name': 'Xiaoru Yuan', 's2_id': None, 'orcid': 'https://orcid.org/0000-0002-7233-980X', 'raw_name': 'X. Yuan'}"
13,13,research_reviewer_main,2025-06-24 18:51:46,raw_ref_to_json.py,"{'key': 'author-27', 'name': 'Shahid Latif', 's2_id': None, 'orcid': 'https://orcid.org/0000-0003-2060-5122', 'raw_name': 'S. Latif'}"
13,13,research_reviewer_main,2025-06-24 18:51:46,raw_ref_to_json.py,"{'key': 'author-28', 'name': 'Fabian Beck', 's2_id': None, 'orcid': 'https://orcid.org/0000-0003-4042-3043', 'raw_name': 'F. Beck'}"
13,13,research_reviewer_main,2025-06-24 18:51:46,raw_ref_to_json.py,"{'key': 'author-29', 'name': 'Siming Chen', 's2_id': None, 'orcid': 'https://orcid.org/0000-0002-2690-3588', 'raw_name': 'S. Chen'}"
13,13,research_reviewer_main,2025-06-24 18:51:46,raw_ref_to_json.py,"{'key': 'author-30', 'name': 'Yafeng Lu', 's2_id': None, 'orcid': 'https://orcid.org/0000-0002-3978-9550', 'raw_name': 'Y. Lu'}"
13,13,research_reviewer_main,2025-06-24 18:51:46,raw_ref_to_json.py,"{'key': 'author-31', 'name': 'Rolando Garcia', 's2_id': None, 'orcid': None, 'raw_name': 'R. Garcia'}"
13,13,research_reviewer_main,2025-06-24 18:51:46,raw_ref_to_json.py,"{'key': 'author-32', 'name': 'Brett Hansen', 's2_id': None, 'orcid': None, 'raw_name': 'B. Hansen'}"
13,13,research_reviewer_main,2025-06-24 18:51:46,raw_ref_to_json.py,"{'key': 'author-33', 'name': 'Michael Gleicher', 's2_id': None, 'orcid': 'https://orcid.org/0000-0003-3295-4071', 'raw_name': 'M. Gleicher'}"
13,13,research_reviewer_main,2025-06-24 18:51:46,raw_ref_to_json.py,"{'key': 'author-34', 'name': 'Ross Maciejewski', 's2_id': None, 'orcid': 'https://orcid.org/0000-0001-8803-6355', 'raw_name': 'R. Maciejewski'}"
13,13,research_reviewer_main,2025-06-24 18:51:46,raw_ref_to_json.py,"{'key': 'author-35', 'name': 'Ming Yao', 's2_id': None, 'orcid': 'https://orcid.org/0000-0002-6377-6063', 'raw_name': 'Y. Ming'}"
13,13,research_reviewer_main,2025-06-24 18:51:46,raw_ref_to_json.py,"{'key': 'author-36', 'name': 'Huamin Qu', 's2_id': None, 'orcid': 'https://orcid.org/0000-0002-3344-9694', 'raw_name': 'H. Qu'}"
13,13,research_reviewer_main,2025-06-24 18:51:46,raw_ref_to_json.py,"{'key': 'author-37', 'name': 'Enrico Bertini', 's2_id': None, 'orcid': 'https://orcid.org/0000-0002-9932-0551', 'raw_name': 'E. Bertini'}"
14,14,research_reviewer_main,2025-06-24 18:51:46,raw_ref_to_json.py,"{'key': 'author-1', 'name': 'Chris Brunsdon', 's2_id': None, 'orcid': 'https://orcid.org/0000-0003-4254-1780', 'raw_name': 'C. Brunsdon'}"
14,14,research_reviewer_main,2025-06-24 18:51:46,raw_ref_to_json.py,"{'key': 'author-2', 'name': 'A. Stewart Fotheringham', 's2_id': None, 'orcid': 'https://orcid.org/0000-0002-0407-1901', 'raw_name': 'A. S. Fotheringham'}"
14,14,research_reviewer_main,2025-06-24 18:51:46,raw_ref_to_json.py,"{'key': 'author-3', 'name': 'Martin Charlton', 's2_id': None, 'orcid': 'https://orcid.org/0000-0002-0622-393X', 'raw_name': 'M. E. Charlton'}"
14,14,research_reviewer_main,2025-06-24 18:51:46,raw_ref_to_json.py,"{'key': 'author-4', 'name': 'Wenbai Yang', 's2_id': None, 'orcid': 'https://orcid.org/0000-0003-3293-8389', 'raw_name': 'W. Yang'}"
14,14,research_reviewer_main,2025-06-24 18:51:46,raw_ref_to_json.py,"{'key': 'author-5', 'name': 'Wei Kang', 's2_id': None, 'orcid': 'https://orcid.org/0000-0002-1073-7781', 'raw_name': 'W. Kang'}"
14,14,research_reviewer_main,2025-06-24 18:51:46,raw_ref_to_json.py,"{'key': 'author-6', 'name': 'T. Gao', 's2_id': None, 'orcid': None, 'raw_name': 'T. Gao'}"
14,14,research_reviewer_main,2025-06-24 18:51:46,raw_ref_to_json.py,"{'key': 'author-7', 'name': 'J. Hullman', 's2_id': None, 'orcid': None, 'raw_name': 'J. Hullman'}"
14,14,research_reviewer_main,2025-06-24 18:51:46,raw_ref_to_json.py,"{'key': 'author-8', 'name': 'E. Adar', 's2_id': None, 'orcid': None, 'raw_name': 'E. Adar'}"
14,14,research_reviewer_main,2025-06-24 18:51:46,raw_ref_to_json.py,"{'key': 'author-9', 'name': 'B. Hecht', 's2_id': None, 'orcid': None, 'raw_name': 'B. Hecht'}"
14,14,research_reviewer_main,2025-06-24 18:51:46,raw_ref_to_json.py,"{'key': 'author-10', 'name': 'N. Diakopoulos', 's2_id': None, 'orcid': None, 'raw_name': 'N. Diakopoulos'}"
14,14,research_reviewer_main,2025-06-24 18:51:46,raw_ref_to_json.py,"{'key': 'author-11', 'name': 'Sarah Goodwin', 's2_id': None, 'orcid': 'https://orcid.org/0000-0001-8894-8282', 'raw_name': 'S. Goodwin'}"
14,14,research_reviewer_main,2025-06-24 18:51:46,raw_ref_to_json.py,"{'key': 'author-12', 'name': 'Jason Dykes', 's2_id': None, 'orcid': 'https://orcid.org/0000-0002-8096-5763', 'raw_name': 'J. Dykes'}"
14,14,research_reviewer_main,2025-06-24 18:51:46,raw_ref_to_json.py,"{'key': 'author-13', 'name': 'Aidan Slingsby', 's2_id': None, 'orcid': 'https://orcid.org/0000-0003-3941-553X', 'raw_name': 'A. Slingsby'}"
14,14,research_reviewer_main,2025-06-24 18:51:46,raw_ref_to_json.py,"{'key': 'author-14', 'name': 'Çağatay Turkay', 's2_id': None, 'orcid': 'https://orcid.org/0000-0001-6788-251X', 'raw_name': 'C. Turkay'}"
14,14,research_reviewer_main,2025-06-24 18:51:46,raw_ref_to_json.py,"{'key': 'author-15', 'name': 'Jabba Hutt', 's2_id': None, 'orcid': None, 'raw_name': 'Jabba Hutt'}"
14,14,research_reviewer_main,2025-06-24 18:51:46,raw_ref_to_json.py,"{'key': 'author-16', 'name': 'Robert Kosara', 's2_id': None, 'orcid': 'https://orcid.org/0000-0002-1178-4029', 'raw_name': 'R. Kosara'}"
14,14,research_reviewer_main,2025-06-24 18:51:46,raw_ref_to_json.py,"{'key': 'author-17', 'name': 'Jock D. Mackinlay', 's2_id': None, 'orcid': None, 'raw_name': 'J. Mackinlay'}"
14,14,research_reviewer_main,2025-06-24 18:51:46,raw_ref_to_json.py,"{'key': 'author-18', 'name': 'J. Krause', 's2_id': None, 'orcid': None, 'raw_name': 'J. Krause'}"
14,14,research_reviewer_main,2025-06-24 18:51:46,raw_ref_to_json.py,"{'key': 'author-19', 'name': 'A. Perer', 's2_id': None, 'orcid': None, 'raw_name': 'A. Perer'}"
14,14,research_reviewer_main,2025-06-24 18:51:46,raw_ref_to_json.py,"{'key': 'author-20', 'name': 'K. Ng', 's2_id': None, 'orcid': None, 'raw_name': 'K. Ng'}"
14,14,research_reviewer_main,2025-06-24 18:51:46,raw_ref_to_json.py,"{'key': 'author-21', 'name': 'Chufan Lai', 's2_id': None, 'orcid': 'https://orcid.org/0009-0002-2880-7335', 'raw_name': 'C. Lai'}"
14,14,research_reviewer_main,2025-06-24 18:51:46,raw_ref_to_json.py,"{'key': 'author-22', 'name': 'Zhixian Lin', 's2_id': None, 'orcid': None, 'raw_name': 'Z. Lin'}"
14,14,research_reviewer_main,2025-06-24 18:51:46,raw_ref_to_json.py,"{'key': 'author-23', 'name': 'Ruike Jiang', 's2_id': None, 'orcid': 'https://orcid.org/0000-0002-5001-5310', 'raw_name': 'R. Jiang'}"
14,14,research_reviewer_main,2025-06-24 18:51:46,raw_ref_to_json.py,"{'key': 'author-24', 'name': 'Yun Han', 's2_id': None, 'orcid': 'https://orcid.org/0000-0003-1410-8090', 'raw_name': 'Y. Han'}"
14,14,research_reviewer_main,2025-06-24 18:51:46,raw_ref_to_json.py,"{'key': 'author-25', 'name': 'Can Liu', 's2_id': None, 'orcid': 'https://orcid.org/0000-0002-1175-0734', 'raw_name': 'C. Liu'}"
14,14,research_reviewer_main,2025-06-24 18:51:46,raw_ref_to_json.py,"{'key': 'author-26', 'name': 'Xiaoru Yuan', 's2_id': None, 'orcid': 'https://orcid.org/0000-0002-7233-980X', 'raw_name': 'X. Yuan'}"
14,14,research_reviewer_main,2025-06-24 18:51:46,raw_ref_to_json.py,"{'key': 'author-27', 'name': 'Shahid Latif', 's2_id': None, 'orcid': 'https://orcid.org/0000-0003-2060-5122', 'raw_name': 'S. Latif'}"
14,14,research_reviewer_main,2025-06-24 18:51:46,raw_ref_to_json.py,"{'key': 'author-28', 'name': 'Fabian Beck', 's2_id': None, 'orcid': 'https://orcid.org/0000-0003-4042-3043', 'raw_name': 'F. Beck'}"
14,14,research_reviewer_main,2025-06-24 18:51:46,raw_ref_to_json.py,"{'key': 'author-29', 'name': 'Siming Chen', 's2_id': None, 'orcid': 'https://orcid.org/0000-0002-2690-3588', 'raw_name': 'S. Chen'}"
14,14,research_reviewer_main,2025-06-24 18:51:46,raw_ref_to_json.py,"{'key': 'author-30', 'name': 'Yafeng Lu', 's2_id': None, 'orcid': 'https://orcid.org/0000-0002-3978-9550', 'raw_name': 'Y. Lu'}"
14,14,research_reviewer_main,2025-06-24 18:51:46,raw_ref_to_json.py,"{'key': 'author-31', 'name': 'Rolando Garcia', 's2_id': None, 'orcid': None, 'raw_name': 'R. Garcia'}"
14,14,research_reviewer_main,2025-06-24 18:51:46,raw_ref_to_json.py,"{'key': 'author-32', 'name': 'Brett Hansen', 's2_id': None, 'orcid': None, 'raw_name': 'B. Hansen'}"
14,14,research_reviewer_main,2025-06-24 18:51:46,raw_ref_to_json.py,"{'key': 'author-33', 'name': 'Michael Gleicher', 's2_id': None, 'orcid': 'https://orcid.org/0000-0003-3295-4071', 'raw_name': 'M. Gleicher'}"
14,14,research_reviewer_main,2025-06-24 18:51:46,raw_ref_to_json.py,"{'key': 'author-34', 'name': 'Ross Maciejewski', 's2_id': None, 'orcid': 'https://orcid.org/0000-0001-8803-6355', 'raw_name': 'R. Maciejewski'}"
14,14,research_reviewer_main,2025-06-24 18:51:46,raw_ref_to_json.py,"{'key': 'author-35', 'name': 'Ming Yao', 's2_id': None, 'orcid': 'https://orcid.org/0000-0002-6377-6063', 'raw_name': 'Y. Ming'}"
14,14,research_reviewer_main,2025-06-24 18:51:46,raw_ref_to_json.py,"{'key': 'author-36', 'name': 'Huamin Qu', 's2_id': None, 'orcid': 'https://orcid.org/0000-0002-3344-9694', 'raw_name': 'H. Qu'}"
14,14,research_reviewer_main,2025-06-24 18:51:46,raw_ref_to_json.py,"{'key': 'author-37', 'name': 'Enrico Bertini', 's2_id': None, 'orcid': 'https://orcid.org/0000-0002-9932-0551', 'raw_name': 'E. Bertini'}"
14,14,research_reviewer_main,2025-06-24 18:51:46,raw_ref_to_json.py,"{'key': 'author-38', 'name': 'Thomas Mühlbacher', 's2_id': None, 'orcid': None, 'raw_name': 'T. Muhlbacher'}"
14,14,research_reviewer_main,2025-06-24 18:51:46,raw_ref_to_json.py,"{'key': 'author-39', 'name': 'Harald Piringer', 's2_id': None, 'orcid': None, 'raw_name': 'H. Piringer'}"
15,15,research_reviewer_main,2025-06-24 18:51:46,raw_ref_to_json.py,"{'key': 'author-1', 'name': 'Chris Brunsdon', 's2_id': None, 'orcid': 'https://orcid.org/0000-0003-4254-1780', 'raw_name': 'C. Brunsdon'}"
15,15,research_reviewer_main,2025-06-24 18:51:46,raw_ref_to_json.py,"{'key': 'author-2', 'name': 'A. Stewart Fotheringham', 's2_id': None, 'orcid': 'https://orcid.org/0000-0002-0407-1901', 'raw_name': 'A. S. Fotheringham'}"
15,15,research_reviewer_main,2025-06-24 18:51:46,raw_ref_to_json.py,"{'key': 'author-3', 'name': 'Martin Charlton', 's2_id': None, 'orcid': 'https://orcid.org/0000-0002-0622-393X', 'raw_name': 'M. E. Charlton'}"
15,15,research_reviewer_main,2025-06-24 18:51:46,raw_ref_to_json.py,"{'key': 'author-4', 'name': 'Wenbai Yang', 's2_id': None, 'orcid': 'https://orcid.org/0000-0003-3293-8389', 'raw_name': 'W. Yang'}"
15,15,research_reviewer_main,2025-06-24 18:51:46,raw_ref_to_json.py,"{'key': 'author-5', 'name': 'Wei Kang', 's2_id': None, 'orcid': 'https://orcid.org/0000-0002-1073-7781', 'raw_name': 'W. Kang'}"
15,15,research_reviewer_main,2025-06-24 18:51:46,raw_ref_to_json.py,"{'key': 'author-6', 'name': 'T. Gao', 's2_id': None, 'orcid': None, 'raw_name': 'T. Gao'}"
15,15,research_reviewer_main,2025-06-24 18:51:46,raw_ref_to_json.py,"{'key': 'author-7', 'name': 'J. Hullman', 's2_id': None, 'orcid': None, 'raw_name': 'J. Hullman'}"
15,15,research_reviewer_main,2025-06-24 18:51:46,raw_ref_to_json.py,"{'key': 'author-8', 'name': 'E. Adar', 's2_id': None, 'orcid': None, 'raw_name': 'E. Adar'}"
15,15,research_reviewer_main,2025-06-24 18:51:46,raw_ref_to_json.py,"{'key': 'author-9', 'name': 'B. Hecht', 's2_id': None, 'orcid': None, 'raw_name': 'B. Hecht'}"
15,15,research_reviewer_main,2025-06-24 18:51:46,raw_ref_to_json.py,"{'key': 'author-10', 'name': 'N. Diakopoulos', 's2_id': None, 'orcid': None, 'raw_name': 'N. Diakopoulos'}"
15,15,research_reviewer_main,2025-06-24 18:51:46,raw_ref_to_json.py,"{'key': 'author-11', 'name': 'Sarah Goodwin', 's2_id': None, 'orcid': 'https://orcid.org/0000-0001-8894-8282', 'raw_name': 'S. Goodwin'}"
15,15,research_reviewer_main,2025-06-24 18:51:46,raw_ref_to_json.py,"{'key': 'author-12', 'name': 'Jason Dykes', 's2_id': None, 'orcid': 'https://orcid.org/0000-0002-8096-5763', 'raw_name': 'J. Dykes'}"
15,15,research_reviewer_main,2025-06-24 18:51:46,raw_ref_to_json.py,"{'key': 'author-13', 'name': 'Aidan Slingsby', 's2_id': None, 'orcid': 'https://orcid.org/0000-0003-3941-553X', 'raw_name': 'A. Slingsby'}"
15,15,research_reviewer_main,2025-06-24 18:51:46,raw_ref_to_json.py,"{'key': 'author-14', 'name': 'Çağatay Turkay', 's2_id': None, 'orcid': 'https://orcid.org/0000-0001-6788-251X', 'raw_name': 'C. Turkay'}"
15,15,research_reviewer_main,2025-06-24 18:51:46,raw_ref_to_json.py,"{'key': 'author-15', 'name': 'Jabba Hutt', 's2_id': None, 'orcid': None, 'raw_name': 'Jabba Hutt'}"
15,15,research_reviewer_main,2025-06-24 18:51:46,raw_ref_to_json.py,"{'key': 'author-16', 'name': 'Robert Kosara', 's2_id': None, 'orcid': 'https://orcid.org/0000-0002-1178-4029', 'raw_name': 'R. Kosara'}"
15,15,research_reviewer_main,2025-06-24 18:51:46,raw_ref_to_json.py,"{'key': 'author-17', 'name': 'Jock D. Mackinlay', 's2_id': None, 'orcid': None, 'raw_name': 'J. Mackinlay'}"
15,15,research_reviewer_main,2025-06-24 18:51:46,raw_ref_to_json.py,"{'key': 'author-18', 'name': 'J. Krause', 's2_id': None, 'orcid': None, 'raw_name': 'J. Krause'}"
15,15,research_reviewer_main,2025-06-24 18:51:46,raw_ref_to_json.py,"{'key': 'author-19', 'name': 'A. Perer', 's2_id': None, 'orcid': None, 'raw_name': 'A. Perer'}"
15,15,research_reviewer_main,2025-06-24 18:51:46,raw_ref_to_json.py,"{'key': 'author-20', 'name': 'K. Ng', 's2_id': None, 'orcid': None, 'raw_name': 'K. Ng'}"
15,15,research_reviewer_main,2025-06-24 18:51:46,raw_ref_to_json.py,"{'key': 'author-21', 'name': 'Chufan Lai', 's2_id': None, 'orcid': 'https://orcid.org/0009-0002-2880-7335', 'raw_name': 'C. Lai'}"
15,15,research_reviewer_main,2025-06-24 18:51:46,raw_ref_to_json.py,"{'key': 'author-22', 'name': 'Zhixian Lin', 's2_id': None, 'orcid': None, 'raw_name': 'Z. Lin'}"
15,15,research_reviewer_main,2025-06-24 18:51:46,raw_ref_to_json.py,"{'key': 'author-23', 'name': 'Ruike Jiang', 's2_id': None, 'orcid': 'https://orcid.org/0000-0002-5001-5310', 'raw_name': 'R. Jiang'}"
15,15,research_reviewer_main,2025-06-24 18:51:46,raw_ref_to_json.py,"{'key': 'author-24', 'name': 'Yun Han', 's2_id': None, 'orcid': 'https://orcid.org/0000-0003-1410-8090', 'raw_name': 'Y. Han'}"
15,15,research_reviewer_main,2025-06-24 18:51:46,raw_ref_to_json.py,"{'key': 'author-25', 'name': 'Can Liu', 's2_id': None, 'orcid': 'https://orcid.org/0000-0002-1175-0734', 'raw_name': 'C. Liu'}"
15,15,research_reviewer_main,2025-06-24 18:51:46,raw_ref_to_json.py,"{'key': 'author-26', 'name': 'Xiaoru Yuan', 's2_id': None, 'orcid': 'https://orcid.org/0000-0002-7233-980X', 'raw_name': 'X. Yuan'}"
15,15,research_reviewer_main,2025-06-24 18:51:46,raw_ref_to_json.py,"{'key': 'author-27', 'name': 'Shahid Latif', 's2_id': None, 'orcid': 'https://orcid.org/0000-0003-2060-5122', 'raw_name': 'S. Latif'}"
15,15,research_reviewer_main,2025-06-24 18:51:46,raw_ref_to_json.py,"{'key': 'author-28', 'name': 'Fabian Beck', 's2_id': None, 'orcid': 'https://orcid.org/0000-0003-4042-3043', 'raw_name': 'F. Beck'}"
15,15,research_reviewer_main,2025-06-24 18:51:46,raw_ref_to_json.py,"{'key': 'author-29', 'name': 'Siming Chen', 's2_id': None, 'orcid': 'https://orcid.org/0000-0002-2690-3588', 'raw_name': 'S. Chen'}"
15,15,research_reviewer_main,2025-06-24 18:51:46,raw_ref_to_json.py,"{'key': 'author-30', 'name': 'Yafeng Lu', 's2_id': None, 'orcid': 'https://orcid.org/0000-0002-3978-9550', 'raw_name': 'Y. Lu'}"
15,15,research_reviewer_main,2025-06-24 18:51:46,raw_ref_to_json.py,"{'key': 'author-31', 'name': 'Rolando Garcia', 's2_id': None, 'orcid': None, 'raw_name': 'R. Garcia'}"
15,15,research_reviewer_main,2025-06-24 18:51:46,raw_ref_to_json.py,"{'key': 'author-32', 'name': 'Brett Hansen', 's2_id': None, 'orcid': None, 'raw_name': 'B. Hansen'}"
15,15,research_reviewer_main,2025-06-24 18:51:46,raw_ref_to_json.py,"{'key': 'author-33', 'name': 'Michael Gleicher', 's2_id': None, 'orcid': 'https://orcid.org/0000-0003-3295-4071', 'raw_name': 'M. Gleicher'}"
15,15,research_reviewer_main,2025-06-24 18:51:46,raw_ref_to_json.py,"{'key': 'author-34', 'name': 'Ross Maciejewski', 's2_id': None, 'orcid': 'https://orcid.org/0000-0001-8803-6355', 'raw_name': 'R. Maciejewski'}"
15,15,research_reviewer_main,2025-06-24 18:51:46,raw_ref_to_json.py,"{'key': 'author-35', 'name': 'Ming Yao', 's2_id': None, 'orcid': 'https://orcid.org/0000-0002-6377-6063', 'raw_name': 'Y. Ming'}"
15,15,research_reviewer_main,2025-06-24 18:51:46,raw_ref_to_json.py,"{'key': 'author-36', 'name': 'Huamin Qu', 's2_id': None, 'orcid': 'https://orcid.org/0000-0002-3344-9694', 'raw_name': 'H. Qu'}"
15,15,research_reviewer_main,2025-06-24 18:51:46,raw_ref_to_json.py,"{'key': 'author-37', 'name': 'Enrico Bertini', 's2_id': None, 'orcid': 'https://orcid.org/0000-0002-9932-0551', 'raw_name': 'E. Bertini'}"
15,15,research_reviewer_main,2025-06-24 18:51:46,raw_ref_to_json.py,"{'key': 'author-38', 'name': 'Thomas Mühlbacher', 's2_id': None, 'orcid': None, 'raw_name': 'T. Muhlbacher'}"
15,15,research_reviewer_main,2025-06-24 18:51:46,raw_ref_to_json.py,"{'key': 'author-39', 'name': 'Harald Piringer', 's2_id': None, 'orcid': None, 'raw_name': 'H. Piringer'}"
15,15,research_reviewer_main,2025-06-24 18:51:46,raw_ref_to_json.py,"{'key': 'author-40', 'name': 'Donghao Ren', 's2_id': None, 'orcid': 'https://orcid.org/0000-0001-8666-7241', 'raw_name': 'D. Ren'}"
15,15,research_reviewer_main,2025-06-24 18:51:46,raw_ref_to_json.py,"{'key': 'author-41', 'name': 'Matthew Brehmer', 's2_id': None, 'orcid': 'https://orcid.org/0000-0001-5524-2291', 'raw_name': 'M. Brehmer'}"
15,15,research_reviewer_main,2025-06-24 18:51:46,raw_ref_to_json.py,"{'key': 'author-42', 'name': 'Bongshin Lee', 's2_id': None, 'orcid': 'https://orcid.org/0000-0002-4217-627X', 'raw_name': 'B. Lee'}"
15,15,research_reviewer_main,2025-06-24 18:51:46,raw_ref_to_json.py,"{'key': 'author-43', 'name': 'Tobias Höllerer', 's2_id': None, 'orcid': 'https://orcid.org/0000-0002-6240-0291', 'raw_name': 'T. Hollerer'}"
15,15,research_reviewer_main,2025-06-24 18:51:46,raw_ref_to_json.py,"{'key': 'author-44', 'name': 'Eun Kyoung Choe', 's2_id': None, 'orcid': 'https://orcid.org/0000-0001-5038-8320', 'raw_name': 'E. K. Choe'}"
16,16,research_reviewer_main,2025-06-24 18:51:46,raw_ref_to_json.py,"{'key': 'author-1', 'name': 'Chris Brunsdon', 's2_id': None, 'orcid': 'https://orcid.org/0000-0003-4254-1780', 'raw_name': 'C. Brunsdon'}"
16,16,research_reviewer_main,2025-06-24 18:51:46,raw_ref_to_json.py,"{'key': 'author-2', 'name': 'A. Stewart Fotheringham', 's2_id': None, 'orcid': 'https://orcid.org/0000-0002-0407-1901', 'raw_name': 'A. S. Fotheringham'}"
16,16,research_reviewer_main,2025-06-24 18:51:46,raw_ref_to_json.py,"{'key': 'author-3', 'name': 'Martin Charlton', 's2_id': None, 'orcid': 'https://orcid.org/0000-0002-0622-393X', 'raw_name': 'M. E. Charlton'}"
16,16,research_reviewer_main,2025-06-24 18:51:46,raw_ref_to_json.py,"{'key': 'author-4', 'name': 'Wenbai Yang', 's2_id': None, 'orcid': 'https://orcid.org/0000-0003-3293-8389', 'raw_name': 'W. Yang'}"
16,16,research_reviewer_main,2025-06-24 18:51:46,raw_ref_to_json.py,"{'key': 'author-5', 'name': 'Wei Kang', 's2_id': None, 'orcid': 'https://orcid.org/0000-0002-1073-7781', 'raw_name': 'W. Kang'}"
16,16,research_reviewer_main,2025-06-24 18:51:46,raw_ref_to_json.py,"{'key': 'author-6', 'name': 'T. Gao', 's2_id': None, 'orcid': None, 'raw_name': 'T. Gao'}"
16,16,research_reviewer_main,2025-06-24 18:51:46,raw_ref_to_json.py,"{'key': 'author-7', 'name': 'J. Hullman', 's2_id': None, 'orcid': None, 'raw_name': 'J. Hullman'}"
16,16,research_reviewer_main,2025-06-24 18:51:46,raw_ref_to_json.py,"{'key': 'author-8', 'name': 'E. Adar', 's2_id': None, 'orcid': None, 'raw_name': 'E. Adar'}"
16,16,research_reviewer_main,2025-06-24 18:51:46,raw_ref_to_json.py,"{'key': 'author-9', 'name': 'B. Hecht', 's2_id': None, 'orcid': None, 'raw_name': 'B. Hecht'}"
16,16,research_reviewer_main,2025-06-24 18:51:46,raw_ref_to_json.py,"{'key': 'author-10', 'name': 'N. Diakopoulos', 's2_id': None, 'orcid': None, 'raw_name': 'N. Diakopoulos'}"
16,16,research_reviewer_main,2025-06-24 18:51:46,raw_ref_to_json.py,"{'key': 'author-11', 'name': 'Sarah Goodwin', 's2_id': None, 'orcid': 'https://orcid.org/0000-0001-8894-8282', 'raw_name': 'S. Goodwin'}"
16,16,research_reviewer_main,2025-06-24 18:51:46,raw_ref_to_json.py,"{'key': 'author-12', 'name': 'Jason Dykes', 's2_id': None, 'orcid': 'https://orcid.org/0000-0002-8096-5763', 'raw_name': 'J. Dykes'}"
16,16,research_reviewer_main,2025-06-24 18:51:46,raw_ref_to_json.py,"{'key': 'author-13', 'name': 'Aidan Slingsby', 's2_id': None, 'orcid': 'https://orcid.org/0000-0003-3941-553X', 'raw_name': 'A. Slingsby'}"
16,16,research_reviewer_main,2025-06-24 18:51:46,raw_ref_to_json.py,"{'key': 'author-14', 'name': 'Çağatay Turkay', 's2_id': None, 'orcid': 'https://orcid.org/0000-0001-6788-251X', 'raw_name': 'C. Turkay'}"
16,16,research_reviewer_main,2025-06-24 18:51:46,raw_ref_to_json.py,"{'key': 'author-15', 'name': 'Jabba Hutt', 's2_id': None, 'orcid': None, 'raw_name': 'Jabba Hutt'}"
16,16,research_reviewer_main,2025-06-24 18:51:46,raw_ref_to_json.py,"{'key': 'author-16', 'name': 'Robert Kosara', 's2_id': None, 'orcid': 'https://orcid.org/0000-0002-1178-4029', 'raw_name': 'R. Kosara'}"
16,16,research_reviewer_main,2025-06-24 18:51:46,raw_ref_to_json.py,"{'key': 'author-17', 'name': 'Jock D. Mackinlay', 's2_id': None, 'orcid': None, 'raw_name': 'J. Mackinlay'}"
16,16,research_reviewer_main,2025-06-24 18:51:46,raw_ref_to_json.py,"{'key': 'author-18', 'name': 'J. Krause', 's2_id': None, 'orcid': None, 'raw_name': 'J. Krause'}"
16,16,research_reviewer_main,2025-06-24 18:51:46,raw_ref_to_json.py,"{'key': 'author-19', 'name': 'A. Perer', 's2_id': None, 'orcid': None, 'raw_name': 'A. Perer'}"
16,16,research_reviewer_main,2025-06-24 18:51:46,raw_ref_to_json.py,"{'key': 'author-20', 'name': 'K. Ng', 's2_id': None, 'orcid': None, 'raw_name': 'K. Ng'}"
16,16,research_reviewer_main,2025-06-24 18:51:46,raw_ref_to_json.py,"{'key': 'author-21', 'name': 'Chufan Lai', 's2_id': None, 'orcid': 'https://orcid.org/0009-0002-2880-7335', 'raw_name': 'C. Lai'}"
16,16,research_reviewer_main,2025-06-24 18:51:46,raw_ref_to_json.py,"{'key': 'author-22', 'name': 'Zhixian Lin', 's2_id': None, 'orcid': None, 'raw_name': 'Z. Lin'}"
16,16,research_reviewer_main,2025-06-24 18:51:46,raw_ref_to_json.py,"{'key': 'author-23', 'name': 'Ruike Jiang', 's2_id': None, 'orcid': 'https://orcid.org/0000-0002-5001-5310', 'raw_name': 'R. Jiang'}"
16,16,research_reviewer_main,2025-06-24 18:51:46,raw_ref_to_json.py,"{'key': 'author-24', 'name': 'Yun Han', 's2_id': None, 'orcid': 'https://orcid.org/0000-0003-1410-8090', 'raw_name': 'Y. Han'}"
16,16,research_reviewer_main,2025-06-24 18:51:46,raw_ref_to_json.py,"{'key': 'author-25', 'name': 'Can Liu', 's2_id': None, 'orcid': 'https://orcid.org/0000-0002-1175-0734', 'raw_name': 'C. Liu'}"
16,16,research_reviewer_main,2025-06-24 18:51:46,raw_ref_to_json.py,"{'key': 'author-26', 'name': 'Xiaoru Yuan', 's2_id': None, 'orcid': 'https://orcid.org/0000-0002-7233-980X', 'raw_name': 'X. Yuan'}"
16,16,research_reviewer_main,2025-06-24 18:51:46,raw_ref_to_json.py,"{'key': 'author-27', 'name': 'Shahid Latif', 's2_id': None, 'orcid': 'https://orcid.org/0000-0003-2060-5122', 'raw_name': 'S. Latif'}"
16,16,research_reviewer_main,2025-06-24 18:51:46,raw_ref_to_json.py,"{'key': 'author-28', 'name': 'Fabian Beck', 's2_id': None, 'orcid': 'https://orcid.org/0000-0003-4042-3043', 'raw_name': 'F. Beck'}"
16,16,research_reviewer_main,2025-06-24 18:51:46,raw_ref_to_json.py,"{'key': 'author-29', 'name': 'Siming Chen', 's2_id': None, 'orcid': 'https://orcid.org/0000-0002-2690-3588', 'raw_name': 'S. Chen'}"
16,16,research_reviewer_main,2025-06-24 18:51:46,raw_ref_to_json.py,"{'key': 'author-30', 'name': 'Yafeng Lu', 's2_id': None, 'orcid': 'https://orcid.org/0000-0002-3978-9550', 'raw_name': 'Y. Lu'}"
16,16,research_reviewer_main,2025-06-24 18:51:46,raw_ref_to_json.py,"{'key': 'author-31', 'name': 'Rolando Garcia', 's2_id': None, 'orcid': None, 'raw_name': 'R. Garcia'}"
16,16,research_reviewer_main,2025-06-24 18:51:46,raw_ref_to_json.py,"{'key': 'author-32', 'name': 'Brett Hansen', 's2_id': None, 'orcid': None, 'raw_name': 'B. Hansen'}"
16,16,research_reviewer_main,2025-06-24 18:51:46,raw_ref_to_json.py,"{'key': 'author-33', 'name': 'Michael Gleicher', 's2_id': None, 'orcid': 'https://orcid.org/0000-0003-3295-4071', 'raw_name': 'M. Gleicher'}"
16,16,research_reviewer_main,2025-06-24 18:51:46,raw_ref_to_json.py,"{'key': 'author-34', 'name': 'Ross Maciejewski', 's2_id': None, 'orcid': 'https://orcid.org/0000-0001-8803-6355', 'raw_name': 'R. Maciejewski'}"
16,16,research_reviewer_main,2025-06-24 18:51:46,raw_ref_to_json.py,"{'key': 'author-35', 'name': 'Ming Yao', 's2_id': None, 'orcid': 'https://orcid.org/0000-0002-6377-6063', 'raw_name': 'Y. Ming'}"
16,16,research_reviewer_main,2025-06-24 18:51:46,raw_ref_to_json.py,"{'key': 'author-36', 'name': 'Huamin Qu', 's2_id': None, 'orcid': 'https://orcid.org/0000-0002-3344-9694', 'raw_name': 'H. Qu'}"
16,16,research_reviewer_main,2025-06-24 18:51:46,raw_ref_to_json.py,"{'key': 'author-37', 'name': 'Enrico Bertini', 's2_id': None, 'orcid': 'https://orcid.org/0000-0002-9932-0551', 'raw_name': 'E. Bertini'}"
16,16,research_reviewer_main,2025-06-24 18:51:46,raw_ref_to_json.py,"{'key': 'author-38', 'name': 'Thomas Mühlbacher', 's2_id': None, 'orcid': None, 'raw_name': 'T. Muhlbacher'}"
16,16,research_reviewer_main,2025-06-24 18:51:46,raw_ref_to_json.py,"{'key': 'author-39', 'name': 'Harald Piringer', 's2_id': None, 'orcid': None, 'raw_name': 'H. Piringer'}"
16,16,research_reviewer_main,2025-06-24 18:51:46,raw_ref_to_json.py,"{'key': 'author-40', 'name': 'Donghao Ren', 's2_id': None, 'orcid': 'https://orcid.org/0000-0001-8666-7241', 'raw_name': 'D. Ren'}"
16,16,research_reviewer_main,2025-06-24 18:51:46,raw_ref_to_json.py,"{'key': 'author-41', 'name': 'Matthew Brehmer', 's2_id': None, 'orcid': 'https://orcid.org/0000-0001-5524-2291', 'raw_name': 'M. Brehmer'}"
16,16,research_reviewer_main,2025-06-24 18:51:46,raw_ref_to_json.py,"{'key': 'author-42', 'name': 'Bongshin Lee', 's2_id': None, 'orcid': 'https://orcid.org/0000-0002-4217-627X', 'raw_name': 'B. Lee'}"
16,16,research_reviewer_main,2025-06-24 18:51:46,raw_ref_to_json.py,"{'key': 'author-43', 'name': 'Tobias Höllerer', 's2_id': None, 'orcid': 'https://orcid.org/0000-0002-6240-0291', 'raw_name': 'T. Hollerer'}"
16,16,research_reviewer_main,2025-06-24 18:51:46,raw_ref_to_json.py,"{'key': 'author-44', 'name': 'Eun Kyoung Choe', 's2_id': None, 'orcid': 'https://orcid.org/0000-0001-5038-8320', 'raw_name': 'E. K. Choe'}"
16,16,research_reviewer_main,2025-06-24 18:51:46,raw_ref_to_json.py,"{'key': 'author-45', 'name': 'Arvind Satyanarayan', 's2_id': None, 'orcid': 'https://orcid.org/0000-0001-5564-635X', 'raw_name': 'A. Satyanarayan'}"
16,16,research_reviewer_main,2025-06-24 18:51:46,raw_ref_to_json.py,"{'key': 'author-46', 'name': 'Jeffrey Heer', 's2_id': None, 'orcid': 'https://orcid.org/0000-0002-6175-1655', 'raw_name': 'J. Heer'}"
17,17,research_reviewer_main,2025-06-24 18:51:46,raw_ref_to_json.py,"{'key': 'author-1', 'name': 'Chris Brunsdon', 's2_id': None, 'orcid': 'https://orcid.org/0000-0003-4254-1780', 'raw_name': 'C. Brunsdon'}"
17,17,research_reviewer_main,2025-06-24 18:51:46,raw_ref_to_json.py,"{'key': 'author-2', 'name': 'A. Stewart Fotheringham', 's2_id': None, 'orcid': 'https://orcid.org/0000-0002-0407-1901', 'raw_name': 'A. S. Fotheringham'}"
17,17,research_reviewer_main,2025-06-24 18:51:46,raw_ref_to_json.py,"{'key': 'author-3', 'name': 'Martin Charlton', 's2_id': None, 'orcid': 'https://orcid.org/0000-0002-0622-393X', 'raw_name': 'M. E. Charlton'}"
17,17,research_reviewer_main,2025-06-24 18:51:46,raw_ref_to_json.py,"{'key': 'author-4', 'name': 'Wenbai Yang', 's2_id': None, 'orcid': 'https://orcid.org/0000-0003-3293-8389', 'raw_name': 'W. Yang'}"
17,17,research_reviewer_main,2025-06-24 18:51:46,raw_ref_to_json.py,"{'key': 'author-5', 'name': 'Wei Kang', 's2_id': None, 'orcid': 'https://orcid.org/0000-0002-1073-7781', 'raw_name': 'W. Kang'}"
17,17,research_reviewer_main,2025-06-24 18:51:46,raw_ref_to_json.py,"{'key': 'author-6', 'name': 'T. Gao', 's2_id': None, 'orcid': None, 'raw_name': 'T. Gao'}"
17,17,research_reviewer_main,2025-06-24 18:51:46,raw_ref_to_json.py,"{'key': 'author-7', 'name': 'J. Hullman', 's2_id': None, 'orcid': None, 'raw_name': 'J. Hullman'}"
17,17,research_reviewer_main,2025-06-24 18:51:46,raw_ref_to_json.py,"{'key': 'author-8', 'name': 'E. Adar', 's2_id': None, 'orcid': None, 'raw_name': 'E. Adar'}"
17,17,research_reviewer_main,2025-06-24 18:51:46,raw_ref_to_json.py,"{'key': 'author-9', 'name': 'B. Hecht', 's2_id': None, 'orcid': None, 'raw_name': 'B. Hecht'}"
17,17,research_reviewer_main,2025-06-24 18:51:46,raw_ref_to_json.py,"{'key': 'author-10', 'name': 'N. Diakopoulos', 's2_id': None, 'orcid': None, 'raw_name': 'N. Diakopoulos'}"
17,17,research_reviewer_main,2025-06-24 18:51:46,raw_ref_to_json.py,"{'key': 'author-11', 'name': 'Sarah Goodwin', 's2_id': None, 'orcid': 'https://orcid.org/0000-0001-8894-8282', 'raw_name': 'S. Goodwin'}"
17,17,research_reviewer_main,2025-06-24 18:51:46,raw_ref_to_json.py,"{'key': 'author-12', 'name': 'Jason Dykes', 's2_id': None, 'orcid': 'https://orcid.org/0000-0002-8096-5763', 'raw_name': 'J. Dykes'}"
17,17,research_reviewer_main,2025-06-24 18:51:46,raw_ref_to_json.py,"{'key': 'author-13', 'name': 'Aidan Slingsby', 's2_id': None, 'orcid': 'https://orcid.org/0000-0003-3941-553X', 'raw_name': 'A. Slingsby'}"
17,17,research_reviewer_main,2025-06-24 18:51:46,raw_ref_to_json.py,"{'key': 'author-14', 'name': 'Çağatay Turkay', 's2_id': None, 'orcid': 'https://orcid.org/0000-0001-6788-251X', 'raw_name': 'C. Turkay'}"
17,17,research_reviewer_main,2025-06-24 18:51:46,raw_ref_to_json.py,"{'key': 'author-15', 'name': 'Jabba Hutt', 's2_id': None, 'orcid': None, 'raw_name': 'Jabba Hutt'}"
17,17,research_reviewer_main,2025-06-24 18:51:46,raw_ref_to_json.py,"{'key': 'author-16', 'name': 'Robert Kosara', 's2_id': None, 'orcid': 'https://orcid.org/0000-0002-1178-4029', 'raw_name': 'R. Kosara'}"
17,17,research_reviewer_main,2025-06-24 18:51:46,raw_ref_to_json.py,"{'key': 'author-17', 'name': 'Jock D. Mackinlay', 's2_id': None, 'orcid': None, 'raw_name': 'J. Mackinlay'}"
17,17,research_reviewer_main,2025-06-24 18:51:46,raw_ref_to_json.py,"{'key': 'author-18', 'name': 'J. Krause', 's2_id': None, 'orcid': None, 'raw_name': 'J. Krause'}"
17,17,research_reviewer_main,2025-06-24 18:51:46,raw_ref_to_json.py,"{'key': 'author-19', 'name': 'A. Perer', 's2_id': None, 'orcid': None, 'raw_name': 'A. Perer'}"
17,17,research_reviewer_main,2025-06-24 18:51:46,raw_ref_to_json.py,"{'key': 'author-20', 'name': 'K. Ng', 's2_id': None, 'orcid': None, 'raw_name': 'K. Ng'}"
17,17,research_reviewer_main,2025-06-24 18:51:46,raw_ref_to_json.py,"{'key': 'author-21', 'name': 'Chufan Lai', 's2_id': None, 'orcid': 'https://orcid.org/0009-0002-2880-7335', 'raw_name': 'C. Lai'}"
17,17,research_reviewer_main,2025-06-24 18:51:46,raw_ref_to_json.py,"{'key': 'author-22', 'name': 'Zhixian Lin', 's2_id': None, 'orcid': None, 'raw_name': 'Z. Lin'}"
17,17,research_reviewer_main,2025-06-24 18:51:46,raw_ref_to_json.py,"{'key': 'author-23', 'name': 'Ruike Jiang', 's2_id': None, 'orcid': 'https://orcid.org/0000-0002-5001-5310', 'raw_name': 'R. Jiang'}"
17,17,research_reviewer_main,2025-06-24 18:51:46,raw_ref_to_json.py,"{'key': 'author-24', 'name': 'Yun Han', 's2_id': None, 'orcid': 'https://orcid.org/0000-0003-1410-8090', 'raw_name': 'Y. Han'}"
17,17,research_reviewer_main,2025-06-24 18:51:46,raw_ref_to_json.py,"{'key': 'author-25', 'name': 'Can Liu', 's2_id': None, 'orcid': 'https://orcid.org/0000-0002-1175-0734', 'raw_name': 'C. Liu'}"
17,17,research_reviewer_main,2025-06-24 18:51:46,raw_ref_to_json.py,"{'key': 'author-26', 'name': 'Xiaoru Yuan', 's2_id': None, 'orcid': 'https://orcid.org/0000-0002-7233-980X', 'raw_name': 'X. Yuan'}"
17,17,research_reviewer_main,2025-06-24 18:51:46,raw_ref_to_json.py,"{'key': 'author-27', 'name': 'Shahid Latif', 's2_id': None, 'orcid': 'https://orcid.org/0000-0003-2060-5122', 'raw_name': 'S. Latif'}"
17,17,research_reviewer_main,2025-06-24 18:51:46,raw_ref_to_json.py,"{'key': 'author-28', 'name': 'Fabian Beck', 's2_id': None, 'orcid': 'https://orcid.org/0000-0003-4042-3043', 'raw_name': 'F. Beck'}"
17,17,research_reviewer_main,2025-06-24 18:51:46,raw_ref_to_json.py,"{'key': 'author-29', 'name': 'Siming Chen', 's2_id': None, 'orcid': 'https://orcid.org/0000-0002-2690-3588', 'raw_name': 'S. Chen'}"
17,17,research_reviewer_main,2025-06-24 18:51:46,raw_ref_to_json.py,"{'key': 'author-30', 'name': 'Yafeng Lu', 's2_id': None, 'orcid': 'https://orcid.org/0000-0002-3978-9550', 'raw_name': 'Y. Lu'}"
17,17,research_reviewer_main,2025-06-24 18:51:46,raw_ref_to_json.py,"{'key': 'author-31', 'name': 'Rolando Garcia', 's2_id': None, 'orcid': None, 'raw_name': 'R. Garcia'}"
17,17,research_reviewer_main,2025-06-24 18:51:46,raw_ref_to_json.py,"{'key': 'author-32', 'name': 'Brett Hansen', 's2_id': None, 'orcid': None, 'raw_name': 'B. Hansen'}"
17,17,research_reviewer_main,2025-06-24 18:51:46,raw_ref_to_json.py,"{'key': 'author-33', 'name': 'Michael Gleicher', 's2_id': None, 'orcid': 'https://orcid.org/0000-0003-3295-4071', 'raw_name': 'M. Gleicher'}"
17,17,research_reviewer_main,2025-06-24 18:51:46,raw_ref_to_json.py,"{'key': 'author-34', 'name': 'Ross Maciejewski', 's2_id': None, 'orcid': 'https://orcid.org/0000-0001-8803-6355', 'raw_name': 'R. Maciejewski'}"
17,17,research_reviewer_main,2025-06-24 18:51:46,raw_ref_to_json.py,"{'key': 'author-35', 'name': 'Ming Yao', 's2_id': None, 'orcid': 'https://orcid.org/0000-0002-6377-6063', 'raw_name': 'Y. Ming'}"
17,17,research_reviewer_main,2025-06-24 18:51:46,raw_ref_to_json.py,"{'key': 'author-36', 'name': 'Huamin Qu', 's2_id': None, 'orcid': 'https://orcid.org/0000-0002-3344-9694', 'raw_name': 'H. Qu'}"
17,17,research_reviewer_main,2025-06-24 18:51:46,raw_ref_to_json.py,"{'key': 'author-37', 'name': 'Enrico Bertini', 's2_id': None, 'orcid': 'https://orcid.org/0000-0002-9932-0551', 'raw_name': 'E. Bertini'}"
17,17,research_reviewer_main,2025-06-24 18:51:46,raw_ref_to_json.py,"{'key': 'author-38', 'name': 'Thomas Mühlbacher', 's2_id': None, 'orcid': None, 'raw_name': 'T. Muhlbacher'}"
17,17,research_reviewer_main,2025-06-24 18:51:46,raw_ref_to_json.py,"{'key': 'author-39', 'name': 'Harald Piringer', 's2_id': None, 'orcid': None, 'raw_name': 'H. Piringer'}"
17,17,research_reviewer_main,2025-06-24 18:51:46,raw_ref_to_json.py,"{'key': 'author-40', 'name': 'Donghao Ren', 's2_id': None, 'orcid': 'https://orcid.org/0000-0001-8666-7241', 'raw_name': 'D. Ren'}"
17,17,research_reviewer_main,2025-06-24 18:51:46,raw_ref_to_json.py,"{'key': 'author-41', 'name': 'Matthew Brehmer', 's2_id': None, 'orcid': 'https://orcid.org/0000-0001-5524-2291', 'raw_name': 'M. Brehmer'}"
17,17,research_reviewer_main,2025-06-24 18:51:46,raw_ref_to_json.py,"{'key': 'author-42', 'name': 'Bongshin Lee', 's2_id': None, 'orcid': 'https://orcid.org/0000-0002-4217-627X', 'raw_name': 'B. Lee'}"
17,17,research_reviewer_main,2025-06-24 18:51:46,raw_ref_to_json.py,"{'key': 'author-43', 'name': 'Tobias Höllerer', 's2_id': None, 'orcid': 'https://orcid.org/0000-0002-6240-0291', 'raw_name': 'T. Hollerer'}"
17,17,research_reviewer_main,2025-06-24 18:51:46,raw_ref_to_json.py,"{'key': 'author-44', 'name': 'Eun Kyoung Choe', 's2_id': None, 'orcid': 'https://orcid.org/0000-0001-5038-8320', 'raw_name': 'E. K. Choe'}"
17,17,research_reviewer_main,2025-06-24 18:51:46,raw_ref_to_json.py,"{'key': 'author-45', 'name': 'Arvind Satyanarayan', 's2_id': None, 'orcid': 'https://orcid.org/0000-0001-5564-635X', 'raw_name': 'A. Satyanarayan'}"
17,17,research_reviewer_main,2025-06-24 18:51:46,raw_ref_to_json.py,"{'key': 'author-46', 'name': 'Jeffrey Heer', 's2_id': None, 'orcid': 'https://orcid.org/0000-0002-6175-1655', 'raw_name': 'J. Heer'}"
17,17,research_reviewer_main,2025-06-24 18:51:46,raw_ref_to_json.py,"{'key': 'author-47', 'name': 'Michael Sedlmair', 's2_id': None, 'orcid': 'https://orcid.org/0000-0001-7048-9292', 'raw_name': 'M. Sedlmair'}"
17,17,research_reviewer_main,2025-06-24 18:51:46,raw_ref_to_json.py,"{'key': 'author-48', 'name': 'Christoph Heinzl', 's2_id': None, 'orcid': 'https://orcid.org/0000-0002-3173-8871', 'raw_name': 'C. Heinzl'}"
17,17,research_reviewer_main,2025-06-24 18:51:46,raw_ref_to_json.py,"{'key': 'author-49', 'name': 'Stefan Brückner', 's2_id': None, 'orcid': 'https://orcid.org/0000-0002-0885-8402', 'raw_name': 'S. Bruckner'}"
17,17,research_reviewer_main,2025-06-24 18:51:46,raw_ref_to_json.py,"{'key': 'author-50', 'name': 'Torsten Möller', 's2_id': None, 'orcid': 'https://orcid.org/0000-0003-1192-0710', 'raw_name': 'T. Moller'}"
18,18,research_reviewer_main,2025-06-24 18:51:46,raw_ref_to_json.py,"{'key': 'author-1', 'name': 'Chris Brunsdon', 's2_id': None, 'orcid': 'https://orcid.org/0000-0003-4254-1780', 'raw_name': 'C. Brunsdon'}"
18,18,research_reviewer_main,2025-06-24 18:51:46,raw_ref_to_json.py,"{'key': 'author-2', 'name': 'A. Stewart Fotheringham', 's2_id': None, 'orcid': 'https://orcid.org/0000-0002-0407-1901', 'raw_name': 'A. S. Fotheringham'}"
18,18,research_reviewer_main,2025-06-24 18:51:46,raw_ref_to_json.py,"{'key': 'author-3', 'name': 'Martin Charlton', 's2_id': None, 'orcid': 'https://orcid.org/0000-0002-0622-393X', 'raw_name': 'M. E. Charlton'}"
18,18,research_reviewer_main,2025-06-24 18:51:46,raw_ref_to_json.py,"{'key': 'author-4', 'name': 'Wenbai Yang', 's2_id': None, 'orcid': 'https://orcid.org/0000-0003-3293-8389', 'raw_name': 'W. Yang'}"
18,18,research_reviewer_main,2025-06-24 18:51:46,raw_ref_to_json.py,"{'key': 'author-5', 'name': 'Wei Kang', 's2_id': None, 'orcid': 'https://orcid.org/0000-0002-1073-7781', 'raw_name': 'W. Kang'}"
18,18,research_reviewer_main,2025-06-24 18:51:46,raw_ref_to_json.py,"{'key': 'author-6', 'name': 'T. Gao', 's2_id': None, 'orcid': None, 'raw_name': 'T. Gao'}"
18,18,research_reviewer_main,2025-06-24 18:51:46,raw_ref_to_json.py,"{'key': 'author-7', 'name': 'J. Hullman', 's2_id': None, 'orcid': None, 'raw_name': 'J. Hullman'}"
18,18,research_reviewer_main,2025-06-24 18:51:46,raw_ref_to_json.py,"{'key': 'author-8', 'name': 'E. Adar', 's2_id': None, 'orcid': None, 'raw_name': 'E. Adar'}"
18,18,research_reviewer_main,2025-06-24 18:51:46,raw_ref_to_json.py,"{'key': 'author-9', 'name': 'B. Hecht', 's2_id': None, 'orcid': None, 'raw_name': 'B. Hecht'}"
18,18,research_reviewer_main,2025-06-24 18:51:46,raw_ref_to_json.py,"{'key': 'author-10', 'name': 'N. Diakopoulos', 's2_id': None, 'orcid': None, 'raw_name': 'N. Diakopoulos'}"
18,18,research_reviewer_main,2025-06-24 18:51:46,raw_ref_to_json.py,"{'key': 'author-11', 'name': 'Sarah Goodwin', 's2_id': None, 'orcid': 'https://orcid.org/0000-0001-8894-8282', 'raw_name': 'S. Goodwin'}"
18,18,research_reviewer_main,2025-06-24 18:51:46,raw_ref_to_json.py,"{'key': 'author-12', 'name': 'Jason Dykes', 's2_id': None, 'orcid': 'https://orcid.org/0000-0002-8096-5763', 'raw_name': 'J. Dykes'}"
18,18,research_reviewer_main,2025-06-24 18:51:46,raw_ref_to_json.py,"{'key': 'author-13', 'name': 'Aidan Slingsby', 's2_id': None, 'orcid': 'https://orcid.org/0000-0003-3941-553X', 'raw_name': 'A. Slingsby'}"
18,18,research_reviewer_main,2025-06-24 18:51:46,raw_ref_to_json.py,"{'key': 'author-14', 'name': 'Çağatay Turkay', 's2_id': None, 'orcid': 'https://orcid.org/0000-0001-6788-251X', 'raw_name': 'C. Turkay'}"
18,18,research_reviewer_main,2025-06-24 18:51:46,raw_ref_to_json.py,"{'key': 'author-15', 'name': 'Jabba Hutt', 's2_id': None, 'orcid': None, 'raw_name': 'Jabba Hutt'}"
18,18,research_reviewer_main,2025-06-24 18:51:46,raw_ref_to_json.py,"{'key': 'author-16', 'name': 'Robert Kosara', 's2_id': None, 'orcid': 'https://orcid.org/0000-0002-1178-4029', 'raw_name': 'R. Kosara'}"
18,18,research_reviewer_main,2025-06-24 18:51:46,raw_ref_to_json.py,"{'key': 'author-17', 'name': 'Jock D. Mackinlay', 's2_id': None, 'orcid': None, 'raw_name': 'J. Mackinlay'}"
18,18,research_reviewer_main,2025-06-24 18:51:46,raw_ref_to_json.py,"{'key': 'author-18', 'name': 'J. Krause', 's2_id': None, 'orcid': None, 'raw_name': 'J. Krause'}"
18,18,research_reviewer_main,2025-06-24 18:51:46,raw_ref_to_json.py,"{'key': 'author-19', 'name': 'A. Perer', 's2_id': None, 'orcid': None, 'raw_name': 'A. Perer'}"
18,18,research_reviewer_main,2025-06-24 18:51:46,raw_ref_to_json.py,"{'key': 'author-20', 'name': 'K. Ng', 's2_id': None, 'orcid': None, 'raw_name': 'K. Ng'}"
18,18,research_reviewer_main,2025-06-24 18:51:46,raw_ref_to_json.py,"{'key': 'author-21', 'name': 'Chufan Lai', 's2_id': None, 'orcid': 'https://orcid.org/0009-0002-2880-7335', 'raw_name': 'C. Lai'}"
18,18,research_reviewer_main,2025-06-24 18:51:46,raw_ref_to_json.py,"{'key': 'author-22', 'name': 'Zhixian Lin', 's2_id': None, 'orcid': None, 'raw_name': 'Z. Lin'}"
18,18,research_reviewer_main,2025-06-24 18:51:46,raw_ref_to_json.py,"{'key': 'author-23', 'name': 'Ruike Jiang', 's2_id': None, 'orcid': 'https://orcid.org/0000-0002-5001-5310', 'raw_name': 'R. Jiang'}"
18,18,research_reviewer_main,2025-06-24 18:51:46,raw_ref_to_json.py,"{'key': 'author-24', 'name': 'Yun Han', 's2_id': None, 'orcid': 'https://orcid.org/0000-0003-1410-8090', 'raw_name': 'Y. Han'}"
18,18,research_reviewer_main,2025-06-24 18:51:46,raw_ref_to_json.py,"{'key': 'author-25', 'name': 'Can Liu', 's2_id': None, 'orcid': 'https://orcid.org/0000-0002-1175-0734', 'raw_name': 'C. Liu'}"
18,18,research_reviewer_main,2025-06-24 18:51:46,raw_ref_to_json.py,"{'key': 'author-26', 'name': 'Xiaoru Yuan', 's2_id': None, 'orcid': 'https://orcid.org/0000-0002-7233-980X', 'raw_name': 'X. Yuan'}"
18,18,research_reviewer_main,2025-06-24 18:51:46,raw_ref_to_json.py,"{'key': 'author-27', 'name': 'Shahid Latif', 's2_id': None, 'orcid': 'https://orcid.org/0000-0003-2060-5122', 'raw_name': 'S. Latif'}"
18,18,research_reviewer_main,2025-06-24 18:51:46,raw_ref_to_json.py,"{'key': 'author-28', 'name': 'Fabian Beck', 's2_id': None, 'orcid': 'https://orcid.org/0000-0003-4042-3043', 'raw_name': 'F. Beck'}"
18,18,research_reviewer_main,2025-06-24 18:51:46,raw_ref_to_json.py,"{'key': 'author-29', 'name': 'Siming Chen', 's2_id': None, 'orcid': 'https://orcid.org/0000-0002-2690-3588', 'raw_name': 'S. Chen'}"
18,18,research_reviewer_main,2025-06-24 18:51:46,raw_ref_to_json.py,"{'key': 'author-30', 'name': 'Yafeng Lu', 's2_id': None, 'orcid': 'https://orcid.org/0000-0002-3978-9550', 'raw_name': 'Y. Lu'}"
18,18,research_reviewer_main,2025-06-24 18:51:46,raw_ref_to_json.py,"{'key': 'author-31', 'name': 'Rolando Garcia', 's2_id': None, 'orcid': None, 'raw_name': 'R. Garcia'}"
18,18,research_reviewer_main,2025-06-24 18:51:46,raw_ref_to_json.py,"{'key': 'author-32', 'name': 'Brett Hansen', 's2_id': None, 'orcid': None, 'raw_name': 'B. Hansen'}"
18,18,research_reviewer_main,2025-06-24 18:51:46,raw_ref_to_json.py,"{'key': 'author-33', 'name': 'Michael Gleicher', 's2_id': None, 'orcid': 'https://orcid.org/0000-0003-3295-4071', 'raw_name': 'M. Gleicher'}"
18,18,research_reviewer_main,2025-06-24 18:51:46,raw_ref_to_json.py,"{'key': 'author-34', 'name': 'Ross Maciejewski', 's2_id': None, 'orcid': 'https://orcid.org/0000-0001-8803-6355', 'raw_name': 'R. Maciejewski'}"
18,18,research_reviewer_main,2025-06-24 18:51:46,raw_ref_to_json.py,"{'key': 'author-35', 'name': 'Ming Yao', 's2_id': None, 'orcid': 'https://orcid.org/0000-0002-6377-6063', 'raw_name': 'Y. Ming'}"
18,18,research_reviewer_main,2025-06-24 18:51:46,raw_ref_to_json.py,"{'key': 'author-36', 'name': 'Huamin Qu', 's2_id': None, 'orcid': 'https://orcid.org/0000-0002-3344-9694', 'raw_name': 'H. Qu'}"
18,18,research_reviewer_main,2025-06-24 18:51:46,raw_ref_to_json.py,"{'key': 'author-37', 'name': 'Enrico Bertini', 's2_id': None, 'orcid': 'https://orcid.org/0000-0002-9932-0551', 'raw_name': 'E. Bertini'}"
18,18,research_reviewer_main,2025-06-24 18:51:46,raw_ref_to_json.py,"{'key': 'author-38', 'name': 'Thomas Mühlbacher', 's2_id': None, 'orcid': None, 'raw_name': 'T. Muhlbacher'}"
18,18,research_reviewer_main,2025-06-24 18:51:46,raw_ref_to_json.py,"{'key': 'author-39', 'name': 'Harald Piringer', 's2_id': None, 'orcid': None, 'raw_name': 'H. Piringer'}"
18,18,research_reviewer_main,2025-06-24 18:51:46,raw_ref_to_json.py,"{'key': 'author-40', 'name': 'Donghao Ren', 's2_id': None, 'orcid': 'https://orcid.org/0000-0001-8666-7241', 'raw_name': 'D. Ren'}"
18,18,research_reviewer_main,2025-06-24 18:51:46,raw_ref_to_json.py,"{'key': 'author-41', 'name': 'Matthew Brehmer', 's2_id': None, 'orcid': 'https://orcid.org/0000-0001-5524-2291', 'raw_name': 'M. Brehmer'}"
18,18,research_reviewer_main,2025-06-24 18:51:46,raw_ref_to_json.py,"{'key': 'author-42', 'name': 'Bongshin Lee', 's2_id': None, 'orcid': 'https://orcid.org/0000-0002-4217-627X', 'raw_name': 'B. Lee'}"
18,18,research_reviewer_main,2025-06-24 18:51:46,raw_ref_to_json.py,"{'key': 'author-43', 'name': 'Tobias Höllerer', 's2_id': None, 'orcid': 'https://orcid.org/0000-0002-6240-0291', 'raw_name': 'T. Hollerer'}"
18,18,research_reviewer_main,2025-06-24 18:51:46,raw_ref_to_json.py,"{'key': 'author-44', 'name': 'Eun Kyoung Choe', 's2_id': None, 'orcid': 'https://orcid.org/0000-0001-5038-8320', 'raw_name': 'E. K. Choe'}"
18,18,research_reviewer_main,2025-06-24 18:51:46,raw_ref_to_json.py,"{'key': 'author-45', 'name': 'Arvind Satyanarayan', 's2_id': None, 'orcid': 'https://orcid.org/0000-0001-5564-635X', 'raw_name': 'A. Satyanarayan'}"
18,18,research_reviewer_main,2025-06-24 18:51:46,raw_ref_to_json.py,"{'key': 'author-46', 'name': 'Jeffrey Heer', 's2_id': None, 'orcid': 'https://orcid.org/0000-0002-6175-1655', 'raw_name': 'J. Heer'}"
18,18,research_reviewer_main,2025-06-24 18:51:46,raw_ref_to_json.py,"{'key': 'author-47', 'name': 'Michael Sedlmair', 's2_id': None, 'orcid': 'https://orcid.org/0000-0001-7048-9292', 'raw_name': 'M. Sedlmair'}"
18,18,research_reviewer_main,2025-06-24 18:51:46,raw_ref_to_json.py,"{'key': 'author-48', 'name': 'Christoph Heinzl', 's2_id': None, 'orcid': 'https://orcid.org/0000-0002-3173-8871', 'raw_name': 'C. Heinzl'}"
18,18,research_reviewer_main,2025-06-24 18:51:46,raw_ref_to_json.py,"{'key': 'author-49', 'name': 'Stefan Brückner', 's2_id': None, 'orcid': 'https://orcid.org/0000-0002-0885-8402', 'raw_name': 'S. Bruckner'}"
18,18,research_reviewer_main,2025-06-24 18:51:46,raw_ref_to_json.py,"{'key': 'author-50', 'name': 'Torsten Möller', 's2_id': None, 'orcid': 'https://orcid.org/0000-0003-1192-0710', 'raw_name': 'T. Moller'}"
18,18,research_reviewer_main,2025-06-24 18:51:46,raw_ref_to_json.py,"{'key': 'author-51', 'name': 'Edward Segel', 's2_id': None, 'orcid': None, 'raw_name': 'E. Segel'}"
19,19,research_reviewer_main,2025-06-24 18:51:46,raw_ref_to_json.py,"{'key': 'author-1', 'name': 'Chris Brunsdon', 's2_id': None, 'orcid': 'https://orcid.org/0000-0003-4254-1780', 'raw_name': 'C. Brunsdon'}"
19,19,research_reviewer_main,2025-06-24 18:51:46,raw_ref_to_json.py,"{'key': 'author-2', 'name': 'A. Stewart Fotheringham', 's2_id': None, 'orcid': 'https://orcid.org/0000-0002-0407-1901', 'raw_name': 'A. S. Fotheringham'}"
19,19,research_reviewer_main,2025-06-24 18:51:46,raw_ref_to_json.py,"{'key': 'author-3', 'name': 'Martin Charlton', 's2_id': None, 'orcid': 'https://orcid.org/0000-0002-0622-393X', 'raw_name': 'M. E. Charlton'}"
19,19,research_reviewer_main,2025-06-24 18:51:46,raw_ref_to_json.py,"{'key': 'author-4', 'name': 'Wenbai Yang', 's2_id': None, 'orcid': 'https://orcid.org/0000-0003-3293-8389', 'raw_name': 'W. Yang'}"
19,19,research_reviewer_main,2025-06-24 18:51:46,raw_ref_to_json.py,"{'key': 'author-5', 'name': 'Wei Kang', 's2_id': None, 'orcid': 'https://orcid.org/0000-0002-1073-7781', 'raw_name': 'W. Kang'}"
19,19,research_reviewer_main,2025-06-24 18:51:46,raw_ref_to_json.py,"{'key': 'author-6', 'name': 'T. Gao', 's2_id': None, 'orcid': None, 'raw_name': 'T. Gao'}"
19,19,research_reviewer_main,2025-06-24 18:51:46,raw_ref_to_json.py,"{'key': 'author-7', 'name': 'J. Hullman', 's2_id': None, 'orcid': None, 'raw_name': 'J. Hullman'}"
19,19,research_reviewer_main,2025-06-24 18:51:46,raw_ref_to_json.py,"{'key': 'author-8', 'name': 'E. Adar', 's2_id': None, 'orcid': None, 'raw_name': 'E. Adar'}"
19,19,research_reviewer_main,2025-06-24 18:51:46,raw_ref_to_json.py,"{'key': 'author-9', 'name': 'B. Hecht', 's2_id': None, 'orcid': None, 'raw_name': 'B. Hecht'}"
19,19,research_reviewer_main,2025-06-24 18:51:46,raw_ref_to_json.py,"{'key': 'author-10', 'name': 'N. Diakopoulos', 's2_id': None, 'orcid': None, 'raw_name': 'N. Diakopoulos'}"
19,19,research_reviewer_main,2025-06-24 18:51:46,raw_ref_to_json.py,"{'key': 'author-11', 'name': 'Sarah Goodwin', 's2_id': None, 'orcid': 'https://orcid.org/0000-0001-8894-8282', 'raw_name': 'S. Goodwin'}"
19,19,research_reviewer_main,2025-06-24 18:51:46,raw_ref_to_json.py,"{'key': 'author-12', 'name': 'Jason Dykes', 's2_id': None, 'orcid': 'https://orcid.org/0000-0002-8096-5763', 'raw_name': 'J. Dykes'}"
19,19,research_reviewer_main,2025-06-24 18:51:46,raw_ref_to_json.py,"{'key': 'author-13', 'name': 'Aidan Slingsby', 's2_id': None, 'orcid': 'https://orcid.org/0000-0003-3941-553X', 'raw_name': 'A. Slingsby'}"
19,19,research_reviewer_main,2025-06-24 18:51:46,raw_ref_to_json.py,"{'key': 'author-14', 'name': 'Çağatay Turkay', 's2_id': None, 'orcid': 'https://orcid.org/0000-0001-6788-251X', 'raw_name': 'C. Turkay'}"
19,19,research_reviewer_main,2025-06-24 18:51:46,raw_ref_to_json.py,"{'key': 'author-15', 'name': 'Jabba Hutt', 's2_id': None, 'orcid': None, 'raw_name': 'Jabba Hutt'}"
19,19,research_reviewer_main,2025-06-24 18:51:46,raw_ref_to_json.py,"{'key': 'author-16', 'name': 'Robert Kosara', 's2_id': None, 'orcid': 'https://orcid.org/0000-0002-1178-4029', 'raw_name': 'R. Kosara'}"
19,19,research_reviewer_main,2025-06-24 18:51:46,raw_ref_to_json.py,"{'key': 'author-17', 'name': 'Jock D. Mackinlay', 's2_id': None, 'orcid': None, 'raw_name': 'J. Mackinlay'}"
19,19,research_reviewer_main,2025-06-24 18:51:46,raw_ref_to_json.py,"{'key': 'author-18', 'name': 'J. Krause', 's2_id': None, 'orcid': None, 'raw_name': 'J. Krause'}"
19,19,research_reviewer_main,2025-06-24 18:51:46,raw_ref_to_json.py,"{'key': 'author-19', 'name': 'A. Perer', 's2_id': None, 'orcid': None, 'raw_name': 'A. Perer'}"
19,19,research_reviewer_main,2025-06-24 18:51:46,raw_ref_to_json.py,"{'key': 'author-20', 'name': 'K. Ng', 's2_id': None, 'orcid': None, 'raw_name': 'K. Ng'}"
19,19,research_reviewer_main,2025-06-24 18:51:46,raw_ref_to_json.py,"{'key': 'author-21', 'name': 'Chufan Lai', 's2_id': None, 'orcid': 'https://orcid.org/0009-0002-2880-7335', 'raw_name': 'C. Lai'}"
19,19,research_reviewer_main,2025-06-24 18:51:46,raw_ref_to_json.py,"{'key': 'author-22', 'name': 'Zhixian Lin', 's2_id': None, 'orcid': None, 'raw_name': 'Z. Lin'}"
19,19,research_reviewer_main,2025-06-24 18:51:46,raw_ref_to_json.py,"{'key': 'author-23', 'name': 'Ruike Jiang', 's2_id': None, 'orcid': 'https://orcid.org/0000-0002-5001-5310', 'raw_name': 'R. Jiang'}"
19,19,research_reviewer_main,2025-06-24 18:51:46,raw_ref_to_json.py,"{'key': 'author-24', 'name': 'Yun Han', 's2_id': None, 'orcid': 'https://orcid.org/0000-0003-1410-8090', 'raw_name': 'Y. Han'}"
19,19,research_reviewer_main,2025-06-24 18:51:46,raw_ref_to_json.py,"{'key': 'author-25', 'name': 'Can Liu', 's2_id': None, 'orcid': 'https://orcid.org/0000-0002-1175-0734', 'raw_name': 'C. Liu'}"
19,19,research_reviewer_main,2025-06-24 18:51:46,raw_ref_to_json.py,"{'key': 'author-26', 'name': 'Xiaoru Yuan', 's2_id': None, 'orcid': 'https://orcid.org/0000-0002-7233-980X', 'raw_name': 'X. Yuan'}"
19,19,research_reviewer_main,2025-06-24 18:51:46,raw_ref_to_json.py,"{'key': 'author-27', 'name': 'Shahid Latif', 's2_id': None, 'orcid': 'https://orcid.org/0000-0003-2060-5122', 'raw_name': 'S. Latif'}"
19,19,research_reviewer_main,2025-06-24 18:51:46,raw_ref_to_json.py,"{'key': 'author-28', 'name': 'Fabian Beck', 's2_id': None, 'orcid': 'https://orcid.org/0000-0003-4042-3043', 'raw_name': 'F. Beck'}"
19,19,research_reviewer_main,2025-06-24 18:51:46,raw_ref_to_json.py,"{'key': 'author-29', 'name': 'Siming Chen', 's2_id': None, 'orcid': 'https://orcid.org/0000-0002-2690-3588', 'raw_name': 'S. Chen'}"
19,19,research_reviewer_main,2025-06-24 18:51:46,raw_ref_to_json.py,"{'key': 'author-30', 'name': 'Yafeng Lu', 's2_id': None, 'orcid': 'https://orcid.org/0000-0002-3978-9550', 'raw_name': 'Y. Lu'}"
19,19,research_reviewer_main,2025-06-24 18:51:46,raw_ref_to_json.py,"{'key': 'author-31', 'name': 'Rolando Garcia', 's2_id': None, 'orcid': None, 'raw_name': 'R. Garcia'}"
19,19,research_reviewer_main,2025-06-24 18:51:46,raw_ref_to_json.py,"{'key': 'author-32', 'name': 'Brett Hansen', 's2_id': None, 'orcid': None, 'raw_name': 'B. Hansen'}"
19,19,research_reviewer_main,2025-06-24 18:51:46,raw_ref_to_json.py,"{'key': 'author-33', 'name': 'Michael Gleicher', 's2_id': None, 'orcid': 'https://orcid.org/0000-0003-3295-4071', 'raw_name': 'M. Gleicher'}"
19,19,research_reviewer_main,2025-06-24 18:51:46,raw_ref_to_json.py,"{'key': 'author-34', 'name': 'Ross Maciejewski', 's2_id': None, 'orcid': 'https://orcid.org/0000-0001-8803-6355', 'raw_name': 'R. Maciejewski'}"
19,19,research_reviewer_main,2025-06-24 18:51:46,raw_ref_to_json.py,"{'key': 'author-35', 'name': 'Ming Yao', 's2_id': None, 'orcid': 'https://orcid.org/0000-0002-6377-6063', 'raw_name': 'Y. Ming'}"
19,19,research_reviewer_main,2025-06-24 18:51:46,raw_ref_to_json.py,"{'key': 'author-36', 'name': 'Huamin Qu', 's2_id': None, 'orcid': 'https://orcid.org/0000-0002-3344-9694', 'raw_name': 'H. Qu'}"
19,19,research_reviewer_main,2025-06-24 18:51:46,raw_ref_to_json.py,"{'key': 'author-37', 'name': 'Enrico Bertini', 's2_id': None, 'orcid': 'https://orcid.org/0000-0002-9932-0551', 'raw_name': 'E. Bertini'}"
19,19,research_reviewer_main,2025-06-24 18:51:46,raw_ref_to_json.py,"{'key': 'author-38', 'name': 'Thomas Mühlbacher', 's2_id': None, 'orcid': None, 'raw_name': 'T. Muhlbacher'}"
19,19,research_reviewer_main,2025-06-24 18:51:46,raw_ref_to_json.py,"{'key': 'author-39', 'name': 'Harald Piringer', 's2_id': None, 'orcid': None, 'raw_name': 'H. Piringer'}"
19,19,research_reviewer_main,2025-06-24 18:51:46,raw_ref_to_json.py,"{'key': 'author-40', 'name': 'Donghao Ren', 's2_id': None, 'orcid': 'https://orcid.org/0000-0001-8666-7241', 'raw_name': 'D. Ren'}"
19,19,research_reviewer_main,2025-06-24 18:51:46,raw_ref_to_json.py,"{'key': 'author-41', 'name': 'Matthew Brehmer', 's2_id': None, 'orcid': 'https://orcid.org/0000-0001-5524-2291', 'raw_name': 'M. Brehmer'}"
19,19,research_reviewer_main,2025-06-24 18:51:46,raw_ref_to_json.py,"{'key': 'author-42', 'name': 'Bongshin Lee', 's2_id': None, 'orcid': 'https://orcid.org/0000-0002-4217-627X', 'raw_name': 'B. Lee'}"
19,19,research_reviewer_main,2025-06-24 18:51:46,raw_ref_to_json.py,"{'key': 'author-43', 'name': 'Tobias Höllerer', 's2_id': None, 'orcid': 'https://orcid.org/0000-0002-6240-0291', 'raw_name': 'T. Hollerer'}"
19,19,research_reviewer_main,2025-06-24 18:51:46,raw_ref_to_json.py,"{'key': 'author-44', 'name': 'Eun Kyoung Choe', 's2_id': None, 'orcid': 'https://orcid.org/0000-0001-5038-8320', 'raw_name': 'E. K. Choe'}"
19,19,research_reviewer_main,2025-06-24 18:51:46,raw_ref_to_json.py,"{'key': 'author-45', 'name': 'Arvind Satyanarayan', 's2_id': None, 'orcid': 'https://orcid.org/0000-0001-5564-635X', 'raw_name': 'A. Satyanarayan'}"
19,19,research_reviewer_main,2025-06-24 18:51:46,raw_ref_to_json.py,"{'key': 'author-46', 'name': 'Jeffrey Heer', 's2_id': None, 'orcid': 'https://orcid.org/0000-0002-6175-1655', 'raw_name': 'J. Heer'}"
19,19,research_reviewer_main,2025-06-24 18:51:46,raw_ref_to_json.py,"{'key': 'author-47', 'name': 'Michael Sedlmair', 's2_id': None, 'orcid': 'https://orcid.org/0000-0001-7048-9292', 'raw_name': 'M. Sedlmair'}"
19,19,research_reviewer_main,2025-06-24 18:51:46,raw_ref_to_json.py,"{'key': 'author-48', 'name': 'Christoph Heinzl', 's2_id': None, 'orcid': 'https://orcid.org/0000-0002-3173-8871', 'raw_name': 'C. Heinzl'}"
19,19,research_reviewer_main,2025-06-24 18:51:46,raw_ref_to_json.py,"{'key': 'author-49', 'name': 'Stefan Brückner', 's2_id': None, 'orcid': 'https://orcid.org/0000-0002-0885-8402', 'raw_name': 'S. Bruckner'}"
19,19,research_reviewer_main,2025-06-24 18:51:46,raw_ref_to_json.py,"{'key': 'author-50', 'name': 'Torsten Möller', 's2_id': None, 'orcid': 'https://orcid.org/0000-0003-1192-0710', 'raw_name': 'T. Moller'}"
19,19,research_reviewer_main,2025-06-24 18:51:46,raw_ref_to_json.py,"{'key': 'author-51', 'name': 'Edward Segel', 's2_id': None, 'orcid': None, 'raw_name': 'E. Segel'}"
19,19,research_reviewer_main,2025-06-24 18:51:46,raw_ref_to_json.py,"{'key': 'author-52', 'name': 'Luke Skywalker', 's2_id': None, 'orcid': None, 'raw_name': 'Luke Skywalker'}"
19,19,research_reviewer_main,2025-06-24 18:51:46,raw_ref_to_json.py,"{'key': 'author-53', 'name': 'Obi-Wan Kenobi', 's2_id': None, 'orcid': None, 'raw_name': 'Obi-Wan Kenobi'}"
20,20,research_reviewer_main,2025-06-24 18:51:46,raw_ref_to_json.py,"{'key': 'author-1', 'name': 'Chris Brunsdon', 's2_id': None, 'orcid': 'https://orcid.org/0000-0003-4254-1780', 'raw_name': 'C. Brunsdon'}"
20,20,research_reviewer_main,2025-06-24 18:51:46,raw_ref_to_json.py,"{'key': 'author-2', 'name': 'A. Stewart Fotheringham', 's2_id': None, 'orcid': 'https://orcid.org/0000-0002-0407-1901', 'raw_name': 'A. S. Fotheringham'}"
20,20,research_reviewer_main,2025-06-24 18:51:46,raw_ref_to_json.py,"{'key': 'author-3', 'name': 'Martin Charlton', 's2_id': None, 'orcid': 'https://orcid.org/0000-0002-0622-393X', 'raw_name': 'M. E. Charlton'}"
20,20,research_reviewer_main,2025-06-24 18:51:46,raw_ref_to_json.py,"{'key': 'author-4', 'name': 'Wenbai Yang', 's2_id': None, 'orcid': 'https://orcid.org/0000-0003-3293-8389', 'raw_name': 'W. Yang'}"
20,20,research_reviewer_main,2025-06-24 18:51:46,raw_ref_to_json.py,"{'key': 'author-5', 'name': 'Wei Kang', 's2_id': None, 'orcid': 'https://orcid.org/0000-0002-1073-7781', 'raw_name': 'W. Kang'}"
20,20,research_reviewer_main,2025-06-24 18:51:46,raw_ref_to_json.py,"{'key': 'author-6', 'name': 'T. Gao', 's2_id': None, 'orcid': None, 'raw_name': 'T. Gao'}"
20,20,research_reviewer_main,2025-06-24 18:51:46,raw_ref_to_json.py,"{'key': 'author-7', 'name': 'J. Hullman', 's2_id': None, 'orcid': None, 'raw_name': 'J. Hullman'}"
20,20,research_reviewer_main,2025-06-24 18:51:46,raw_ref_to_json.py,"{'key': 'author-8', 'name': 'E. Adar', 's2_id': None, 'orcid': None, 'raw_name': 'E. Adar'}"
20,20,research_reviewer_main,2025-06-24 18:51:46,raw_ref_to_json.py,"{'key': 'author-9', 'name': 'B. Hecht', 's2_id': None, 'orcid': None, 'raw_name': 'B. Hecht'}"
20,20,research_reviewer_main,2025-06-24 18:51:46,raw_ref_to_json.py,"{'key': 'author-10', 'name': 'N. Diakopoulos', 's2_id': None, 'orcid': None, 'raw_name': 'N. Diakopoulos'}"
20,20,research_reviewer_main,2025-06-24 18:51:46,raw_ref_to_json.py,"{'key': 'author-11', 'name': 'Sarah Goodwin', 's2_id': None, 'orcid': 'https://orcid.org/0000-0001-8894-8282', 'raw_name': 'S. Goodwin'}"
20,20,research_reviewer_main,2025-06-24 18:51:46,raw_ref_to_json.py,"{'key': 'author-12', 'name': 'Jason Dykes', 's2_id': None, 'orcid': 'https://orcid.org/0000-0002-8096-5763', 'raw_name': 'J. Dykes'}"
20,20,research_reviewer_main,2025-06-24 18:51:46,raw_ref_to_json.py,"{'key': 'author-13', 'name': 'Aidan Slingsby', 's2_id': None, 'orcid': 'https://orcid.org/0000-0003-3941-553X', 'raw_name': 'A. Slingsby'}"
20,20,research_reviewer_main,2025-06-24 18:51:46,raw_ref_to_json.py,"{'key': 'author-14', 'name': 'Çağatay Turkay', 's2_id': None, 'orcid': 'https://orcid.org/0000-0001-6788-251X', 'raw_name': 'C. Turkay'}"
20,20,research_reviewer_main,2025-06-24 18:51:46,raw_ref_to_json.py,"{'key': 'author-15', 'name': 'Jabba Hutt', 's2_id': None, 'orcid': None, 'raw_name': 'Jabba Hutt'}"
20,20,research_reviewer_main,2025-06-24 18:51:46,raw_ref_to_json.py,"{'key': 'author-16', 'name': 'Robert Kosara', 's2_id': None, 'orcid': 'https://orcid.org/0000-0002-1178-4029', 'raw_name': 'R. Kosara'}"
20,20,research_reviewer_main,2025-06-24 18:51:46,raw_ref_to_json.py,"{'key': 'author-17', 'name': 'Jock D. Mackinlay', 's2_id': None, 'orcid': None, 'raw_name': 'J. Mackinlay'}"
20,20,research_reviewer_main,2025-06-24 18:51:46,raw_ref_to_json.py,"{'key': 'author-18', 'name': 'J. Krause', 's2_id': None, 'orcid': None, 'raw_name': 'J. Krause'}"
20,20,research_reviewer_main,2025-06-24 18:51:46,raw_ref_to_json.py,"{'key': 'author-19', 'name': 'A. Perer', 's2_id': None, 'orcid': None, 'raw_name': 'A. Perer'}"
20,20,research_reviewer_main,2025-06-24 18:51:46,raw_ref_to_json.py,"{'key': 'author-20', 'name': 'K. Ng', 's2_id': None, 'orcid': None, 'raw_name': 'K. Ng'}"
20,20,research_reviewer_main,2025-06-24 18:51:46,raw_ref_to_json.py,"{'key': 'author-21', 'name': 'Chufan Lai', 's2_id': None, 'orcid': 'https://orcid.org/0009-0002-2880-7335', 'raw_name': 'C. Lai'}"
20,20,research_reviewer_main,2025-06-24 18:51:46,raw_ref_to_json.py,"{'key': 'author-22', 'name': 'Zhixian Lin', 's2_id': None, 'orcid': None, 'raw_name': 'Z. Lin'}"
20,20,research_reviewer_main,2025-06-24 18:51:46,raw_ref_to_json.py,"{'key': 'author-23', 'name': 'Ruike Jiang', 's2_id': None, 'orcid': 'https://orcid.org/0000-0002-5001-5310', 'raw_name': 'R. Jiang'}"
20,20,research_reviewer_main,2025-06-24 18:51:46,raw_ref_to_json.py,"{'key': 'author-24', 'name': 'Yun Han', 's2_id': None, 'orcid': 'https://orcid.org/0000-0003-1410-8090', 'raw_name': 'Y. Han'}"
20,20,research_reviewer_main,2025-06-24 18:51:46,raw_ref_to_json.py,"{'key': 'author-25', 'name': 'Can Liu', 's2_id': None, 'orcid': 'https://orcid.org/0000-0002-1175-0734', 'raw_name': 'C. Liu'}"
20,20,research_reviewer_main,2025-06-24 18:51:46,raw_ref_to_json.py,"{'key': 'author-26', 'name': 'Xiaoru Yuan', 's2_id': None, 'orcid': 'https://orcid.org/0000-0002-7233-980X', 'raw_name': 'X. Yuan'}"
20,20,research_reviewer_main,2025-06-24 18:51:46,raw_ref_to_json.py,"{'key': 'author-27', 'name': 'Shahid Latif', 's2_id': None, 'orcid': 'https://orcid.org/0000-0003-2060-5122', 'raw_name': 'S. Latif'}"
20,20,research_reviewer_main,2025-06-24 18:51:46,raw_ref_to_json.py,"{'key': 'author-28', 'name': 'Fabian Beck', 's2_id': None, 'orcid': 'https://orcid.org/0000-0003-4042-3043', 'raw_name': 'F. Beck'}"
20,20,research_reviewer_main,2025-06-24 18:51:46,raw_ref_to_json.py,"{'key': 'author-29', 'name': 'Siming Chen', 's2_id': None, 'orcid': 'https://orcid.org/0000-0002-2690-3588', 'raw_name': 'S. Chen'}"
20,20,research_reviewer_main,2025-06-24 18:51:46,raw_ref_to_json.py,"{'key': 'author-30', 'name': 'Yafeng Lu', 's2_id': None, 'orcid': 'https://orcid.org/0000-0002-3978-9550', 'raw_name': 'Y. Lu'}"
20,20,research_reviewer_main,2025-06-24 18:51:46,raw_ref_to_json.py,"{'key': 'author-31', 'name': 'Rolando Garcia', 's2_id': None, 'orcid': None, 'raw_name': 'R. Garcia'}"
20,20,research_reviewer_main,2025-06-24 18:51:46,raw_ref_to_json.py,"{'key': 'author-32', 'name': 'Brett Hansen', 's2_id': None, 'orcid': None, 'raw_name': 'B. Hansen'}"
20,20,research_reviewer_main,2025-06-24 18:51:46,raw_ref_to_json.py,"{'key': 'author-33', 'name': 'Michael Gleicher', 's2_id': None, 'orcid': 'https://orcid.org/0000-0003-3295-4071', 'raw_name': 'M. Gleicher'}"
20,20,research_reviewer_main,2025-06-24 18:51:46,raw_ref_to_json.py,"{'key': 'author-34', 'name': 'Ross Maciejewski', 's2_id': None, 'orcid': 'https://orcid.org/0000-0001-8803-6355', 'raw_name': 'R. Maciejewski'}"
20,20,research_reviewer_main,2025-06-24 18:51:46,raw_ref_to_json.py,"{'key': 'author-35', 'name': 'Ming Yao', 's2_id': None, 'orcid': 'https://orcid.org/0000-0002-6377-6063', 'raw_name': 'Y. Ming'}"
20,20,research_reviewer_main,2025-06-24 18:51:46,raw_ref_to_json.py,"{'key': 'author-36', 'name': 'Huamin Qu', 's2_id': None, 'orcid': 'https://orcid.org/0000-0002-3344-9694', 'raw_name': 'H. Qu'}"
20,20,research_reviewer_main,2025-06-24 18:51:46,raw_ref_to_json.py,"{'key': 'author-37', 'name': 'Enrico Bertini', 's2_id': None, 'orcid': 'https://orcid.org/0000-0002-9932-0551', 'raw_name': 'E. Bertini'}"
20,20,research_reviewer_main,2025-06-24 18:51:46,raw_ref_to_json.py,"{'key': 'author-38', 'name': 'Thomas Mühlbacher', 's2_id': None, 'orcid': None, 'raw_name': 'T. Muhlbacher'}"
20,20,research_reviewer_main,2025-06-24 18:51:46,raw_ref_to_json.py,"{'key': 'author-39', 'name': 'Harald Piringer', 's2_id': None, 'orcid': None, 'raw_name': 'H. Piringer'}"
20,20,research_reviewer_main,2025-06-24 18:51:46,raw_ref_to_json.py,"{'key': 'author-40', 'name': 'Donghao Ren', 's2_id': None, 'orcid': 'https://orcid.org/0000-0001-8666-7241', 'raw_name': 'D. Ren'}"
20,20,research_reviewer_main,2025-06-24 18:51:46,raw_ref_to_json.py,"{'key': 'author-41', 'name': 'Matthew Brehmer', 's2_id': None, 'orcid': 'https://orcid.org/0000-0001-5524-2291', 'raw_name': 'M. Brehmer'}"
20,20,research_reviewer_main,2025-06-24 18:51:46,raw_ref_to_json.py,"{'key': 'author-42', 'name': 'Bongshin Lee', 's2_id': None, 'orcid': 'https://orcid.org/0000-0002-4217-627X', 'raw_name': 'B. Lee'}"
20,20,research_reviewer_main,2025-06-24 18:51:46,raw_ref_to_json.py,"{'key': 'author-43', 'name': 'Tobias Höllerer', 's2_id': None, 'orcid': 'https://orcid.org/0000-0002-6240-0291', 'raw_name': 'T. Hollerer'}"
20,20,research_reviewer_main,2025-06-24 18:51:46,raw_ref_to_json.py,"{'key': 'author-44', 'name': 'Eun Kyoung Choe', 's2_id': None, 'orcid': 'https://orcid.org/0000-0001-5038-8320', 'raw_name': 'E. K. Choe'}"
20,20,research_reviewer_main,2025-06-24 18:51:46,raw_ref_to_json.py,"{'key': 'author-45', 'name': 'Arvind Satyanarayan', 's2_id': None, 'orcid': 'https://orcid.org/0000-0001-5564-635X', 'raw_name': 'A. Satyanarayan'}"
20,20,research_reviewer_main,2025-06-24 18:51:46,raw_ref_to_json.py,"{'key': 'author-46', 'name': 'Jeffrey Heer', 's2_id': None, 'orcid': 'https://orcid.org/0000-0002-6175-1655', 'raw_name': 'J. Heer'}"
20,20,research_reviewer_main,2025-06-24 18:51:46,raw_ref_to_json.py,"{'key': 'author-47', 'name': 'Michael Sedlmair', 's2_id': None, 'orcid': 'https://orcid.org/0000-0001-7048-9292', 'raw_name': 'M. Sedlmair'}"
20,20,research_reviewer_main,2025-06-24 18:51:46,raw_ref_to_json.py,"{'key': 'author-48', 'name': 'Christoph Heinzl', 's2_id': None, 'orcid': 'https://orcid.org/0000-0002-3173-8871', 'raw_name': 'C. Heinzl'}"
20,20,research_reviewer_main,2025-06-24 18:51:46,raw_ref_to_json.py,"{'key': 'author-49', 'name': 'Stefan Brückner', 's2_id': None, 'orcid': 'https://orcid.org/0000-0002-0885-8402', 'raw_name': 'S. Bruckner'}"
20,20,research_reviewer_main,2025-06-24 18:51:46,raw_ref_to_json.py,"{'key': 'author-50', 'name': 'Torsten Möller', 's2_id': None, 'orcid': 'https://orcid.org/0000-0003-1192-0710', 'raw_name': 'T. Moller'}"
20,20,research_reviewer_main,2025-06-24 18:51:46,raw_ref_to_json.py,"{'key': 'author-51', 'name': 'Edward Segel', 's2_id': None, 'orcid': None, 'raw_name': 'E. Segel'}"
20,20,research_reviewer_main,2025-06-24 18:51:46,raw_ref_to_json.py,"{'key': 'author-52', 'name': 'Luke Skywalker', 's2_id': None, 'orcid': None, 'raw_name': 'Luke Skywalker'}"
20,20,research_reviewer_main,2025-06-24 18:51:46,raw_ref_to_json.py,"{'key': 'author-53', 'name': 'Obi-Wan Kenobi', 's2_id': None, 'orcid': None, 'raw_name': 'Obi-Wan Kenobi'}"
20,20,research_reviewer_main,2025-06-24 18:51:46,raw_ref_to_json.py,"{'key': 'author-54', 'name': 'Dirk Smeesters', 's2_id': None, 'orcid': None, 'raw_name': 'Dirk Smeesters'}"
20,20,research_reviewer_main,2025-06-24 18:51:46,raw_ref_to_json.py,"{'key': 'author-55', 'name': 'Jia Liu', 's2_id': None, 'orcid': 'https://orcid.org/0000-0003-0383-0934', 'raw_name': 'Jia Liu'}"
21,21,research_reviewer_main,2025-06-24 18:51:46,raw_ref_to_json.py,"{'key': 'author-1', 'name': 'Chris Brunsdon', 's2_id': None, 'orcid': 'https://orcid.org/0000-0003-4254-1780', 'raw_name': 'C. Brunsdon'}"
21,21,research_reviewer_main,2025-06-24 18:51:46,raw_ref_to_json.py,"{'key': 'author-2', 'name': 'A. Stewart Fotheringham', 's2_id': None, 'orcid': 'https://orcid.org/0000-0002-0407-1901', 'raw_name': 'A. S. Fotheringham'}"
21,21,research_reviewer_main,2025-06-24 18:51:46,raw_ref_to_json.py,"{'key': 'author-3', 'name': 'Martin Charlton', 's2_id': None, 'orcid': 'https://orcid.org/0000-0002-0622-393X', 'raw_name': 'M. E. Charlton'}"
21,21,research_reviewer_main,2025-06-24 18:51:46,raw_ref_to_json.py,"{'key': 'author-4', 'name': 'Wenbai Yang', 's2_id': None, 'orcid': 'https://orcid.org/0000-0003-3293-8389', 'raw_name': 'W. Yang'}"
21,21,research_reviewer_main,2025-06-24 18:51:46,raw_ref_to_json.py,"{'key': 'author-5', 'name': 'Wei Kang', 's2_id': None, 'orcid': 'https://orcid.org/0000-0002-1073-7781', 'raw_name': 'W. Kang'}"
21,21,research_reviewer_main,2025-06-24 18:51:46,raw_ref_to_json.py,"{'key': 'author-6', 'name': 'T. Gao', 's2_id': None, 'orcid': None, 'raw_name': 'T. Gao'}"
21,21,research_reviewer_main,2025-06-24 18:51:46,raw_ref_to_json.py,"{'key': 'author-7', 'name': 'J. Hullman', 's2_id': None, 'orcid': None, 'raw_name': 'J. Hullman'}"
21,21,research_reviewer_main,2025-06-24 18:51:46,raw_ref_to_json.py,"{'key': 'author-8', 'name': 'E. Adar', 's2_id': None, 'orcid': None, 'raw_name': 'E. Adar'}"
21,21,research_reviewer_main,2025-06-24 18:51:46,raw_ref_to_json.py,"{'key': 'author-9', 'name': 'B. Hecht', 's2_id': None, 'orcid': None, 'raw_name': 'B. Hecht'}"
21,21,research_reviewer_main,2025-06-24 18:51:46,raw_ref_to_json.py,"{'key': 'author-10', 'name': 'N. Diakopoulos', 's2_id': None, 'orcid': None, 'raw_name': 'N. Diakopoulos'}"
21,21,research_reviewer_main,2025-06-24 18:51:46,raw_ref_to_json.py,"{'key': 'author-11', 'name': 'Sarah Goodwin', 's2_id': None, 'orcid': 'https://orcid.org/0000-0001-8894-8282', 'raw_name': 'S. Goodwin'}"
21,21,research_reviewer_main,2025-06-24 18:51:46,raw_ref_to_json.py,"{'key': 'author-12', 'name': 'Jason Dykes', 's2_id': None, 'orcid': 'https://orcid.org/0000-0002-8096-5763', 'raw_name': 'J. Dykes'}"
21,21,research_reviewer_main,2025-06-24 18:51:46,raw_ref_to_json.py,"{'key': 'author-13', 'name': 'Aidan Slingsby', 's2_id': None, 'orcid': 'https://orcid.org/0000-0003-3941-553X', 'raw_name': 'A. Slingsby'}"
21,21,research_reviewer_main,2025-06-24 18:51:46,raw_ref_to_json.py,"{'key': 'author-14', 'name': 'Çağatay Turkay', 's2_id': None, 'orcid': 'https://orcid.org/0000-0001-6788-251X', 'raw_name': 'C. Turkay'}"
21,21,research_reviewer_main,2025-06-24 18:51:46,raw_ref_to_json.py,"{'key': 'author-15', 'name': 'Jabba Hutt', 's2_id': None, 'orcid': None, 'raw_name': 'Jabba Hutt'}"
21,21,research_reviewer_main,2025-06-24 18:51:46,raw_ref_to_json.py,"{'key': 'author-16', 'name': 'Robert Kosara', 's2_id': None, 'orcid': 'https://orcid.org/0000-0002-1178-4029', 'raw_name': 'R. Kosara'}"
21,21,research_reviewer_main,2025-06-24 18:51:46,raw_ref_to_json.py,"{'key': 'author-17', 'name': 'Jock D. Mackinlay', 's2_id': None, 'orcid': None, 'raw_name': 'J. Mackinlay'}"
21,21,research_reviewer_main,2025-06-24 18:51:46,raw_ref_to_json.py,"{'key': 'author-18', 'name': 'J. Krause', 's2_id': None, 'orcid': None, 'raw_name': 'J. Krause'}"
21,21,research_reviewer_main,2025-06-24 18:51:46,raw_ref_to_json.py,"{'key': 'author-19', 'name': 'A. Perer', 's2_id': None, 'orcid': None, 'raw_name': 'A. Perer'}"
21,21,research_reviewer_main,2025-06-24 18:51:46,raw_ref_to_json.py,"{'key': 'author-20', 'name': 'K. Ng', 's2_id': None, 'orcid': None, 'raw_name': 'K. Ng'}"
21,21,research_reviewer_main,2025-06-24 18:51:46,raw_ref_to_json.py,"{'key': 'author-21', 'name': 'Chufan Lai', 's2_id': None, 'orcid': 'https://orcid.org/0009-0002-2880-7335', 'raw_name': 'C. Lai'}"
21,21,research_reviewer_main,2025-06-24 18:51:46,raw_ref_to_json.py,"{'key': 'author-22', 'name': 'Zhixian Lin', 's2_id': None, 'orcid': None, 'raw_name': 'Z. Lin'}"
21,21,research_reviewer_main,2025-06-24 18:51:46,raw_ref_to_json.py,"{'key': 'author-23', 'name': 'Ruike Jiang', 's2_id': None, 'orcid': 'https://orcid.org/0000-0002-5001-5310', 'raw_name': 'R. Jiang'}"
21,21,research_reviewer_main,2025-06-24 18:51:46,raw_ref_to_json.py,"{'key': 'author-24', 'name': 'Yun Han', 's2_id': None, 'orcid': 'https://orcid.org/0000-0003-1410-8090', 'raw_name': 'Y. Han'}"
21,21,research_reviewer_main,2025-06-24 18:51:46,raw_ref_to_json.py,"{'key': 'author-25', 'name': 'Can Liu', 's2_id': None, 'orcid': 'https://orcid.org/0000-0002-1175-0734', 'raw_name': 'C. Liu'}"
21,21,research_reviewer_main,2025-06-24 18:51:46,raw_ref_to_json.py,"{'key': 'author-26', 'name': 'Xiaoru Yuan', 's2_id': None, 'orcid': 'https://orcid.org/0000-0002-7233-980X', 'raw_name': 'X. Yuan'}"
21,21,research_reviewer_main,2025-06-24 18:51:46,raw_ref_to_json.py,"{'key': 'author-27', 'name': 'Shahid Latif', 's2_id': None, 'orcid': 'https://orcid.org/0000-0003-2060-5122', 'raw_name': 'S. Latif'}"
21,21,research_reviewer_main,2025-06-24 18:51:46,raw_ref_to_json.py,"{'key': 'author-28', 'name': 'Fabian Beck', 's2_id': None, 'orcid': 'https://orcid.org/0000-0003-4042-3043', 'raw_name': 'F. Beck'}"
21,21,research_reviewer_main,2025-06-24 18:51:46,raw_ref_to_json.py,"{'key': 'author-29', 'name': 'Siming Chen', 's2_id': None, 'orcid': 'https://orcid.org/0000-0002-2690-3588', 'raw_name': 'S. Chen'}"
21,21,research_reviewer_main,2025-06-24 18:51:46,raw_ref_to_json.py,"{'key': 'author-30', 'name': 'Yafeng Lu', 's2_id': None, 'orcid': 'https://orcid.org/0000-0002-3978-9550', 'raw_name': 'Y. Lu'}"
21,21,research_reviewer_main,2025-06-24 18:51:46,raw_ref_to_json.py,"{'key': 'author-31', 'name': 'Rolando Garcia', 's2_id': None, 'orcid': None, 'raw_name': 'R. Garcia'}"
21,21,research_reviewer_main,2025-06-24 18:51:46,raw_ref_to_json.py,"{'key': 'author-32', 'name': 'Brett Hansen', 's2_id': None, 'orcid': None, 'raw_name': 'B. Hansen'}"
21,21,research_reviewer_main,2025-06-24 18:51:46,raw_ref_to_json.py,"{'key': 'author-33', 'name': 'Michael Gleicher', 's2_id': None, 'orcid': 'https://orcid.org/0000-0003-3295-4071', 'raw_name': 'M. Gleicher'}"
21,21,research_reviewer_main,2025-06-24 18:51:46,raw_ref_to_json.py,"{'key': 'author-34', 'name': 'Ross Maciejewski', 's2_id': None, 'orcid': 'https://orcid.org/0000-0001-8803-6355', 'raw_name': 'R. Maciejewski'}"
21,21,research_reviewer_main,2025-06-24 18:51:46,raw_ref_to_json.py,"{'key': 'author-35', 'name': 'Ming Yao', 's2_id': None, 'orcid': 'https://orcid.org/0000-0002-6377-6063', 'raw_name': 'Y. Ming'}"
21,21,research_reviewer_main,2025-06-24 18:51:46,raw_ref_to_json.py,"{'key': 'author-36', 'name': 'Huamin Qu', 's2_id': None, 'orcid': 'https://orcid.org/0000-0002-3344-9694', 'raw_name': 'H. Qu'}"
21,21,research_reviewer_main,2025-06-24 18:51:46,raw_ref_to_json.py,"{'key': 'author-37', 'name': 'Enrico Bertini', 's2_id': None, 'orcid': 'https://orcid.org/0000-0002-9932-0551', 'raw_name': 'E. Bertini'}"
21,21,research_reviewer_main,2025-06-24 18:51:46,raw_ref_to_json.py,"{'key': 'author-38', 'name': 'Thomas Mühlbacher', 's2_id': None, 'orcid': None, 'raw_name': 'T. Muhlbacher'}"
21,21,research_reviewer_main,2025-06-24 18:51:46,raw_ref_to_json.py,"{'key': 'author-39', 'name': 'Harald Piringer', 's2_id': None, 'orcid': None, 'raw_name': 'H. Piringer'}"
21,21,research_reviewer_main,2025-06-24 18:51:46,raw_ref_to_json.py,"{'key': 'author-40', 'name': 'Donghao Ren', 's2_id': None, 'orcid': 'https://orcid.org/0000-0001-8666-7241', 'raw_name': 'D. Ren'}"
21,21,research_reviewer_main,2025-06-24 18:51:46,raw_ref_to_json.py,"{'key': 'author-41', 'name': 'Matthew Brehmer', 's2_id': None, 'orcid': 'https://orcid.org/0000-0001-5524-2291', 'raw_name': 'M. Brehmer'}"
21,21,research_reviewer_main,2025-06-24 18:51:46,raw_ref_to_json.py,"{'key': 'author-42', 'name': 'Bongshin Lee', 's2_id': None, 'orcid': 'https://orcid.org/0000-0002-4217-627X', 'raw_name': 'B. Lee'}"
21,21,research_reviewer_main,2025-06-24 18:51:46,raw_ref_to_json.py,"{'key': 'author-43', 'name': 'Tobias Höllerer', 's2_id': None, 'orcid': 'https://orcid.org/0000-0002-6240-0291', 'raw_name': 'T. Hollerer'}"
21,21,research_reviewer_main,2025-06-24 18:51:46,raw_ref_to_json.py,"{'key': 'author-44', 'name': 'Eun Kyoung Choe', 's2_id': None, 'orcid': 'https://orcid.org/0000-0001-5038-8320', 'raw_name': 'E. K. Choe'}"
21,21,research_reviewer_main,2025-06-24 18:51:46,raw_ref_to_json.py,"{'key': 'author-45', 'name': 'Arvind Satyanarayan', 's2_id': None, 'orcid': 'https://orcid.org/0000-0001-5564-635X', 'raw_name': 'A. Satyanarayan'}"
21,21,research_reviewer_main,2025-06-24 18:51:46,raw_ref_to_json.py,"{'key': 'author-46', 'name': 'Jeffrey Heer', 's2_id': None, 'orcid': 'https://orcid.org/0000-0002-6175-1655', 'raw_name': 'J. Heer'}"
21,21,research_reviewer_main,2025-06-24 18:51:46,raw_ref_to_json.py,"{'key': 'author-47', 'name': 'Michael Sedlmair', 's2_id': None, 'orcid': 'https://orcid.org/0000-0001-7048-9292', 'raw_name': 'M. Sedlmair'}"
21,21,research_reviewer_main,2025-06-24 18:51:46,raw_ref_to_json.py,"{'key': 'author-48', 'name': 'Christoph Heinzl', 's2_id': None, 'orcid': 'https://orcid.org/0000-0002-3173-8871', 'raw_name': 'C. Heinzl'}"
21,21,research_reviewer_main,2025-06-24 18:51:46,raw_ref_to_json.py,"{'key': 'author-49', 'name': 'Stefan Brückner', 's2_id': None, 'orcid': 'https://orcid.org/0000-0002-0885-8402', 'raw_name': 'S. Bruckner'}"
21,21,research_reviewer_main,2025-06-24 18:51:46,raw_ref_to_json.py,"{'key': 'author-50', 'name': 'Torsten Möller', 's2_id': None, 'orcid': 'https://orcid.org/0000-0003-1192-0710', 'raw_name': 'T. Moller'}"
21,21,research_reviewer_main,2025-06-24 18:51:46,raw_ref_to_json.py,"{'key': 'author-51', 'name': 'Edward Segel', 's2_id': None, 'orcid': None, 'raw_name': 'E. Segel'}"
21,21,research_reviewer_main,2025-06-24 18:51:46,raw_ref_to_json.py,"{'key': 'author-52', 'name': 'Luke Skywalker', 's2_id': None, 'orcid': None, 'raw_name': 'Luke Skywalker'}"
21,21,research_reviewer_main,2025-06-24 18:51:46,raw_ref_to_json.py,"{'key': 'author-53', 'name': 'Obi-Wan Kenobi', 's2_id': None, 'orcid': None, 'raw_name': 'Obi-Wan Kenobi'}"
21,21,research_reviewer_main,2025-06-24 18:51:46,raw_ref_to_json.py,"{'key': 'author-54', 'name': 'Dirk Smeesters', 's2_id': None, 'orcid': None, 'raw_name': 'Dirk Smeesters'}"
21,21,research_reviewer_main,2025-06-24 18:51:46,raw_ref_to_json.py,"{'key': 'author-55', 'name': 'Jia Liu', 's2_id': None, 'orcid': 'https://orcid.org/0000-0003-0383-0934', 'raw_name': 'Jia Liu'}"
21,21,research_reviewer_main,2025-06-24 18:51:46,raw_ref_to_json.py,"{'key': 'author-56', 'name': 'Han Solo', 's2_id': None, 'orcid': None, 'raw_name': 'Han Solo'}"
22,22,research_reviewer_main,2025-06-24 18:51:46,raw_ref_to_json.py,"{'key': 'author-1', 'name': 'Chris Brunsdon', 's2_id': None, 'orcid': 'https://orcid.org/0000-0003-4254-1780', 'raw_name': 'C. Brunsdon'}"
22,22,research_reviewer_main,2025-06-24 18:51:46,raw_ref_to_json.py,"{'key': 'author-2', 'name': 'A. Stewart Fotheringham', 's2_id': None, 'orcid': 'https://orcid.org/0000-0002-0407-1901', 'raw_name': 'A. S. Fotheringham'}"
22,22,research_reviewer_main,2025-06-24 18:51:46,raw_ref_to_json.py,"{'key': 'author-3', 'name': 'Martin Charlton', 's2_id': None, 'orcid': 'https://orcid.org/0000-0002-0622-393X', 'raw_name': 'M. E. Charlton'}"
22,22,research_reviewer_main,2025-06-24 18:51:46,raw_ref_to_json.py,"{'key': 'author-4', 'name': 'Wenbai Yang', 's2_id': None, 'orcid': 'https://orcid.org/0000-0003-3293-8389', 'raw_name': 'W. Yang'}"
22,22,research_reviewer_main,2025-06-24 18:51:46,raw_ref_to_json.py,"{'key': 'author-5', 'name': 'Wei Kang', 's2_id': None, 'orcid': 'https://orcid.org/0000-0002-1073-7781', 'raw_name': 'W. Kang'}"
22,22,research_reviewer_main,2025-06-24 18:51:46,raw_ref_to_json.py,"{'key': 'author-6', 'name': 'T. Gao', 's2_id': None, 'orcid': None, 'raw_name': 'T. Gao'}"
22,22,research_reviewer_main,2025-06-24 18:51:46,raw_ref_to_json.py,"{'key': 'author-7', 'name': 'J. Hullman', 's2_id': None, 'orcid': None, 'raw_name': 'J. Hullman'}"
22,22,research_reviewer_main,2025-06-24 18:51:46,raw_ref_to_json.py,"{'key': 'author-8', 'name': 'E. Adar', 's2_id': None, 'orcid': None, 'raw_name': 'E. Adar'}"
22,22,research_reviewer_main,2025-06-24 18:51:46,raw_ref_to_json.py,"{'key': 'author-9', 'name': 'B. Hecht', 's2_id': None, 'orcid': None, 'raw_name': 'B. Hecht'}"
22,22,research_reviewer_main,2025-06-24 18:51:46,raw_ref_to_json.py,"{'key': 'author-10', 'name': 'N. Diakopoulos', 's2_id': None, 'orcid': None, 'raw_name': 'N. Diakopoulos'}"
22,22,research_reviewer_main,2025-06-24 18:51:46,raw_ref_to_json.py,"{'key': 'author-11', 'name': 'Sarah Goodwin', 's2_id': None, 'orcid': 'https://orcid.org/0000-0001-8894-8282', 'raw_name': 'S. Goodwin'}"
22,22,research_reviewer_main,2025-06-24 18:51:46,raw_ref_to_json.py,"{'key': 'author-12', 'name': 'Jason Dykes', 's2_id': None, 'orcid': 'https://orcid.org/0000-0002-8096-5763', 'raw_name': 'J. Dykes'}"
22,22,research_reviewer_main,2025-06-24 18:51:46,raw_ref_to_json.py,"{'key': 'author-13', 'name': 'Aidan Slingsby', 's2_id': None, 'orcid': 'https://orcid.org/0000-0003-3941-553X', 'raw_name': 'A. Slingsby'}"
22,22,research_reviewer_main,2025-06-24 18:51:46,raw_ref_to_json.py,"{'key': 'author-14', 'name': 'Çağatay Turkay', 's2_id': None, 'orcid': 'https://orcid.org/0000-0001-6788-251X', 'raw_name': 'C. Turkay'}"
22,22,research_reviewer_main,2025-06-24 18:51:46,raw_ref_to_json.py,"{'key': 'author-15', 'name': 'Jabba Hutt', 's2_id': None, 'orcid': None, 'raw_name': 'Jabba Hutt'}"
22,22,research_reviewer_main,2025-06-24 18:51:46,raw_ref_to_json.py,"{'key': 'author-16', 'name': 'Robert Kosara', 's2_id': None, 'orcid': 'https://orcid.org/0000-0002-1178-4029', 'raw_name': 'R. Kosara'}"
22,22,research_reviewer_main,2025-06-24 18:51:46,raw_ref_to_json.py,"{'key': 'author-17', 'name': 'Jock D. Mackinlay', 's2_id': None, 'orcid': None, 'raw_name': 'J. Mackinlay'}"
22,22,research_reviewer_main,2025-06-24 18:51:46,raw_ref_to_json.py,"{'key': 'author-18', 'name': 'J. Krause', 's2_id': None, 'orcid': None, 'raw_name': 'J. Krause'}"
22,22,research_reviewer_main,2025-06-24 18:51:46,raw_ref_to_json.py,"{'key': 'author-19', 'name': 'A. Perer', 's2_id': None, 'orcid': None, 'raw_name': 'A. Perer'}"
22,22,research_reviewer_main,2025-06-24 18:51:46,raw_ref_to_json.py,"{'key': 'author-20', 'name': 'K. Ng', 's2_id': None, 'orcid': None, 'raw_name': 'K. Ng'}"
22,22,research_reviewer_main,2025-06-24 18:51:46,raw_ref_to_json.py,"{'key': 'author-21', 'name': 'Chufan Lai', 's2_id': None, 'orcid': 'https://orcid.org/0009-0002-2880-7335', 'raw_name': 'C. Lai'}"
22,22,research_reviewer_main,2025-06-24 18:51:46,raw_ref_to_json.py,"{'key': 'author-22', 'name': 'Zhixian Lin', 's2_id': None, 'orcid': None, 'raw_name': 'Z. Lin'}"
22,22,research_reviewer_main,2025-06-24 18:51:46,raw_ref_to_json.py,"{'key': 'author-23', 'name': 'Ruike Jiang', 's2_id': None, 'orcid': 'https://orcid.org/0000-0002-5001-5310', 'raw_name': 'R. Jiang'}"
22,22,research_reviewer_main,2025-06-24 18:51:46,raw_ref_to_json.py,"{'key': 'author-24', 'name': 'Yun Han', 's2_id': None, 'orcid': 'https://orcid.org/0000-0003-1410-8090', 'raw_name': 'Y. Han'}"
22,22,research_reviewer_main,2025-06-24 18:51:46,raw_ref_to_json.py,"{'key': 'author-25', 'name': 'Can Liu', 's2_id': None, 'orcid': 'https://orcid.org/0000-0002-1175-0734', 'raw_name': 'C. Liu'}"
22,22,research_reviewer_main,2025-06-24 18:51:46,raw_ref_to_json.py,"{'key': 'author-26', 'name': 'Xiaoru Yuan', 's2_id': None, 'orcid': 'https://orcid.org/0000-0002-7233-980X', 'raw_name': 'X. Yuan'}"
22,22,research_reviewer_main,2025-06-24 18:51:46,raw_ref_to_json.py,"{'key': 'author-27', 'name': 'Shahid Latif', 's2_id': None, 'orcid': 'https://orcid.org/0000-0003-2060-5122', 'raw_name': 'S. Latif'}"
22,22,research_reviewer_main,2025-06-24 18:51:46,raw_ref_to_json.py,"{'key': 'author-28', 'name': 'Fabian Beck', 's2_id': None, 'orcid': 'https://orcid.org/0000-0003-4042-3043', 'raw_name': 'F. Beck'}"
22,22,research_reviewer_main,2025-06-24 18:51:46,raw_ref_to_json.py,"{'key': 'author-29', 'name': 'Siming Chen', 's2_id': None, 'orcid': 'https://orcid.org/0000-0002-2690-3588', 'raw_name': 'S. Chen'}"
22,22,research_reviewer_main,2025-06-24 18:51:46,raw_ref_to_json.py,"{'key': 'author-30', 'name': 'Yafeng Lu', 's2_id': None, 'orcid': 'https://orcid.org/0000-0002-3978-9550', 'raw_name': 'Y. Lu'}"
22,22,research_reviewer_main,2025-06-24 18:51:46,raw_ref_to_json.py,"{'key': 'author-31', 'name': 'Rolando Garcia', 's2_id': None, 'orcid': None, 'raw_name': 'R. Garcia'}"
22,22,research_reviewer_main,2025-06-24 18:51:46,raw_ref_to_json.py,"{'key': 'author-32', 'name': 'Brett Hansen', 's2_id': None, 'orcid': None, 'raw_name': 'B. Hansen'}"
22,22,research_reviewer_main,2025-06-24 18:51:46,raw_ref_to_json.py,"{'key': 'author-33', 'name': 'Michael Gleicher', 's2_id': None, 'orcid': 'https://orcid.org/0000-0003-3295-4071', 'raw_name': 'M. Gleicher'}"
22,22,research_reviewer_main,2025-06-24 18:51:46,raw_ref_to_json.py,"{'key': 'author-34', 'name': 'Ross Maciejewski', 's2_id': None, 'orcid': 'https://orcid.org/0000-0001-8803-6355', 'raw_name': 'R. Maciejewski'}"
22,22,research_reviewer_main,2025-06-24 18:51:46,raw_ref_to_json.py,"{'key': 'author-35', 'name': 'Ming Yao', 's2_id': None, 'orcid': 'https://orcid.org/0000-0002-6377-6063', 'raw_name': 'Y. Ming'}"
22,22,research_reviewer_main,2025-06-24 18:51:46,raw_ref_to_json.py,"{'key': 'author-36', 'name': 'Huamin Qu', 's2_id': None, 'orcid': 'https://orcid.org/0000-0002-3344-9694', 'raw_name': 'H. Qu'}"
22,22,research_reviewer_main,2025-06-24 18:51:46,raw_ref_to_json.py,"{'key': 'author-37', 'name': 'Enrico Bertini', 's2_id': None, 'orcid': 'https://orcid.org/0000-0002-9932-0551', 'raw_name': 'E. Bertini'}"
22,22,research_reviewer_main,2025-06-24 18:51:46,raw_ref_to_json.py,"{'key': 'author-38', 'name': 'Thomas Mühlbacher', 's2_id': None, 'orcid': None, 'raw_name': 'T. Muhlbacher'}"
22,22,research_reviewer_main,2025-06-24 18:51:46,raw_ref_to_json.py,"{'key': 'author-39', 'name': 'Harald Piringer', 's2_id': None, 'orcid': None, 'raw_name': 'H. Piringer'}"
22,22,research_reviewer_main,2025-06-24 18:51:46,raw_ref_to_json.py,"{'key': 'author-40', 'name': 'Donghao Ren', 's2_id': None, 'orcid': 'https://orcid.org/0000-0001-8666-7241', 'raw_name': 'D. Ren'}"
22,22,research_reviewer_main,2025-06-24 18:51:46,raw_ref_to_json.py,"{'key': 'author-41', 'name': 'Matthew Brehmer', 's2_id': None, 'orcid': 'https://orcid.org/0000-0001-5524-2291', 'raw_name': 'M. Brehmer'}"
22,22,research_reviewer_main,2025-06-24 18:51:46,raw_ref_to_json.py,"{'key': 'author-42', 'name': 'Bongshin Lee', 's2_id': None, 'orcid': 'https://orcid.org/0000-0002-4217-627X', 'raw_name': 'B. Lee'}"
22,22,research_reviewer_main,2025-06-24 18:51:46,raw_ref_to_json.py,"{'key': 'author-43', 'name': 'Tobias Höllerer', 's2_id': None, 'orcid': 'https://orcid.org/0000-0002-6240-0291', 'raw_name': 'T. Hollerer'}"
22,22,research_reviewer_main,2025-06-24 18:51:46,raw_ref_to_json.py,"{'key': 'author-44', 'name': 'Eun Kyoung Choe', 's2_id': None, 'orcid': 'https://orcid.org/0000-0001-5038-8320', 'raw_name': 'E. K. Choe'}"
22,22,research_reviewer_main,2025-06-24 18:51:46,raw_ref_to_json.py,"{'key': 'author-45', 'name': 'Arvind Satyanarayan', 's2_id': None, 'orcid': 'https://orcid.org/0000-0001-5564-635X', 'raw_name': 'A. Satyanarayan'}"
22,22,research_reviewer_main,2025-06-24 18:51:46,raw_ref_to_json.py,"{'key': 'author-46', 'name': 'Jeffrey Heer', 's2_id': None, 'orcid': 'https://orcid.org/0000-0002-6175-1655', 'raw_name': 'J. Heer'}"
22,22,research_reviewer_main,2025-06-24 18:51:46,raw_ref_to_json.py,"{'key': 'author-47', 'name': 'Michael Sedlmair', 's2_id': None, 'orcid': 'https://orcid.org/0000-0001-7048-9292', 'raw_name': 'M. Sedlmair'}"
22,22,research_reviewer_main,2025-06-24 18:51:46,raw_ref_to_json.py,"{'key': 'author-48', 'name': 'Christoph Heinzl', 's2_id': None, 'orcid': 'https://orcid.org/0000-0002-3173-8871', 'raw_name': 'C. Heinzl'}"
22,22,research_reviewer_main,2025-06-24 18:51:46,raw_ref_to_json.py,"{'key': 'author-49', 'name': 'Stefan Brückner', 's2_id': None, 'orcid': 'https://orcid.org/0000-0002-0885-8402', 'raw_name': 'S. Bruckner'}"
22,22,research_reviewer_main,2025-06-24 18:51:46,raw_ref_to_json.py,"{'key': 'author-50', 'name': 'Torsten Möller', 's2_id': None, 'orcid': 'https://orcid.org/0000-0003-1192-0710', 'raw_name': 'T. Moller'}"
22,22,research_reviewer_main,2025-06-24 18:51:46,raw_ref_to_json.py,"{'key': 'author-51', 'name': 'Edward Segel', 's2_id': None, 'orcid': None, 'raw_name': 'E. Segel'}"
22,22,research_reviewer_main,2025-06-24 18:51:46,raw_ref_to_json.py,"{'key': 'author-52', 'name': 'Luke Skywalker', 's2_id': None, 'orcid': None, 'raw_name': 'Luke Skywalker'}"
22,22,research_reviewer_main,2025-06-24 18:51:46,raw_ref_to_json.py,"{'key': 'author-53', 'name': 'Obi-Wan Kenobi', 's2_id': None, 'orcid': None, 'raw_name': 'Obi-Wan Kenobi'}"
22,22,research_reviewer_main,2025-06-24 18:51:46,raw_ref_to_json.py,"{'key': 'author-54', 'name': 'Dirk Smeesters', 's2_id': None, 'orcid': None, 'raw_name': 'Dirk Smeesters'}"
22,22,research_reviewer_main,2025-06-24 18:51:46,raw_ref_to_json.py,"{'key': 'author-55', 'name': 'Jia Liu', 's2_id': None, 'orcid': 'https://orcid.org/0000-0003-0383-0934', 'raw_name': 'Jia Liu'}"
22,22,research_reviewer_main,2025-06-24 18:51:46,raw_ref_to_json.py,"{'key': 'author-56', 'name': 'Han Solo', 's2_id': None, 'orcid': None, 'raw_name': 'Han Solo'}"
22,22,research_reviewer_main,2025-06-24 18:51:46,raw_ref_to_json.py,"{'key': 'author-57', 'name': 'Leia Organa', 's2_id': None, 'orcid': None, 'raw_name': 'Leia Organa'}"
23,23,research_reviewer_main,2025-06-24 18:51:46,raw_ref_to_json.py,"{'key': 'author-1', 'name': 'Chris Brunsdon', 's2_id': None, 'orcid': 'https://orcid.org/0000-0003-4254-1780', 'raw_name': 'C. Brunsdon'}"
23,23,research_reviewer_main,2025-06-24 18:51:46,raw_ref_to_json.py,"{'key': 'author-2', 'name': 'A. Stewart Fotheringham', 's2_id': None, 'orcid': 'https://orcid.org/0000-0002-0407-1901', 'raw_name': 'A. S. Fotheringham'}"
23,23,research_reviewer_main,2025-06-24 18:51:46,raw_ref_to_json.py,"{'key': 'author-3', 'name': 'Martin Charlton', 's2_id': None, 'orcid': 'https://orcid.org/0000-0002-0622-393X', 'raw_name': 'M. E. Charlton'}"
23,23,research_reviewer_main,2025-06-24 18:51:46,raw_ref_to_json.py,"{'key': 'author-4', 'name': 'Wenbai Yang', 's2_id': None, 'orcid': 'https://orcid.org/0000-0003-3293-8389', 'raw_name': 'W. Yang'}"
23,23,research_reviewer_main,2025-06-24 18:51:46,raw_ref_to_json.py,"{'key': 'author-5', 'name': 'Wei Kang', 's2_id': None, 'orcid': 'https://orcid.org/0000-0002-1073-7781', 'raw_name': 'W. Kang'}"
23,23,research_reviewer_main,2025-06-24 18:51:46,raw_ref_to_json.py,"{'key': 'author-6', 'name': 'T. Gao', 's2_id': None, 'orcid': None, 'raw_name': 'T. Gao'}"
23,23,research_reviewer_main,2025-06-24 18:51:46,raw_ref_to_json.py,"{'key': 'author-7', 'name': 'J. Hullman', 's2_id': None, 'orcid': None, 'raw_name': 'J. Hullman'}"
23,23,research_reviewer_main,2025-06-24 18:51:46,raw_ref_to_json.py,"{'key': 'author-8', 'name': 'E. Adar', 's2_id': None, 'orcid': None, 'raw_name': 'E. Adar'}"
23,23,research_reviewer_main,2025-06-24 18:51:46,raw_ref_to_json.py,"{'key': 'author-9', 'name': 'B. Hecht', 's2_id': None, 'orcid': None, 'raw_name': 'B. Hecht'}"
23,23,research_reviewer_main,2025-06-24 18:51:46,raw_ref_to_json.py,"{'key': 'author-10', 'name': 'N. Diakopoulos', 's2_id': None, 'orcid': None, 'raw_name': 'N. Diakopoulos'}"
23,23,research_reviewer_main,2025-06-24 18:51:46,raw_ref_to_json.py,"{'key': 'author-11', 'name': 'Sarah Goodwin', 's2_id': None, 'orcid': 'https://orcid.org/0000-0001-8894-8282', 'raw_name': 'S. Goodwin'}"
23,23,research_reviewer_main,2025-06-24 18:51:46,raw_ref_to_json.py,"{'key': 'author-12', 'name': 'Jason Dykes', 's2_id': None, 'orcid': 'https://orcid.org/0000-0002-8096-5763', 'raw_name': 'J. Dykes'}"
23,23,research_reviewer_main,2025-06-24 18:51:46,raw_ref_to_json.py,"{'key': 'author-13', 'name': 'Aidan Slingsby', 's2_id': None, 'orcid': 'https://orcid.org/0000-0003-3941-553X', 'raw_name': 'A. Slingsby'}"
23,23,research_reviewer_main,2025-06-24 18:51:46,raw_ref_to_json.py,"{'key': 'author-14', 'name': 'Çağatay Turkay', 's2_id': None, 'orcid': 'https://orcid.org/0000-0001-6788-251X', 'raw_name': 'C. Turkay'}"
23,23,research_reviewer_main,2025-06-24 18:51:46,raw_ref_to_json.py,"{'key': 'author-15', 'name': 'Jabba Hutt', 's2_id': None, 'orcid': None, 'raw_name': 'Jabba Hutt'}"
23,23,research_reviewer_main,2025-06-24 18:51:46,raw_ref_to_json.py,"{'key': 'author-16', 'name': 'Robert Kosara', 's2_id': None, 'orcid': 'https://orcid.org/0000-0002-1178-4029', 'raw_name': 'R. Kosara'}"
23,23,research_reviewer_main,2025-06-24 18:51:46,raw_ref_to_json.py,"{'key': 'author-17', 'name': 'Jock D. Mackinlay', 's2_id': None, 'orcid': None, 'raw_name': 'J. Mackinlay'}"
23,23,research_reviewer_main,2025-06-24 18:51:46,raw_ref_to_json.py,"{'key': 'author-18', 'name': 'J. Krause', 's2_id': None, 'orcid': None, 'raw_name': 'J. Krause'}"
23,23,research_reviewer_main,2025-06-24 18:51:46,raw_ref_to_json.py,"{'key': 'author-19', 'name': 'A. Perer', 's2_id': None, 'orcid': None, 'raw_name': 'A. Perer'}"
23,23,research_reviewer_main,2025-06-24 18:51:46,raw_ref_to_json.py,"{'key': 'author-20', 'name': 'K. Ng', 's2_id': None, 'orcid': None, 'raw_name': 'K. Ng'}"
23,23,research_reviewer_main,2025-06-24 18:51:46,raw_ref_to_json.py,"{'key': 'author-21', 'name': 'Chufan Lai', 's2_id': None, 'orcid': 'https://orcid.org/0009-0002-2880-7335', 'raw_name': 'C. Lai'}"
23,23,research_reviewer_main,2025-06-24 18:51:46,raw_ref_to_json.py,"{'key': 'author-22', 'name': 'Zhixian Lin', 's2_id': None, 'orcid': None, 'raw_name': 'Z. Lin'}"
23,23,research_reviewer_main,2025-06-24 18:51:46,raw_ref_to_json.py,"{'key': 'author-23', 'name': 'Ruike Jiang', 's2_id': None, 'orcid': 'https://orcid.org/0000-0002-5001-5310', 'raw_name': 'R. Jiang'}"
23,23,research_reviewer_main,2025-06-24 18:51:46,raw_ref_to_json.py,"{'key': 'author-24', 'name': 'Yun Han', 's2_id': None, 'orcid': 'https://orcid.org/0000-0003-1410-8090', 'raw_name': 'Y. Han'}"
23,23,research_reviewer_main,2025-06-24 18:51:46,raw_ref_to_json.py,"{'key': 'author-25', 'name': 'Can Liu', 's2_id': None, 'orcid': 'https://orcid.org/0000-0002-1175-0734', 'raw_name': 'C. Liu'}"
23,23,research_reviewer_main,2025-06-24 18:51:46,raw_ref_to_json.py,"{'key': 'author-26', 'name': 'Xiaoru Yuan', 's2_id': None, 'orcid': 'https://orcid.org/0000-0002-7233-980X', 'raw_name': 'X. Yuan'}"
23,23,research_reviewer_main,2025-06-24 18:51:46,raw_ref_to_json.py,"{'key': 'author-27', 'name': 'Shahid Latif', 's2_id': None, 'orcid': 'https://orcid.org/0000-0003-2060-5122', 'raw_name': 'S. Latif'}"
23,23,research_reviewer_main,2025-06-24 18:51:46,raw_ref_to_json.py,"{'key': 'author-28', 'name': 'Fabian Beck', 's2_id': None, 'orcid': 'https://orcid.org/0000-0003-4042-3043', 'raw_name': 'F. Beck'}"
23,23,research_reviewer_main,2025-06-24 18:51:46,raw_ref_to_json.py,"{'key': 'author-29', 'name': 'Siming Chen', 's2_id': None, 'orcid': 'https://orcid.org/0000-0002-2690-3588', 'raw_name': 'S. Chen'}"
23,23,research_reviewer_main,2025-06-24 18:51:46,raw_ref_to_json.py,"{'key': 'author-30', 'name': 'Yafeng Lu', 's2_id': None, 'orcid': 'https://orcid.org/0000-0002-3978-9550', 'raw_name': 'Y. Lu'}"
23,23,research_reviewer_main,2025-06-24 18:51:46,raw_ref_to_json.py,"{'key': 'author-31', 'name': 'Rolando Garcia', 's2_id': None, 'orcid': None, 'raw_name': 'R. Garcia'}"
23,23,research_reviewer_main,2025-06-24 18:51:46,raw_ref_to_json.py,"{'key': 'author-32', 'name': 'Brett Hansen', 's2_id': None, 'orcid': None, 'raw_name': 'B. Hansen'}"
23,23,research_reviewer_main,2025-06-24 18:51:46,raw_ref_to_json.py,"{'key': 'author-33', 'name': 'Michael Gleicher', 's2_id': None, 'orcid': 'https://orcid.org/0000-0003-3295-4071', 'raw_name': 'M. Gleicher'}"
23,23,research_reviewer_main,2025-06-24 18:51:46,raw_ref_to_json.py,"{'key': 'author-34', 'name': 'Ross Maciejewski', 's2_id': None, 'orcid': 'https://orcid.org/0000-0001-8803-6355', 'raw_name': 'R. Maciejewski'}"
23,23,research_reviewer_main,2025-06-24 18:51:46,raw_ref_to_json.py,"{'key': 'author-35', 'name': 'Ming Yao', 's2_id': None, 'orcid': 'https://orcid.org/0000-0002-6377-6063', 'raw_name': 'Y. Ming'}"
23,23,research_reviewer_main,2025-06-24 18:51:46,raw_ref_to_json.py,"{'key': 'author-36', 'name': 'Huamin Qu', 's2_id': None, 'orcid': 'https://orcid.org/0000-0002-3344-9694', 'raw_name': 'H. Qu'}"
23,23,research_reviewer_main,2025-06-24 18:51:46,raw_ref_to_json.py,"{'key': 'author-37', 'name': 'Enrico Bertini', 's2_id': None, 'orcid': 'https://orcid.org/0000-0002-9932-0551', 'raw_name': 'E. Bertini'}"
23,23,research_reviewer_main,2025-06-24 18:51:46,raw_ref_to_json.py,"{'key': 'author-38', 'name': 'Thomas Mühlbacher', 's2_id': None, 'orcid': None, 'raw_name': 'T. Muhlbacher'}"
23,23,research_reviewer_main,2025-06-24 18:51:46,raw_ref_to_json.py,"{'key': 'author-39', 'name': 'Harald Piringer', 's2_id': None, 'orcid': None, 'raw_name': 'H. Piringer'}"
23,23,research_reviewer_main,2025-06-24 18:51:46,raw_ref_to_json.py,"{'key': 'author-40', 'name': 'Donghao Ren', 's2_id': None, 'orcid': 'https://orcid.org/0000-0001-8666-7241', 'raw_name': 'D. Ren'}"
23,23,research_reviewer_main,2025-06-24 18:51:46,raw_ref_to_json.py,"{'key': 'author-41', 'name': 'Matthew Brehmer', 's2_id': None, 'orcid': 'https://orcid.org/0000-0001-5524-2291', 'raw_name': 'M. Brehmer'}"
23,23,research_reviewer_main,2025-06-24 18:51:46,raw_ref_to_json.py,"{'key': 'author-42', 'name': 'Bongshin Lee', 's2_id': None, 'orcid': 'https://orcid.org/0000-0002-4217-627X', 'raw_name': 'B. Lee'}"
23,23,research_reviewer_main,2025-06-24 18:51:46,raw_ref_to_json.py,"{'key': 'author-43', 'name': 'Tobias Höllerer', 's2_id': None, 'orcid': 'https://orcid.org/0000-0002-6240-0291', 'raw_name': 'T. Hollerer'}"
23,23,research_reviewer_main,2025-06-24 18:51:46,raw_ref_to_json.py,"{'key': 'author-44', 'name': 'Eun Kyoung Choe', 's2_id': None, 'orcid': 'https://orcid.org/0000-0001-5038-8320', 'raw_name': 'E. K. Choe'}"
23,23,research_reviewer_main,2025-06-24 18:51:46,raw_ref_to_json.py,"{'key': 'author-45', 'name': 'Arvind Satyanarayan', 's2_id': None, 'orcid': 'https://orcid.org/0000-0001-5564-635X', 'raw_name': 'A. Satyanarayan'}"
23,23,research_reviewer_main,2025-06-24 18:51:46,raw_ref_to_json.py,"{'key': 'author-46', 'name': 'Jeffrey Heer', 's2_id': None, 'orcid': 'https://orcid.org/0000-0002-6175-1655', 'raw_name': 'J. Heer'}"
23,23,research_reviewer_main,2025-06-24 18:51:46,raw_ref_to_json.py,"{'key': 'author-47', 'name': 'Michael Sedlmair', 's2_id': None, 'orcid': 'https://orcid.org/0000-0001-7048-9292', 'raw_name': 'M. Sedlmair'}"
23,23,research_reviewer_main,2025-06-24 18:51:46,raw_ref_to_json.py,"{'key': 'author-48', 'name': 'Christoph Heinzl', 's2_id': None, 'orcid': 'https://orcid.org/0000-0002-3173-8871', 'raw_name': 'C. Heinzl'}"
23,23,research_reviewer_main,2025-06-24 18:51:46,raw_ref_to_json.py,"{'key': 'author-49', 'name': 'Stefan Brückner', 's2_id': None, 'orcid': 'https://orcid.org/0000-0002-0885-8402', 'raw_name': 'S. Bruckner'}"
23,23,research_reviewer_main,2025-06-24 18:51:46,raw_ref_to_json.py,"{'key': 'author-50', 'name': 'Torsten Möller', 's2_id': None, 'orcid': 'https://orcid.org/0000-0003-1192-0710', 'raw_name': 'T. Moller'}"
23,23,research_reviewer_main,2025-06-24 18:51:46,raw_ref_to_json.py,"{'key': 'author-51', 'name': 'Edward Segel', 's2_id': None, 'orcid': None, 'raw_name': 'E. Segel'}"
23,23,research_reviewer_main,2025-06-24 18:51:46,raw_ref_to_json.py,"{'key': 'author-52', 'name': 'Luke Skywalker', 's2_id': None, 'orcid': None, 'raw_name': 'Luke Skywalker'}"
23,23,research_reviewer_main,2025-06-24 18:51:46,raw_ref_to_json.py,"{'key': 'author-53', 'name': 'Obi-Wan Kenobi', 's2_id': None, 'orcid': None, 'raw_name': 'Obi-Wan Kenobi'}"
23,23,research_reviewer_main,2025-06-24 18:51:46,raw_ref_to_json.py,"{'key': 'author-54', 'name': 'Dirk Smeesters', 's2_id': None, 'orcid': None, 'raw_name': 'Dirk Smeesters'}"
23,23,research_reviewer_main,2025-06-24 18:51:46,raw_ref_to_json.py,"{'key': 'author-55', 'name': 'Jia Liu', 's2_id': None, 'orcid': 'https://orcid.org/0000-0003-0383-0934', 'raw_name': 'Jia Liu'}"
23,23,research_reviewer_main,2025-06-24 18:51:46,raw_ref_to_json.py,"{'key': 'author-56', 'name': 'Han Solo', 's2_id': None, 'orcid': None, 'raw_name': 'Han Solo'}"
23,23,research_reviewer_main,2025-06-24 18:51:46,raw_ref_to_json.py,"{'key': 'author-57', 'name': 'Leia Organa', 's2_id': None, 'orcid': None, 'raw_name': 'Leia Organa'}"
23,23,research_reviewer_main,2025-06-24 18:51:46,raw_ref_to_json.py,"{'key': 'author-58', 'name': 'Arjun Srinivasan', 's2_id': None, 'orcid': 'https://orcid.org/0000-0001-8901-1256', 'raw_name': 'A. Srinivasan'}"
23,23,research_reviewer_main,2025-06-24 18:51:46,raw_ref_to_json.py,"{'key': 'author-59', 'name': 'Steven M. Drucker', 's2_id': None, 'orcid': 'https://orcid.org/0000-0002-5022-9343', 'raw_name': 'S. M. Drucker'}"
23,23,research_reviewer_main,2025-06-24 18:51:46,raw_ref_to_json.py,"{'key': 'author-60', 'name': 'Alex Endert', 's2_id': None, 'orcid': 'https://orcid.org/0000-0002-6914-610X', 'raw_name': 'A. Endert'}"
23,23,research_reviewer_main,2025-06-24 18:51:46,raw_ref_to_json.py,"{'key': 'author-61', 'name': 'John Stasko', 's2_id': None, 'orcid': 'https://orcid.org/0000-0003-4129-7659', 'raw_name': 'J. Stasko'}"
24,24,research_reviewer_main,2025-06-24 18:51:46,raw_ref_to_json.py,"{'key': 'author-1', 'name': 'Chris Brunsdon', 's2_id': None, 'orcid': 'https://orcid.org/0000-0003-4254-1780', 'raw_name': 'C. Brunsdon'}"
24,24,research_reviewer_main,2025-06-24 18:51:46,raw_ref_to_json.py,"{'key': 'author-2', 'name': 'A. Stewart Fotheringham', 's2_id': None, 'orcid': 'https://orcid.org/0000-0002-0407-1901', 'raw_name': 'A. S. Fotheringham'}"
24,24,research_reviewer_main,2025-06-24 18:51:46,raw_ref_to_json.py,"{'key': 'author-3', 'name': 'Martin Charlton', 's2_id': None, 'orcid': 'https://orcid.org/0000-0002-0622-393X', 'raw_name': 'M. E. Charlton'}"
24,24,research_reviewer_main,2025-06-24 18:51:46,raw_ref_to_json.py,"{'key': 'author-4', 'name': 'Wenbai Yang', 's2_id': None, 'orcid': 'https://orcid.org/0000-0003-3293-8389', 'raw_name': 'W. Yang'}"
24,24,research_reviewer_main,2025-06-24 18:51:46,raw_ref_to_json.py,"{'key': 'author-5', 'name': 'Wei Kang', 's2_id': None, 'orcid': 'https://orcid.org/0000-0002-1073-7781', 'raw_name': 'W. Kang'}"
24,24,research_reviewer_main,2025-06-24 18:51:46,raw_ref_to_json.py,"{'key': 'author-6', 'name': 'T. Gao', 's2_id': None, 'orcid': None, 'raw_name': 'T. Gao'}"
24,24,research_reviewer_main,2025-06-24 18:51:46,raw_ref_to_json.py,"{'key': 'author-7', 'name': 'J. Hullman', 's2_id': None, 'orcid': None, 'raw_name': 'J. Hullman'}"
24,24,research_reviewer_main,2025-06-24 18:51:46,raw_ref_to_json.py,"{'key': 'author-8', 'name': 'E. Adar', 's2_id': None, 'orcid': None, 'raw_name': 'E. Adar'}"
24,24,research_reviewer_main,2025-06-24 18:51:46,raw_ref_to_json.py,"{'key': 'author-9', 'name': 'B. Hecht', 's2_id': None, 'orcid': None, 'raw_name': 'B. Hecht'}"
24,24,research_reviewer_main,2025-06-24 18:51:46,raw_ref_to_json.py,"{'key': 'author-10', 'name': 'N. Diakopoulos', 's2_id': None, 'orcid': None, 'raw_name': 'N. Diakopoulos'}"
24,24,research_reviewer_main,2025-06-24 18:51:46,raw_ref_to_json.py,"{'key': 'author-11', 'name': 'Sarah Goodwin', 's2_id': None, 'orcid': 'https://orcid.org/0000-0001-8894-8282', 'raw_name': 'S. Goodwin'}"
24,24,research_reviewer_main,2025-06-24 18:51:46,raw_ref_to_json.py,"{'key': 'author-12', 'name': 'Jason Dykes', 's2_id': None, 'orcid': 'https://orcid.org/0000-0002-8096-5763', 'raw_name': 'J. Dykes'}"
24,24,research_reviewer_main,2025-06-24 18:51:46,raw_ref_to_json.py,"{'key': 'author-13', 'name': 'Aidan Slingsby', 's2_id': None, 'orcid': 'https://orcid.org/0000-0003-3941-553X', 'raw_name': 'A. Slingsby'}"
24,24,research_reviewer_main,2025-06-24 18:51:46,raw_ref_to_json.py,"{'key': 'author-14', 'name': 'Çağatay Turkay', 's2_id': None, 'orcid': 'https://orcid.org/0000-0001-6788-251X', 'raw_name': 'C. Turkay'}"
24,24,research_reviewer_main,2025-06-24 18:51:46,raw_ref_to_json.py,"{'key': 'author-15', 'name': 'Jabba Hutt', 's2_id': None, 'orcid': None, 'raw_name': 'Jabba Hutt'}"
24,24,research_reviewer_main,2025-06-24 18:51:46,raw_ref_to_json.py,"{'key': 'author-16', 'name': 'Robert Kosara', 's2_id': None, 'orcid': 'https://orcid.org/0000-0002-1178-4029', 'raw_name': 'R. Kosara'}"
24,24,research_reviewer_main,2025-06-24 18:51:46,raw_ref_to_json.py,"{'key': 'author-17', 'name': 'Jock D. Mackinlay', 's2_id': None, 'orcid': None, 'raw_name': 'J. Mackinlay'}"
24,24,research_reviewer_main,2025-06-24 18:51:46,raw_ref_to_json.py,"{'key': 'author-18', 'name': 'J. Krause', 's2_id': None, 'orcid': None, 'raw_name': 'J. Krause'}"
24,24,research_reviewer_main,2025-06-24 18:51:46,raw_ref_to_json.py,"{'key': 'author-19', 'name': 'A. Perer', 's2_id': None, 'orcid': None, 'raw_name': 'A. Perer'}"
24,24,research_reviewer_main,2025-06-24 18:51:46,raw_ref_to_json.py,"{'key': 'author-20', 'name': 'K. Ng', 's2_id': None, 'orcid': None, 'raw_name': 'K. Ng'}"
24,24,research_reviewer_main,2025-06-24 18:51:46,raw_ref_to_json.py,"{'key': 'author-21', 'name': 'Chufan Lai', 's2_id': None, 'orcid': 'https://orcid.org/0009-0002-2880-7335', 'raw_name': 'C. Lai'}"
24,24,research_reviewer_main,2025-06-24 18:51:46,raw_ref_to_json.py,"{'key': 'author-22', 'name': 'Zhixian Lin', 's2_id': None, 'orcid': None, 'raw_name': 'Z. Lin'}"
24,24,research_reviewer_main,2025-06-24 18:51:46,raw_ref_to_json.py,"{'key': 'author-23', 'name': 'Ruike Jiang', 's2_id': None, 'orcid': 'https://orcid.org/0000-0002-5001-5310', 'raw_name': 'R. Jiang'}"
24,24,research_reviewer_main,2025-06-24 18:51:46,raw_ref_to_json.py,"{'key': 'author-24', 'name': 'Yun Han', 's2_id': None, 'orcid': 'https://orcid.org/0000-0003-1410-8090', 'raw_name': 'Y. Han'}"
24,24,research_reviewer_main,2025-06-24 18:51:46,raw_ref_to_json.py,"{'key': 'author-25', 'name': 'Can Liu', 's2_id': None, 'orcid': 'https://orcid.org/0000-0002-1175-0734', 'raw_name': 'C. Liu'}"
24,24,research_reviewer_main,2025-06-24 18:51:46,raw_ref_to_json.py,"{'key': 'author-26', 'name': 'Xiaoru Yuan', 's2_id': None, 'orcid': 'https://orcid.org/0000-0002-7233-980X', 'raw_name': 'X. Yuan'}"
24,24,research_reviewer_main,2025-06-24 18:51:46,raw_ref_to_json.py,"{'key': 'author-27', 'name': 'Shahid Latif', 's2_id': None, 'orcid': 'https://orcid.org/0000-0003-2060-5122', 'raw_name': 'S. Latif'}"
24,24,research_reviewer_main,2025-06-24 18:51:46,raw_ref_to_json.py,"{'key': 'author-28', 'name': 'Fabian Beck', 's2_id': None, 'orcid': 'https://orcid.org/0000-0003-4042-3043', 'raw_name': 'F. Beck'}"
24,24,research_reviewer_main,2025-06-24 18:51:46,raw_ref_to_json.py,"{'key': 'author-29', 'name': 'Siming Chen', 's2_id': None, 'orcid': 'https://orcid.org/0000-0002-2690-3588', 'raw_name': 'S. Chen'}"
24,24,research_reviewer_main,2025-06-24 18:51:46,raw_ref_to_json.py,"{'key': 'author-30', 'name': 'Yafeng Lu', 's2_id': None, 'orcid': 'https://orcid.org/0000-0002-3978-9550', 'raw_name': 'Y. Lu'}"
24,24,research_reviewer_main,2025-06-24 18:51:46,raw_ref_to_json.py,"{'key': 'author-31', 'name': 'Rolando Garcia', 's2_id': None, 'orcid': None, 'raw_name': 'R. Garcia'}"
24,24,research_reviewer_main,2025-06-24 18:51:46,raw_ref_to_json.py,"{'key': 'author-32', 'name': 'Brett Hansen', 's2_id': None, 'orcid': None, 'raw_name': 'B. Hansen'}"
24,24,research_reviewer_main,2025-06-24 18:51:46,raw_ref_to_json.py,"{'key': 'author-33', 'name': 'Michael Gleicher', 's2_id': None, 'orcid': 'https://orcid.org/0000-0003-3295-4071', 'raw_name': 'M. Gleicher'}"
24,24,research_reviewer_main,2025-06-24 18:51:46,raw_ref_to_json.py,"{'key': 'author-34', 'name': 'Ross Maciejewski', 's2_id': None, 'orcid': 'https://orcid.org/0000-0001-8803-6355', 'raw_name': 'R. Maciejewski'}"
24,24,research_reviewer_main,2025-06-24 18:51:46,raw_ref_to_json.py,"{'key': 'author-35', 'name': 'Ming Yao', 's2_id': None, 'orcid': 'https://orcid.org/0000-0002-6377-6063', 'raw_name': 'Y. Ming'}"
24,24,research_reviewer_main,2025-06-24 18:51:46,raw_ref_to_json.py,"{'key': 'author-36', 'name': 'Huamin Qu', 's2_id': None, 'orcid': 'https://orcid.org/0000-0002-3344-9694', 'raw_name': 'H. Qu'}"
24,24,research_reviewer_main,2025-06-24 18:51:46,raw_ref_to_json.py,"{'key': 'author-37', 'name': 'Enrico Bertini', 's2_id': None, 'orcid': 'https://orcid.org/0000-0002-9932-0551', 'raw_name': 'E. Bertini'}"
24,24,research_reviewer_main,2025-06-24 18:51:46,raw_ref_to_json.py,"{'key': 'author-38', 'name': 'Thomas Mühlbacher', 's2_id': None, 'orcid': None, 'raw_name': 'T. Muhlbacher'}"
24,24,research_reviewer_main,2025-06-24 18:51:46,raw_ref_to_json.py,"{'key': 'author-39', 'name': 'Harald Piringer', 's2_id': None, 'orcid': None, 'raw_name': 'H. Piringer'}"
24,24,research_reviewer_main,2025-06-24 18:51:46,raw_ref_to_json.py,"{'key': 'author-40', 'name': 'Donghao Ren', 's2_id': None, 'orcid': 'https://orcid.org/0000-0001-8666-7241', 'raw_name': 'D. Ren'}"
24,24,research_reviewer_main,2025-06-24 18:51:46,raw_ref_to_json.py,"{'key': 'author-41', 'name': 'Matthew Brehmer', 's2_id': None, 'orcid': 'https://orcid.org/0000-0001-5524-2291', 'raw_name': 'M. Brehmer'}"
24,24,research_reviewer_main,2025-06-24 18:51:46,raw_ref_to_json.py,"{'key': 'author-42', 'name': 'Bongshin Lee', 's2_id': None, 'orcid': 'https://orcid.org/0000-0002-4217-627X', 'raw_name': 'B. Lee'}"
24,24,research_reviewer_main,2025-06-24 18:51:46,raw_ref_to_json.py,"{'key': 'author-43', 'name': 'Tobias Höllerer', 's2_id': None, 'orcid': 'https://orcid.org/0000-0002-6240-0291', 'raw_name': 'T. Hollerer'}"
24,24,research_reviewer_main,2025-06-24 18:51:46,raw_ref_to_json.py,"{'key': 'author-44', 'name': 'Eun Kyoung Choe', 's2_id': None, 'orcid': 'https://orcid.org/0000-0001-5038-8320', 'raw_name': 'E. K. Choe'}"
24,24,research_reviewer_main,2025-06-24 18:51:46,raw_ref_to_json.py,"{'key': 'author-45', 'name': 'Arvind Satyanarayan', 's2_id': None, 'orcid': 'https://orcid.org/0000-0001-5564-635X', 'raw_name': 'A. Satyanarayan'}"
24,24,research_reviewer_main,2025-06-24 18:51:46,raw_ref_to_json.py,"{'key': 'author-46', 'name': 'Jeffrey Heer', 's2_id': None, 'orcid': 'https://orcid.org/0000-0002-6175-1655', 'raw_name': 'J. Heer'}"
24,24,research_reviewer_main,2025-06-24 18:51:46,raw_ref_to_json.py,"{'key': 'author-47', 'name': 'Michael Sedlmair', 's2_id': None, 'orcid': 'https://orcid.org/0000-0001-7048-9292', 'raw_name': 'M. Sedlmair'}"
24,24,research_reviewer_main,2025-06-24 18:51:46,raw_ref_to_json.py,"{'key': 'author-48', 'name': 'Christoph Heinzl', 's2_id': None, 'orcid': 'https://orcid.org/0000-0002-3173-8871', 'raw_name': 'C. Heinzl'}"
24,24,research_reviewer_main,2025-06-24 18:51:46,raw_ref_to_json.py,"{'key': 'author-49', 'name': 'Stefan Brückner', 's2_id': None, 'orcid': 'https://orcid.org/0000-0002-0885-8402', 'raw_name': 'S. Bruckner'}"
24,24,research_reviewer_main,2025-06-24 18:51:46,raw_ref_to_json.py,"{'key': 'author-50', 'name': 'Torsten Möller', 's2_id': None, 'orcid': 'https://orcid.org/0000-0003-1192-0710', 'raw_name': 'T. Moller'}"
24,24,research_reviewer_main,2025-06-24 18:51:46,raw_ref_to_json.py,"{'key': 'author-51', 'name': 'Edward Segel', 's2_id': None, 'orcid': None, 'raw_name': 'E. Segel'}"
24,24,research_reviewer_main,2025-06-24 18:51:46,raw_ref_to_json.py,"{'key': 'author-52', 'name': 'Luke Skywalker', 's2_id': None, 'orcid': None, 'raw_name': 'Luke Skywalker'}"
24,24,research_reviewer_main,2025-06-24 18:51:46,raw_ref_to_json.py,"{'key': 'author-53', 'name': 'Obi-Wan Kenobi', 's2_id': None, 'orcid': None, 'raw_name': 'Obi-Wan Kenobi'}"
24,24,research_reviewer_main,2025-06-24 18:51:46,raw_ref_to_json.py,"{'key': 'author-54', 'name': 'Dirk Smeesters', 's2_id': None, 'orcid': None, 'raw_name': 'Dirk Smeesters'}"
24,24,research_reviewer_main,2025-06-24 18:51:46,raw_ref_to_json.py,"{'key': 'author-55', 'name': 'Jia Liu', 's2_id': None, 'orcid': 'https://orcid.org/0000-0003-0383-0934', 'raw_name': 'Jia Liu'}"
24,24,research_reviewer_main,2025-06-24 18:51:46,raw_ref_to_json.py,"{'key': 'author-56', 'name': 'Han Solo', 's2_id': None, 'orcid': None, 'raw_name': 'Han Solo'}"
24,24,research_reviewer_main,2025-06-24 18:51:46,raw_ref_to_json.py,"{'key': 'author-57', 'name': 'Leia Organa', 's2_id': None, 'orcid': None, 'raw_name': 'Leia Organa'}"
24,24,research_reviewer_main,2025-06-24 18:51:46,raw_ref_to_json.py,"{'key': 'author-58', 'name': 'Arjun Srinivasan', 's2_id': None, 'orcid': 'https://orcid.org/0000-0001-8901-1256', 'raw_name': 'A. Srinivasan'}"
24,24,research_reviewer_main,2025-06-24 18:51:46,raw_ref_to_json.py,"{'key': 'author-59', 'name': 'Steven M. Drucker', 's2_id': None, 'orcid': 'https://orcid.org/0000-0002-5022-9343', 'raw_name': 'S. M. Drucker'}"
24,24,research_reviewer_main,2025-06-24 18:51:46,raw_ref_to_json.py,"{'key': 'author-60', 'name': 'Alex Endert', 's2_id': None, 'orcid': 'https://orcid.org/0000-0002-6914-610X', 'raw_name': 'A. Endert'}"
24,24,research_reviewer_main,2025-06-24 18:51:46,raw_ref_to_json.py,"{'key': 'author-61', 'name': 'John Stasko', 's2_id': None, 'orcid': 'https://orcid.org/0000-0003-4129-7659', 'raw_name': 'J. Stasko'}"
24,24,research_reviewer_main,2025-06-24 18:51:46,raw_ref_to_json.py,"{'key': 'author-62', 'name': 'Masahiro Takatsuka', 's2_id': None, 'orcid': 'https://orcid.org/0000-0002-1769-9642', 'raw_name': 'M. Takatsuka'}"
24,24,research_reviewer_main,2025-06-24 18:51:46,raw_ref_to_json.py,"{'key': 'author-63', 'name': 'Mark Gahegan', 's2_id': None, 'orcid': 'https://orcid.org/0000-0001-7209-8156', 'raw_name': 'M. Gahegan'}"
25,25,research_reviewer_main,2025-06-24 18:51:46,raw_ref_to_json.py,"{'key': 'author-1', 'name': 'Chris Brunsdon', 's2_id': None, 'orcid': 'https://orcid.org/0000-0003-4254-1780', 'raw_name': 'C. Brunsdon'}"
25,25,research_reviewer_main,2025-06-24 18:51:46,raw_ref_to_json.py,"{'key': 'author-2', 'name': 'A. Stewart Fotheringham', 's2_id': None, 'orcid': 'https://orcid.org/0000-0002-0407-1901', 'raw_name': 'A. S. Fotheringham'}"
25,25,research_reviewer_main,2025-06-24 18:51:46,raw_ref_to_json.py,"{'key': 'author-3', 'name': 'Martin Charlton', 's2_id': None, 'orcid': 'https://orcid.org/0000-0002-0622-393X', 'raw_name': 'M. E. Charlton'}"
25,25,research_reviewer_main,2025-06-24 18:51:46,raw_ref_to_json.py,"{'key': 'author-4', 'name': 'Wenbai Yang', 's2_id': None, 'orcid': 'https://orcid.org/0000-0003-3293-8389', 'raw_name': 'W. Yang'}"
25,25,research_reviewer_main,2025-06-24 18:51:46,raw_ref_to_json.py,"{'key': 'author-5', 'name': 'Wei Kang', 's2_id': None, 'orcid': 'https://orcid.org/0000-0002-1073-7781', 'raw_name': 'W. Kang'}"
25,25,research_reviewer_main,2025-06-24 18:51:46,raw_ref_to_json.py,"{'key': 'author-6', 'name': 'T. Gao', 's2_id': None, 'orcid': None, 'raw_name': 'T. Gao'}"
25,25,research_reviewer_main,2025-06-24 18:51:46,raw_ref_to_json.py,"{'key': 'author-7', 'name': 'J. Hullman', 's2_id': None, 'orcid': None, 'raw_name': 'J. Hullman'}"
25,25,research_reviewer_main,2025-06-24 18:51:46,raw_ref_to_json.py,"{'key': 'author-8', 'name': 'E. Adar', 's2_id': None, 'orcid': None, 'raw_name': 'E. Adar'}"
25,25,research_reviewer_main,2025-06-24 18:51:46,raw_ref_to_json.py,"{'key': 'author-9', 'name': 'B. Hecht', 's2_id': None, 'orcid': None, 'raw_name': 'B. Hecht'}"
25,25,research_reviewer_main,2025-06-24 18:51:46,raw_ref_to_json.py,"{'key': 'author-10', 'name': 'N. Diakopoulos', 's2_id': None, 'orcid': None, 'raw_name': 'N. Diakopoulos'}"
25,25,research_reviewer_main,2025-06-24 18:51:46,raw_ref_to_json.py,"{'key': 'author-11', 'name': 'Sarah Goodwin', 's2_id': None, 'orcid': 'https://orcid.org/0000-0001-8894-8282', 'raw_name': 'S. Goodwin'}"
25,25,research_reviewer_main,2025-06-24 18:51:46,raw_ref_to_json.py,"{'key': 'author-12', 'name': 'Jason Dykes', 's2_id': None, 'orcid': 'https://orcid.org/0000-0002-8096-5763', 'raw_name': 'J. Dykes'}"
25,25,research_reviewer_main,2025-06-24 18:51:46,raw_ref_to_json.py,"{'key': 'author-13', 'name': 'Aidan Slingsby', 's2_id': None, 'orcid': 'https://orcid.org/0000-0003-3941-553X', 'raw_name': 'A. Slingsby'}"
25,25,research_reviewer_main,2025-06-24 18:51:46,raw_ref_to_json.py,"{'key': 'author-14', 'name': 'Çağatay Turkay', 's2_id': None, 'orcid': 'https://orcid.org/0000-0001-6788-251X', 'raw_name': 'C. Turkay'}"
25,25,research_reviewer_main,2025-06-24 18:51:46,raw_ref_to_json.py,"{'key': 'author-15', 'name': 'Jabba Hutt', 's2_id': None, 'orcid': None, 'raw_name': 'Jabba Hutt'}"
25,25,research_reviewer_main,2025-06-24 18:51:46,raw_ref_to_json.py,"{'key': 'author-16', 'name': 'Robert Kosara', 's2_id': None, 'orcid': 'https://orcid.org/0000-0002-1178-4029', 'raw_name': 'R. Kosara'}"
25,25,research_reviewer_main,2025-06-24 18:51:46,raw_ref_to_json.py,"{'key': 'author-17', 'name': 'Jock D. Mackinlay', 's2_id': None, 'orcid': None, 'raw_name': 'J. Mackinlay'}"
25,25,research_reviewer_main,2025-06-24 18:51:46,raw_ref_to_json.py,"{'key': 'author-18', 'name': 'J. Krause', 's2_id': None, 'orcid': None, 'raw_name': 'J. Krause'}"
25,25,research_reviewer_main,2025-06-24 18:51:46,raw_ref_to_json.py,"{'key': 'author-19', 'name': 'A. Perer', 's2_id': None, 'orcid': None, 'raw_name': 'A. Perer'}"
25,25,research_reviewer_main,2025-06-24 18:51:46,raw_ref_to_json.py,"{'key': 'author-20', 'name': 'K. Ng', 's2_id': None, 'orcid': None, 'raw_name': 'K. Ng'}"
25,25,research_reviewer_main,2025-06-24 18:51:46,raw_ref_to_json.py,"{'key': 'author-21', 'name': 'Chufan Lai', 's2_id': None, 'orcid': 'https://orcid.org/0009-0002-2880-7335', 'raw_name': 'C. Lai'}"
25,25,research_reviewer_main,2025-06-24 18:51:46,raw_ref_to_json.py,"{'key': 'author-22', 'name': 'Zhixian Lin', 's2_id': None, 'orcid': None, 'raw_name': 'Z. Lin'}"
25,25,research_reviewer_main,2025-06-24 18:51:46,raw_ref_to_json.py,"{'key': 'author-23', 'name': 'Ruike Jiang', 's2_id': None, 'orcid': 'https://orcid.org/0000-0002-5001-5310', 'raw_name': 'R. Jiang'}"
25,25,research_reviewer_main,2025-06-24 18:51:46,raw_ref_to_json.py,"{'key': 'author-24', 'name': 'Yun Han', 's2_id': None, 'orcid': 'https://orcid.org/0000-0003-1410-8090', 'raw_name': 'Y. Han'}"
25,25,research_reviewer_main,2025-06-24 18:51:46,raw_ref_to_json.py,"{'key': 'author-25', 'name': 'Can Liu', 's2_id': None, 'orcid': 'https://orcid.org/0000-0002-1175-0734', 'raw_name': 'C. Liu'}"
25,25,research_reviewer_main,2025-06-24 18:51:46,raw_ref_to_json.py,"{'key': 'author-26', 'name': 'Xiaoru Yuan', 's2_id': None, 'orcid': 'https://orcid.org/0000-0002-7233-980X', 'raw_name': 'X. Yuan'}"
25,25,research_reviewer_main,2025-06-24 18:51:46,raw_ref_to_json.py,"{'key': 'author-27', 'name': 'Shahid Latif', 's2_id': None, 'orcid': 'https://orcid.org/0000-0003-2060-5122', 'raw_name': 'S. Latif'}"
25,25,research_reviewer_main,2025-06-24 18:51:46,raw_ref_to_json.py,"{'key': 'author-28', 'name': 'Fabian Beck', 's2_id': None, 'orcid': 'https://orcid.org/0000-0003-4042-3043', 'raw_name': 'F. Beck'}"
25,25,research_reviewer_main,2025-06-24 18:51:46,raw_ref_to_json.py,"{'key': 'author-29', 'name': 'Siming Chen', 's2_id': None, 'orcid': 'https://orcid.org/0000-0002-2690-3588', 'raw_name': 'S. Chen'}"
25,25,research_reviewer_main,2025-06-24 18:51:46,raw_ref_to_json.py,"{'key': 'author-30', 'name': 'Yafeng Lu', 's2_id': None, 'orcid': 'https://orcid.org/0000-0002-3978-9550', 'raw_name': 'Y. Lu'}"
25,25,research_reviewer_main,2025-06-24 18:51:46,raw_ref_to_json.py,"{'key': 'author-31', 'name': 'Rolando Garcia', 's2_id': None, 'orcid': None, 'raw_name': 'R. Garcia'}"
25,25,research_reviewer_main,2025-06-24 18:51:46,raw_ref_to_json.py,"{'key': 'author-32', 'name': 'Brett Hansen', 's2_id': None, 'orcid': None, 'raw_name': 'B. Hansen'}"
25,25,research_reviewer_main,2025-06-24 18:51:46,raw_ref_to_json.py,"{'key': 'author-33', 'name': 'Michael Gleicher', 's2_id': None, 'orcid': 'https://orcid.org/0000-0003-3295-4071', 'raw_name': 'M. Gleicher'}"
25,25,research_reviewer_main,2025-06-24 18:51:46,raw_ref_to_json.py,"{'key': 'author-34', 'name': 'Ross Maciejewski', 's2_id': None, 'orcid': 'https://orcid.org/0000-0001-8803-6355', 'raw_name': 'R. Maciejewski'}"
25,25,research_reviewer_main,2025-06-24 18:51:46,raw_ref_to_json.py,"{'key': 'author-35', 'name': 'Ming Yao', 's2_id': None, 'orcid': 'https://orcid.org/0000-0002-6377-6063', 'raw_name': 'Y. Ming'}"
25,25,research_reviewer_main,2025-06-24 18:51:46,raw_ref_to_json.py,"{'key': 'author-36', 'name': 'Huamin Qu', 's2_id': None, 'orcid': 'https://orcid.org/0000-0002-3344-9694', 'raw_name': 'H. Qu'}"
25,25,research_reviewer_main,2025-06-24 18:51:46,raw_ref_to_json.py,"{'key': 'author-37', 'name': 'Enrico Bertini', 's2_id': None, 'orcid': 'https://orcid.org/0000-0002-9932-0551', 'raw_name': 'E. Bertini'}"
25,25,research_reviewer_main,2025-06-24 18:51:46,raw_ref_to_json.py,"{'key': 'author-38', 'name': 'Thomas Mühlbacher', 's2_id': None, 'orcid': None, 'raw_name': 'T. Muhlbacher'}"
25,25,research_reviewer_main,2025-06-24 18:51:46,raw_ref_to_json.py,"{'key': 'author-39', 'name': 'Harald Piringer', 's2_id': None, 'orcid': None, 'raw_name': 'H. Piringer'}"
25,25,research_reviewer_main,2025-06-24 18:51:46,raw_ref_to_json.py,"{'key': 'author-40', 'name': 'Donghao Ren', 's2_id': None, 'orcid': 'https://orcid.org/0000-0001-8666-7241', 'raw_name': 'D. Ren'}"
25,25,research_reviewer_main,2025-06-24 18:51:46,raw_ref_to_json.py,"{'key': 'author-41', 'name': 'Matthew Brehmer', 's2_id': None, 'orcid': 'https://orcid.org/0000-0001-5524-2291', 'raw_name': 'M. Brehmer'}"
25,25,research_reviewer_main,2025-06-24 18:51:46,raw_ref_to_json.py,"{'key': 'author-42', 'name': 'Bongshin Lee', 's2_id': None, 'orcid': 'https://orcid.org/0000-0002-4217-627X', 'raw_name': 'B. Lee'}"
25,25,research_reviewer_main,2025-06-24 18:51:46,raw_ref_to_json.py,"{'key': 'author-43', 'name': 'Tobias Höllerer', 's2_id': None, 'orcid': 'https://orcid.org/0000-0002-6240-0291', 'raw_name': 'T. Hollerer'}"
25,25,research_reviewer_main,2025-06-24 18:51:46,raw_ref_to_json.py,"{'key': 'author-44', 'name': 'Eun Kyoung Choe', 's2_id': None, 'orcid': 'https://orcid.org/0000-0001-5038-8320', 'raw_name': 'E. K. Choe'}"
25,25,research_reviewer_main,2025-06-24 18:51:46,raw_ref_to_json.py,"{'key': 'author-45', 'name': 'Arvind Satyanarayan', 's2_id': None, 'orcid': 'https://orcid.org/0000-0001-5564-635X', 'raw_name': 'A. Satyanarayan'}"
25,25,research_reviewer_main,2025-06-24 18:51:46,raw_ref_to_json.py,"{'key': 'author-46', 'name': 'Jeffrey Heer', 's2_id': None, 'orcid': 'https://orcid.org/0000-0002-6175-1655', 'raw_name': 'J. Heer'}"
25,25,research_reviewer_main,2025-06-24 18:51:46,raw_ref_to_json.py,"{'key': 'author-47', 'name': 'Michael Sedlmair', 's2_id': None, 'orcid': 'https://orcid.org/0000-0001-7048-9292', 'raw_name': 'M. Sedlmair'}"
25,25,research_reviewer_main,2025-06-24 18:51:46,raw_ref_to_json.py,"{'key': 'author-48', 'name': 'Christoph Heinzl', 's2_id': None, 'orcid': 'https://orcid.org/0000-0002-3173-8871', 'raw_name': 'C. Heinzl'}"
25,25,research_reviewer_main,2025-06-24 18:51:46,raw_ref_to_json.py,"{'key': 'author-49', 'name': 'Stefan Brückner', 's2_id': None, 'orcid': 'https://orcid.org/0000-0002-0885-8402', 'raw_name': 'S. Bruckner'}"
25,25,research_reviewer_main,2025-06-24 18:51:46,raw_ref_to_json.py,"{'key': 'author-50', 'name': 'Torsten Möller', 's2_id': None, 'orcid': 'https://orcid.org/0000-0003-1192-0710', 'raw_name': 'T. Moller'}"
25,25,research_reviewer_main,2025-06-24 18:51:46,raw_ref_to_json.py,"{'key': 'author-51', 'name': 'Edward Segel', 's2_id': None, 'orcid': None, 'raw_name': 'E. Segel'}"
25,25,research_reviewer_main,2025-06-24 18:51:46,raw_ref_to_json.py,"{'key': 'author-52', 'name': 'Luke Skywalker', 's2_id': None, 'orcid': None, 'raw_name': 'Luke Skywalker'}"
25,25,research_reviewer_main,2025-06-24 18:51:46,raw_ref_to_json.py,"{'key': 'author-53', 'name': 'Obi-Wan Kenobi', 's2_id': None, 'orcid': None, 'raw_name': 'Obi-Wan Kenobi'}"
25,25,research_reviewer_main,2025-06-24 18:51:46,raw_ref_to_json.py,"{'key': 'author-54', 'name': 'Dirk Smeesters', 's2_id': None, 'orcid': None, 'raw_name': 'Dirk Smeesters'}"
25,25,research_reviewer_main,2025-06-24 18:51:46,raw_ref_to_json.py,"{'key': 'author-55', 'name': 'Jia Liu', 's2_id': None, 'orcid': 'https://orcid.org/0000-0003-0383-0934', 'raw_name': 'Jia Liu'}"
25,25,research_reviewer_main,2025-06-24 18:51:46,raw_ref_to_json.py,"{'key': 'author-56', 'name': 'Han Solo', 's2_id': None, 'orcid': None, 'raw_name': 'Han Solo'}"
25,25,research_reviewer_main,2025-06-24 18:51:46,raw_ref_to_json.py,"{'key': 'author-57', 'name': 'Leia Organa', 's2_id': None, 'orcid': None, 'raw_name': 'Leia Organa'}"
25,25,research_reviewer_main,2025-06-24 18:51:46,raw_ref_to_json.py,"{'key': 'author-58', 'name': 'Arjun Srinivasan', 's2_id': None, 'orcid': 'https://orcid.org/0000-0001-8901-1256', 'raw_name': 'A. Srinivasan'}"
25,25,research_reviewer_main,2025-06-24 18:51:46,raw_ref_to_json.py,"{'key': 'author-59', 'name': 'Steven M. Drucker', 's2_id': None, 'orcid': 'https://orcid.org/0000-0002-5022-9343', 'raw_name': 'S. M. Drucker'}"
25,25,research_reviewer_main,2025-06-24 18:51:46,raw_ref_to_json.py,"{'key': 'author-60', 'name': 'Alex Endert', 's2_id': None, 'orcid': 'https://orcid.org/0000-0002-6914-610X', 'raw_name': 'A. Endert'}"
25,25,research_reviewer_main,2025-06-24 18:51:46,raw_ref_to_json.py,"{'key': 'author-61', 'name': 'John Stasko', 's2_id': None, 'orcid': 'https://orcid.org/0000-0003-4129-7659', 'raw_name': 'J. Stasko'}"
25,25,research_reviewer_main,2025-06-24 18:51:46,raw_ref_to_json.py,"{'key': 'author-62', 'name': 'Masahiro Takatsuka', 's2_id': None, 'orcid': 'https://orcid.org/0000-0002-1769-9642', 'raw_name': 'M. Takatsuka'}"
25,25,research_reviewer_main,2025-06-24 18:51:46,raw_ref_to_json.py,"{'key': 'author-63', 'name': 'Mark Gahegan', 's2_id': None, 'orcid': 'https://orcid.org/0000-0001-7209-8156', 'raw_name': 'M. Gahegan'}"
25,25,research_reviewer_main,2025-06-24 18:51:46,raw_ref_to_json.py,"{'key': 'author-64', 'name': 'J. Talbot', 's2_id': None, 'orcid': None, 'raw_name': 'J. Talbot'}"
25,25,research_reviewer_main,2025-06-24 18:51:46,raw_ref_to_json.py,"{'key': 'author-65', 'name': 'A. Kapoor', 's2_id': None, 'orcid': None, 'raw_name': 'A. Kapoor'}"
25,25,research_reviewer_main,2025-06-24 18:51:46,raw_ref_to_json.py,"{'key': 'author-66', 'name': 'D. S. Tan', 's2_id': None, 'orcid': None, 'raw_name': 'D. S. Tan'}"
