refid,refid_value,projid,tstamp,filename,enriched_citation
1,1,research_reviewer_main,2025-06-23 21:25:43,raw_ref_to_json.py,"{'title': 'Geographically Weighted Regression: A Method for Exploring Spatial Nonstationarity', 'authors': ['author-1', 'author-2', 'author-3'], 'year': 1996, 'venue': 'venue-1', 'raw_venue': 'Geographical Analysis', 'citation_count': 0, 'fields_of_study': [{'id': 'https://openalex.org/C183115368', 'wikidata': 'https://www.wikidata.org/wiki/Q856577', 'display_name': 'Weighting', 'level': 2, 'score': 0.5591234}, {'id': 'https://openalex.org/C149782125', 'wikidata': 'https://www.wikidata.org/wiki/Q160039', 'display_name': 'Econometrics', 'level': 1, 'score': 0.5498866}, {'id': 'https://openalex.org/C152877465', 'wikidata': 'https://www.wikidata.org/wiki/Q208042', 'display_name': 'Regression analysis', 'level': 2, 'score': 0.46724772}, {'id': 'https://openalex.org/C83546350', 'wikidata': 'https://www.wikidata.org/wiki/Q1139051', 'display_name': 'Regression', 'level': 2, 'score': 0.45310447}, {'id': 'https://openalex.org/C57381214', 'wikidata': 'https://www.wikidata.org/wiki/Q55631393', 'display_name': 'Regression diagnostic', 'level': 4, 'score': 0.43200865}, {'id': 'https://openalex.org/C74193536', 'wikidata': 'https://www.wikidata.org/wiki/Q574844', 'display_name': 'Kernel (algebra)', 'level': 2, 'score': 0.4311947}, {'id': 'https://openalex.org/C105795698', 'wikidata': 'https://www.wikidata.org/wiki/Q12483', 'display_name': 'Statistics', 'level': 1, 'score': 0.42828384}, {'id': 'https://openalex.org/C191988596', 'wikidata': 'https://www.wikidata.org/wiki/Q628374', 'display_name': 'Null hypothesis', 'level': 2, 'score': 0.41306394}, {'id': 'https://openalex.org/C41008148', 'wikidata': 'https://www.wikidata.org/wiki/Q21198', 'display_name': 'Computer science', 'level': 0, 'score': 0.381736}, {'id': 'https://openalex.org/C33923547', 'wikidata': 'https://www.wikidata.org/wiki/Q395', 'display_name': 'Mathematics', 'level': 0, 'score': 0.33852097}, {'id': 'https://openalex.org/C120068334', 'wikidata': 'https://www.wikidata.org/wiki/Q45343', 'display_name': 'Polynomial regression', 'level': 3, 'score': 0.1839481}, {'id': 'https://openalex.org/C71924100', 'wikidata': 'https://www.wikidata.org/wiki/Q11190', 'display_name': 'Medicine', 'level': 0, 'score': 0.0}, {'id': 'https://openalex.org/C114614502', 'wikidata': 'https://www.wikidata.org/wiki/Q76592', 'display_name': 'Combinatorics', 'level': 1, 'score': 0.0}, {'id': 'https://openalex.org/C126838900', 'wikidata': 'https://www.wikidata.org/wiki/Q77604', 'display_name': 'Radiology', 'level': 1, 'score': 0.0}], 'external_ids': {'OpenAlex': 'https://openalex.org/W2047120335'}, 'semantic_scholar_id': None, 'arxiv_id': None, 'doi': 'https://doi.org/10.1111/j.1538-4632.1996.tb00936.x', 'ref_id': 1, 'reference_mentions': ['Various spatial prediction models [21] and spatial data analysis tools [24] have been developed to support geographic analysis. In this work, we focus on two local spatial models widely used in spatial analysis: Geographically Weighted Regression (GWR) [1], and its recent extension, Multiscale Geographically Weighted Regression (MGWR) [2]. GWR extends the classical linear regression model [20] by capturing spatial heterogeneity with influence spreading over the space in a constant scale. MGWR further improves GWR models where local influences are modeled in different spatial windows.', '- [1] C. Brunsdon, A. S. Fotheringham, and M. E. Charlton. Geographically weighted regression: A method for exploring spatial nonstationarity. _Geographical Analysis_, 28(4):281–298, 1996. doi: 10.1111/j. 1538-4632.1996.tb00936.x 1'], 'citation_key': 'citation-1'}"
2,2,research_reviewer_main,2025-06-23 21:25:43,raw_ref_to_json.py,"{'title': 'Multiscale Geographically Weighted Regression (MGWR)', 'authors': ['author-2', 'author-4', 'author-5'], 'year': 2017, 'venue': 'venue-1', 'raw_venue': 'Annals of the American Association of Geographers', 'citation_count': 0, 'fields_of_study': [{'id': 'https://openalex.org/C2778755073', 'wikidata': 'https://www.wikidata.org/wiki/Q10858537', 'display_name': 'Scale (ratio)', 'level': 2, 'score': 0.61235404}, {'id': 'https://openalex.org/C2910321205', 'wikidata': 'https://www.wikidata.org/wiki/Q1938983', 'display_name': 'Geographically Weighted Regression', 'level': 2, 'score': 0.607604}, {'id': 'https://openalex.org/C41008148', 'wikidata': 'https://www.wikidata.org/wiki/Q21198', 'display_name': 'Computer science', 'level': 0, 'score': 0.57766426}, {'id': 'https://openalex.org/C124101348', 'wikidata': 'https://www.wikidata.org/wiki/Q172491', 'display_name': 'Data mining', 'level': 1, 'score': 0.53097165}, {'id': 'https://openalex.org/C158709400', 'wikidata': 'https://www.wikidata.org/wiki/Q3578586', 'display_name': 'Spatial ecology', 'level': 2, 'score': 0.5103974}, {'id': 'https://openalex.org/C159620131', 'wikidata': 'https://www.wikidata.org/wiki/Q1938983', 'display_name': 'Spatial analysis', 'level': 2, 'score': 0.4911537}, {'id': 'https://openalex.org/C180478619', 'wikidata': 'https://www.wikidata.org/wiki/Q7574066', 'display_name': 'Spatial heterogeneity', 'level': 2, 'score': 0.41404253}, {'id': 'https://openalex.org/C205649164', 'wikidata': 'https://www.wikidata.org/wiki/Q1071', 'display_name': 'Geography', 'level': 0, 'score': 0.25248158}, {'id': 'https://openalex.org/C33923547', 'wikidata': 'https://www.wikidata.org/wiki/Q395', 'display_name': 'Mathematics', 'level': 0, 'score': 0.2424098}, {'id': 'https://openalex.org/C105795698', 'wikidata': 'https://www.wikidata.org/wiki/Q12483', 'display_name': 'Statistics', 'level': 1, 'score': 0.20963207}, {'id': 'https://openalex.org/C58640448', 'wikidata': 'https://www.wikidata.org/wiki/Q42515', 'display_name': 'Cartography', 'level': 1, 'score': 0.19349894}, {'id': 'https://openalex.org/C18903297', 'wikidata': 'https://www.wikidata.org/wiki/Q7150', 'display_name': 'Ecology', 'level': 1, 'score': 0.0}, {'id': 'https://openalex.org/C86803240', 'wikidata': 'https://www.wikidata.org/wiki/Q420', 'display_name': 'Biology', 'level': 0, 'score': 0.0}], 'external_ids': {'OpenAlex': 'https://openalex.org/W2747207142'}, 'semantic_scholar_id': None, 'arxiv_id': None, 'doi': 'https://doi.org/10.1080/24694452.2017.1352480', 'ref_id': 2, 'reference_mentions': ['Various spatial prediction models [21] and spatial data analysis tools [24] have been developed to support geographic analysis. In this work, we focus on two local spatial models widely used in spatial analysis: Geographically Weighted Regression (GWR) [1], and its recent extension, Multiscale Geographically Weighted Regression (MGWR) [2]. GWR extends the classical linear regression model [20] by capturing spatial heterogeneity with influence spreading over the space in a constant scale. MGWR further improves GWR models where local influences are modeled in different spatial windows.', '- [2] A. S. Fotheringham, W. Yang, and W. Kang. Multiscale geographically weighted regression (MGWR). _Annals of the American Association of Geographers_, 107(6):1247–1265, 2017. doi: 10.1080/ 24694452.2017.1352480 1'], 'citation_key': 'citation-1'}"
3,3,research_reviewer_main,2025-06-23 21:25:43,raw_ref_to_json.py,"{'title': 'NewsViews: An automated pipeline for creating custom geovisualizations for news', 'authors': ['author-6', 'author-7', 'author-8', 'author-9', 'author-10'], 'year': 2014, 'venue': 'venue-1', 'raw_venue': 'pp. 3005–3014', 'citation_count': 0, 'fields_of_study': [], 'external_ids': {}, 'semantic_scholar_id': None, 'arxiv_id': None, 'doi': '10.1145/2556288.2557228', 'ref_id': 3, 'reference_mentions': ['The design space of narrative visualization [18, 5] has been widely explored in the visualization community and a diverse set of storytelling and annotation methods have been developed to reveal observations in data and to convey key messages to an audience. Such narrative visualization techniques have been adopted by a variety of geovisual analytics applications [16] that have integrated story authoring tools with spatial data visualizations. For example, NewsViews [3] generates interactive maps with narrative annotations automatically from a given news article. Latif and Beck [10] introduce a bivariate map design that integrates template-based text annotations, and they later extend their work to investigate the interplay of text and visualization in geographic storytelling [11].', '- [3] T. Gao, J. Hullman, E. Adar, B. Hecht, and N. Diakopoulos. NewsViews: An automated pipeline for creating custom geovisualizations for news. _Proceedings of the ACM Conference on Human Factors in Computing Systems_, pp. 3005–3014, 2014. doi: 10.1145/ 2556288.2557228 1'], 'citation_key': 'citation-1'}"
4,4,research_reviewer_main,2025-06-23 21:25:43,raw_ref_to_json.py,"{'title': 'Visualizing Multiple Variables Across Scale and Geography', 'authors': ['author-11', 'author-12', 'author-13', 'author-14'], 'year': 2015, 'venue': 'venue-1', 'raw_venue': 'IEEE Transactions on Visualization and Computer Graphics', 'citation_count': 0, 'fields_of_study': [{'id': 'https://openalex.org/C2779808786', 'wikidata': 'https://www.wikidata.org/wiki/Q6664603', 'display_name': 'Locality', 'level': 2, 'score': 0.7801113}, {'id': 'https://openalex.org/C41008148', 'wikidata': 'https://www.wikidata.org/wiki/Q21198', 'display_name': 'Computer science', 'level': 0, 'score': 0.63115597}, {'id': 'https://openalex.org/C161584116', 'wikidata': 'https://www.wikidata.org/wiki/Q1952580', 'display_name': 'Multivariate statistics', 'level': 2, 'score': 0.55824304}, {'id': 'https://openalex.org/C36464697', 'wikidata': 'https://www.wikidata.org/wiki/Q451553', 'display_name': 'Visualization', 'level': 2, 'score': 0.55002844}, {'id': 'https://openalex.org/C2778755073', 'wikidata': 'https://www.wikidata.org/wiki/Q10858537', 'display_name': 'Scale (ratio)', 'level': 2, 'score': 0.54068774}, {'id': 'https://openalex.org/C124101348', 'wikidata': 'https://www.wikidata.org/wiki/Q172491', 'display_name': 'Data mining', 'level': 1, 'score': 0.52359164}, {'id': 'https://openalex.org/C182365436', 'wikidata': 'https://www.wikidata.org/wiki/Q50701', 'display_name': 'Variable (mathematics)', 'level': 2, 'score': 0.48285562}, {'id': 'https://openalex.org/C172367668', 'wikidata': 'https://www.wikidata.org/wiki/Q6504956', 'display_name': 'Data visualization', 'level': 3, 'score': 0.47112012}, {'id': 'https://openalex.org/C2522767166', 'wikidata': 'https://www.wikidata.org/wiki/Q2374463', 'display_name': 'Data science', 'level': 1, 'score': 0.46255675}, {'id': 'https://openalex.org/C59732488', 'wikidata': 'https://www.wikidata.org/wiki/Q2528440', 'display_name': 'Visual analytics', 'level': 3, 'score': 0.4613962}, {'id': 'https://openalex.org/C2779343474', 'wikidata': 'https://www.wikidata.org/wiki/Q3109175', 'display_name': 'Context (archaeology)', 'level': 2, 'score': 0.4432754}, {'id': 'https://openalex.org/C12380541', 'wikidata': 'https://www.wikidata.org/wiki/Q58300', 'display_name': 'Geovisualization', 'level': 4, 'score': 0.427939}, {'id': 'https://openalex.org/C185578843', 'wikidata': 'https://www.wikidata.org/wiki/Q10609775', 'display_name': 'Information visualization', 'level': 3, 'score': 0.2559135}, {'id': 'https://openalex.org/C205649164', 'wikidata': 'https://www.wikidata.org/wiki/Q1071', 'display_name': 'Geography', 'level': 0, 'score': 0.24398425}, {'id': 'https://openalex.org/C119857082', 'wikidata': 'https://www.wikidata.org/wiki/Q2539', 'display_name': 'Machine learning', 'level': 1, 'score': 0.22207245}, {'id': 'https://openalex.org/C58640448', 'wikidata': 'https://www.wikidata.org/wiki/Q42515', 'display_name': 'Cartography', 'level': 1, 'score': 0.20363623}, {'id': 'https://openalex.org/C33923547', 'wikidata': 'https://www.wikidata.org/wiki/Q395', 'display_name': 'Mathematics', 'level': 0, 'score': 0.14833647}, {'id': 'https://openalex.org/C134306372', 'wikidata': 'https://www.wikidata.org/wiki/Q7754', 'display_name': 'Mathematical analysis', 'level': 1, 'score': 0.0}, {'id': 'https://openalex.org/C138885662', 'wikidata': 'https://www.wikidata.org/wiki/Q5891', 'display_name': 'Philosophy', 'level': 0, 'score': 0.0}, {'id': 'https://openalex.org/C41895202', 'wikidata': 'https://www.wikidata.org/wiki/Q8162', 'display_name': 'Linguistics', 'level': 1, 'score': 0.0}, {'id': 'https://openalex.org/C166957645', 'wikidata': 'https://www.wikidata.org/wiki/Q23498', 'display_name': 'Archaeology', 'level': 1, 'score': 0.0}], 'external_ids': {'OpenAlex': 'https://openalex.org/W1922630791'}, 'semantic_scholar_id': None, 'arxiv_id': None, 'doi': 'https://doi.org/10.1109/tvcg.2015.2467199', 'ref_id': 4, 'reference_mentions': ['Most closely related to our work are the techniques that explain models from feature-level observation. Muhlbacher and ¨ Piringer [14] facilitated feature selection and optimization in regression models by partitioning the feature space into disjoint regions for visualization. Sedlmair et al. [17] proposed an abstract conceptual framework to discuss the visual parameter space analysis problems independent of the application domain. Goodwin et al. [4] extended visual parameter space analysis to the spatial domain, enabling the exploration of correlations between multiple variables that vary geographically at different spatial scales. While these techniques focus on explanations for domain experts, our work is designed to support explanations to experts and support their use of external information to contextualize these relationships and communicate their findings to a general audience. Our choice of text templates, as opposed to large language models, for narrative generation is to support control for reliability and reproducibility. All text generated must have a verifiable source and the generation of text for the analysis should always return the same results to ensure that the resulting analyses are not subject to misinformation.', '- [4] S. Goodwin, J. Dykes, A. Slingsby, and C. Turkay. Visualizing multiple variables across scale and geography. _IEEE Transactions on Visualization and Computer Graphics_, 22:599–608, 1 2016. doi: 10. 1109/TVCG.2015.2467199 2'], 'citation_key': 'citation-1'}"
5,5,research_reviewer_main,2025-06-23 21:25:43,raw_ref_to_json.py,"{'title': 'Visualization Rhetoric: Framing Effects in Narrative Visualization', 'authors': ['author-7', 'author-10'], 'year': 2011, 'venue': 'venue-1', 'raw_venue': 'IEEE Transactions on Visualization and Computer Graphics', 'citation_count': 0, 'fields_of_study': [{'id': 'https://openalex.org/C36464697', 'wikidata': 'https://www.wikidata.org/wiki/Q451553', 'display_name': 'Visualization', 'level': 2, 'score': 0.79622793}, {'id': 'https://openalex.org/C144430266', 'wikidata': 'https://www.wikidata.org/wiki/Q839721', 'display_name': 'Interactivity', 'level': 2, 'score': 0.7347064}, {'id': 'https://openalex.org/C41008148', 'wikidata': 'https://www.wikidata.org/wiki/Q21198', 'display_name': 'Computer science', 'level': 0, 'score': 0.6955757}, {'id': 'https://openalex.org/C199033989', 'wikidata': 'https://www.wikidata.org/wiki/Q1318295', 'display_name': 'Narrative', 'level': 2, 'score': 0.643844}, {'id': 'https://openalex.org/C1370556', 'wikidata': 'https://www.wikidata.org/wiki/Q81009', 'display_name': 'Rhetoric', 'level': 2, 'score': 0.6302061}, {'id': 'https://openalex.org/C185578843', 'wikidata': 'https://www.wikidata.org/wiki/Q10609775', 'display_name': 'Information visualization', 'level': 3, 'score': 0.623294}, {'id': 'https://openalex.org/C192562157', 'wikidata': 'https://www.wikidata.org/wiki/Q316694', 'display_name': 'Rhetorical question', 'level': 2, 'score': 0.5865254}, {'id': 'https://openalex.org/C169087156', 'wikidata': 'https://www.wikidata.org/wiki/Q2131593', 'display_name': 'Framing (construction)', 'level': 2, 'score': 0.5838043}, {'id': 'https://openalex.org/C527412718', 'wikidata': 'https://www.wikidata.org/wiki/Q855395', 'display_name': 'Interpretation (philosophy)', 'level': 2, 'score': 0.5080888}, {'id': 'https://openalex.org/C172367668', 'wikidata': 'https://www.wikidata.org/wiki/Q6504956', 'display_name': 'Data visualization', 'level': 3, 'score': 0.49569905}, {'id': 'https://openalex.org/C63985673', 'wikidata': 'https://www.wikidata.org/wiki/Q6966216', 'display_name': 'Narrative network', 'level': 5, 'score': 0.4251465}, {'id': 'https://openalex.org/C59732488', 'wikidata': 'https://www.wikidata.org/wiki/Q2528440', 'display_name': 'Visual analytics', 'level': 3, 'score': 0.41939878}, {'id': 'https://openalex.org/C107457646', 'wikidata': 'https://www.wikidata.org/wiki/Q207434', 'display_name': 'Human–computer interaction', 'level': 1, 'score': 0.36241305}, {'id': 'https://openalex.org/C2522767166', 'wikidata': 'https://www.wikidata.org/wiki/Q2374463', 'display_name': 'Data science', 'level': 1, 'score': 0.34457913}, {'id': 'https://openalex.org/C117893075', 'wikidata': 'https://www.wikidata.org/wiki/Q6966213', 'display_name': 'Narrative inquiry', 'level': 3, 'score': 0.32758468}, {'id': 'https://openalex.org/C136764020', 'wikidata': 'https://www.wikidata.org/wiki/Q466', 'display_name': 'World Wide Web', 'level': 1, 'score': 0.25471133}, {'id': 'https://openalex.org/C12772571', 'wikidata': 'https://www.wikidata.org/wiki/Q1965350', 'display_name': 'Narrative criticism', 'level': 4, 'score': 0.24969572}, {'id': 'https://openalex.org/C41895202', 'wikidata': 'https://www.wikidata.org/wiki/Q8162', 'display_name': 'Linguistics', 'level': 1, 'score': 0.1543862}, {'id': 'https://openalex.org/C154945302', 'wikidata': 'https://www.wikidata.org/wiki/Q11660', 'display_name': 'Artificial intelligence', 'level': 1, 'score': 0.1406241}, {'id': 'https://openalex.org/C138885662', 'wikidata': 'https://www.wikidata.org/wiki/Q5891', 'display_name': 'Philosophy', 'level': 0, 'score': 0.0}, {'id': 'https://openalex.org/C66938386', 'wikidata': 'https://www.wikidata.org/wiki/Q633538', 'display_name': 'Structural engineering', 'level': 1, 'score': 0.0}, {'id': 'https://openalex.org/C127413603', 'wikidata': 'https://www.wikidata.org/wiki/Q11023', 'display_name': 'Engineering', 'level': 0, 'score': 0.0}, {'id': 'https://openalex.org/C199360897', 'wikidata': 'https://www.wikidata.org/wiki/Q9143', 'display_name': 'Programming language', 'level': 1, 'score': 0.0}], 'external_ids': {'OpenAlex': 'https://openalex.org/W2108982845'}, 'semantic_scholar_id': None, 'arxiv_id': None, 'doi': 'https://doi.org/10.1109/tvcg.2011.255', 'ref_id': 5, 'reference_mentions': ['The design space of narrative visualization [18, 5] has been widely explored in the visualization community and a diverse set of storytelling and annotation methods have been developed to reveal observations in data and to convey key messages to an audience. Such narrative visualization techniques have been adopted by a variety of geovisual analytics applications [16] that have integrated story authoring tools with spatial data visualizations. For example, NewsViews [3] generates interactive maps with narrative annotations automatically from a given news article. Latif and Beck [10] introduce a bivariate map design that integrates template-based text annotations, and they later extend their work to investigate the interplay of text and visualization in geographic storytelling [11].', '- [5] J. Hullman and N. Diakopoulos. Visualization rhetoric: Framing effects in narrative visualization. _IEEE Transactions on Visualization and Computer Graphics_, 17(12):2231–2240, 2011. doi: 10.1109/ TVCG.2011.255 1'], 'citation_key': 'citation-1'}"
6,6,research_reviewer_main,2025-06-23 21:25:43,raw_ref_to_json.py,"{'title': 'Artificial reference paper 4', 'authors': ['author-15'], 'year': 2025, 'venue': 'venue-1', 'raw_venue': '_Fake Journal 2_', 'citation_count': 0, 'fields_of_study': [], 'external_ids': {}, 'semantic_scholar_id': None, 'arxiv_id': None, 'doi': '10.1080/13658816.2020.1720692', 'ref_id': 6, 'reference_mentions': ['Support for a variety of spatial models is integrated into the most widely used geographic information systems (GIS). However, these systems and notebooks do not support integrated external knowledge sources to help contextualize models [6]. They also require analysts to judiciously choose the proper tools at every stage of the analytical pipeline to build a well-trained model. This process necessitates a solid foundation in geographical concepts and can be time-consuming, even for seasoned analysts. Our goal is to enhance the spatial modeling process through a deliberately designed userfriendly workflow and automatically generated explanatory narratives guided by domain experts to promote the understanding of local contextual information from models. Our work focuses on improving model explainability, enabling interactive report authoring, and supporting contextualization through narrative generation. This is important in local models such as GWR and MGWR because the main output from such models is a set of local parameter estimates from each process being modeled, and the spatial variation in these estimates needs to be explained in terms of the contextualized environment of each location by providing additional contextual information for users.', '- [6] J. Hutt. Artificial reference paper 4. _Fake Journal 2_, 10(2):1–4, 2025. doi: 10.1080/13658816.2020.1720692 1'], 'citation_key': 'citation-1'}"
7,7,research_reviewer_main,2025-06-23 21:25:43,raw_ref_to_json.py,"{'title': 'Storytelling: The Next Step for Visualization', 'authors': ['author-16', 'author-17'], 'year': 2013, 'venue': 'venue-1', 'raw_venue': '_Computer_', 'citation_count': 0, 'fields_of_study': [{'id': 'https://openalex.org/C41008148', 'wikidata': 'https://www.wikidata.org/wiki/Q21198', 'display_name': 'Computer science', 'level': 0, 'score': 0.8512155}, {'id': 'https://openalex.org/C36464697', 'wikidata': 'https://www.wikidata.org/wiki/Q451553', 'display_name': 'Visualization', 'level': 2, 'score': 0.73311126}, {'id': 'https://openalex.org/C2776538412', 'wikidata': 'https://www.wikidata.org/wiki/Q989963', 'display_name': 'Storytelling', 'level': 3, 'score': 0.7125526}, {'id': 'https://openalex.org/C172367668', 'wikidata': 'https://www.wikidata.org/wiki/Q6504956', 'display_name': 'Data visualization', 'level': 3, 'score': 0.45415512}, {'id': 'https://openalex.org/C107457646', 'wikidata': 'https://www.wikidata.org/wiki/Q207434', 'display_name': 'Human–computer interaction', 'level': 1, 'score': 0.44045046}, {'id': 'https://openalex.org/C49774154', 'wikidata': 'https://www.wikidata.org/wiki/Q131765', 'display_name': 'Multimedia', 'level': 1, 'score': 0.39378357}, {'id': 'https://openalex.org/C121684516', 'wikidata': 'https://www.wikidata.org/wiki/Q7600677', 'display_name': 'Computer graphics (images)', 'level': 1, 'score': 0.39046153}, {'id': 'https://openalex.org/C136764020', 'wikidata': 'https://www.wikidata.org/wiki/Q466', 'display_name': 'World Wide Web', 'level': 1, 'score': 0.36869556}, {'id': 'https://openalex.org/C2522767166', 'wikidata': 'https://www.wikidata.org/wiki/Q2374463', 'display_name': 'Data science', 'level': 1, 'score': 0.33651778}, {'id': 'https://openalex.org/C199033989', 'wikidata': 'https://www.wikidata.org/wiki/Q1318295', 'display_name': 'Narrative', 'level': 2, 'score': 0.26546}, {'id': 'https://openalex.org/C154945302', 'wikidata': 'https://www.wikidata.org/wiki/Q11660', 'display_name': 'Artificial intelligence', 'level': 1, 'score': 0.17702144}, {'id': 'https://openalex.org/C138885662', 'wikidata': 'https://www.wikidata.org/wiki/Q5891', 'display_name': 'Philosophy', 'level': 0, 'score': 0.0}, {'id': 'https://openalex.org/C41895202', 'wikidata': 'https://www.wikidata.org/wiki/Q8162', 'display_name': 'Linguistics', 'level': 1, 'score': 0.0}], 'external_ids': {'OpenAlex': 'https://openalex.org/W2163805179'}, 'semantic_scholar_id': None, 'arxiv_id': None, 'doi': 'https://doi.org/10.1109/mc.2013.36', 'ref_id': 7, 'reference_mentions': ['In this paper, we present a visual analytics framework designed to support spatial data modeling, analysis and reporting. Our approach is inspired by research in explainable machine learning [21] and a combination of narrative visualization [18] and storytelling techniques [7]. The framework provides multiple types of explanation support throughout the spatial analysis pipeline. In the model calibration stage, our framework interprets the functionality of the spatial model configuration and recommends parameter settings. Then, the framework summarizes and explains model outputs by adopting template-based text annotations, linking with external knowledge repositories to provide relevant contextual information. All visualizations, model results, and annotations can be captured in an interactive report authoring widget, enabling analysts to generate documentation that explains their spatial analyses.', 'Many of these systems utilize annotations to enhance the visual narratives, and Kosara and Mackinlay [7] emphasize the importance of annotations for facilitating storytelling in visualization. Recent annotation work [15] has focused on the semi-automatic creation', '- [7] R. Kosara and J. Mackinlay. Storytelling: The next step for visualization. _Computer_, 46(5):44–50, 2013. doi: 10.1109/MC.2013.36 1'], 'citation_key': 'citation-1'}"
8,8,research_reviewer_main,2025-06-23 21:25:43,raw_ref_to_json.py,"{'title': 'Interacting with predictions: Visual inspection of black-box machine learning models', 'authors': ['author-18', 'author-19', 'author-20'], 'year': 2016, 'venue': 'venue-1', 'raw_venue': 'pp. 5686–5697', 'citation_count': 0, 'fields_of_study': [], 'external_ids': {}, 'semantic_scholar_id': None, 'arxiv_id': None, 'doi': '10.1145/2858036.2858529', 'ref_id': 8, 'reference_mentions': [""Narrative visualization is directly related to the concept of explainability, where the visualization authors seek to couple images and text to explain an underlying data analysis. With respect to model explainability, the visual analytics community has developed a variety of systems to support the interactive explanation of machine learning models (e.g. [22, 12]). Several model-independent approaches, e.g. EnsembleMatrix [25] and RuleMatrix [13], focus on the classifier's input-output behaviors to provide insight into the model classification results. EnsembleMatrix provides a visual summary of the model outputs, RuleMatrix uses a matrix-based visualization to explain classification results, and Prospector [8] explores the relationship between feature values and predictions by using partial dependence diagnostics."", '- [8] J. Krause, A. Perer, and K. Ng. Interacting with predictions: Visual inspection of black-box machine learning models. In _Proceedings of the ACM Conference on Human Factors in Computing Systems_, pp. 5686–5697, 2016. doi: 10.1145/2858036.2858529 2'], 'citation_key': 'citation-1'}"
9,9,research_reviewer_main,2025-06-23 21:25:43,raw_ref_to_json.py,"{'title': 'Automatic Annotation Synchronizing with Textual Description for Visualization', 'authors': ['author-21', 'author-22', 'author-23', 'author-24', 'author-25', 'author-26'], 'year': 2020, 'venue': 'venue-1', 'raw_venue': 'pp. 1–13', 'citation_count': 0, 'fields_of_study': [{'id': 'https://openalex.org/C41008148', 'wikidata': 'https://www.wikidata.org/wiki/Q21198', 'display_name': 'Computer science', 'level': 0, 'score': 0.90069175}, {'id': 'https://openalex.org/C162932704', 'wikidata': 'https://www.wikidata.org/wiki/Q1058791', 'display_name': 'Synchronizing', 'level': 3, 'score': 0.75185287}, {'id': 'https://openalex.org/C36464697', 'wikidata': 'https://www.wikidata.org/wiki/Q451553', 'display_name': 'Visualization', 'level': 2, 'score': 0.72613573}, {'id': 'https://openalex.org/C502989409', 'wikidata': 'https://www.wikidata.org/wiki/Q11425', 'display_name': 'Animation', 'level': 2, 'score': 0.71811163}, {'id': 'https://openalex.org/C170130773', 'wikidata': 'https://www.wikidata.org/wiki/Q216378', 'display_name': 'Usability', 'level': 2, 'score': 0.66955286}, {'id': 'https://openalex.org/C186644900', 'wikidata': 'https://www.wikidata.org/wiki/Q194152', 'display_name': 'Parsing', 'level': 2, 'score': 0.6032105}, {'id': 'https://openalex.org/C116834253', 'wikidata': 'https://www.wikidata.org/wiki/Q2039217', 'display_name': 'Identification (biology)', 'level': 2, 'score': 0.56386936}, {'id': 'https://openalex.org/C23123220', 'wikidata': 'https://www.wikidata.org/wiki/Q816826', 'display_name': 'Information retrieval', 'level': 1, 'score': 0.55441487}, {'id': 'https://openalex.org/C170858558', 'wikidata': 'https://www.wikidata.org/wiki/Q1394144', 'display_name': 'Automatic summarization', 'level': 2, 'score': 0.5498219}, {'id': 'https://openalex.org/C2776321320', 'wikidata': 'https://www.wikidata.org/wiki/Q857525', 'display_name': 'Annotation', 'level': 2, 'score': 0.5325068}, {'id': 'https://openalex.org/C2777530160', 'wikidata': 'https://www.wikidata.org/wiki/Q41796', 'display_name': 'Sentence', 'level': 2, 'score': 0.48038036}, {'id': 'https://openalex.org/C2777601897', 'wikidata': 'https://www.wikidata.org/wiki/Q3409113', 'display_name': 'Presentation (obstetrics)', 'level': 2, 'score': 0.47402456}, {'id': 'https://openalex.org/C154945302', 'wikidata': 'https://www.wikidata.org/wiki/Q11660', 'display_name': 'Artificial intelligence', 'level': 1, 'score': 0.4233025}, {'id': 'https://openalex.org/C107457646', 'wikidata': 'https://www.wikidata.org/wiki/Q207434', 'display_name': 'Human–computer interaction', 'level': 1, 'score': 0.4124354}, {'id': 'https://openalex.org/C204321447', 'wikidata': 'https://www.wikidata.org/wiki/Q30642', 'display_name': 'Natural language processing', 'level': 1, 'score': 0.37678257}, {'id': 'https://openalex.org/C121684516', 'wikidata': 'https://www.wikidata.org/wiki/Q7600677', 'display_name': 'Computer graphics (images)', 'level': 1, 'score': 0.21897244}, {'id': 'https://openalex.org/C71924100', 'wikidata': 'https://www.wikidata.org/wiki/Q11190', 'display_name': 'Medicine', 'level': 0, 'score': 0.0}, {'id': 'https://openalex.org/C76155785', 'wikidata': 'https://www.wikidata.org/wiki/Q418', 'display_name': 'Telecommunications', 'level': 1, 'score': 0.0}, {'id': 'https://openalex.org/C59822182', 'wikidata': 'https://www.wikidata.org/wiki/Q441', 'display_name': 'Botany', 'level': 1, 'score': 0.0}, {'id': 'https://openalex.org/C126838900', 'wikidata': 'https://www.wikidata.org/wiki/Q77604', 'display_name': 'Radiology', 'level': 1, 'score': 0.0}, {'id': 'https://openalex.org/C761482', 'wikidata': 'https://www.wikidata.org/wiki/Q118093', 'display_name': 'Transmission (telecommunications)', 'level': 2, 'score': 0.0}, {'id': 'https://openalex.org/C86803240', 'wikidata': 'https://www.wikidata.org/wiki/Q420', 'display_name': 'Biology', 'level': 0, 'score': 0.0}], 'external_ids': {'OpenAlex': 'https://openalex.org/W3031494326'}, 'semantic_scholar_id': None, 'arxiv_id': None, 'doi': 'https://doi.org/10.1145/3313831.3376443', 'ref_id': 9, 'reference_mentions': ['of presentation-like storytelling visualizations and explored mechanisms for automatically generating annotations by integrating deeplearning feature extraction techniques with a natural language generation process [9]. Annotations in such systems are used to describe salient patterns and facilitate storytelling [23].', '- [9] C. Lai, Z. Lin, R. Jiang, Y. Han, C. Liu, and X. Yuan. Automatic annotation synchronizing with textual description for visualization. _Proceedings of the ACM Conference on Human Factors in Computing Systems_, pp. 1–13, 2020. doi: 10.1145/3313831.3376443 2'], 'citation_key': 'citation-1'}"
10,10,research_reviewer_main,2025-06-23 21:25:43,raw_ref_to_json.py,"{'title': 'Interactive map reports summarizing bivariate geographic data', 'authors': ['author-27', 'author-28'], 'year': 2019, 'venue': 'venue-1', 'raw_venue': '_Visual Informatics_', 'citation_count': 0, 'fields_of_study': [{'id': 'https://openalex.org/C64341305', 'wikidata': 'https://www.wikidata.org/wiki/Q4919225', 'display_name': 'Bivariate analysis', 'level': 2, 'score': 0.82727915}, {'id': 'https://openalex.org/C36464697', 'wikidata': 'https://www.wikidata.org/wiki/Q451553', 'display_name': 'Visualization', 'level': 2, 'score': 0.8226297}, {'id': 'https://openalex.org/C41008148', 'wikidata': 'https://www.wikidata.org/wiki/Q21198', 'display_name': 'Computer science', 'level': 0, 'score': 0.73198366}, {'id': 'https://openalex.org/C199163554', 'wikidata': 'https://www.wikidata.org/wiki/Q1681619', 'display_name': 'Univariate', 'level': 3, 'score': 0.69257474}, {'id': 'https://openalex.org/C148264743', 'wikidata': 'https://www.wikidata.org/wiki/Q4919224', 'display_name': 'Bivariate data', 'level': 3, 'score': 0.6744417}, {'id': 'https://openalex.org/C79337645', 'wikidata': 'https://www.wikidata.org/wiki/Q779824', 'display_name': 'Outlier', 'level': 2, 'score': 0.64662564}, {'id': 'https://openalex.org/C2780598303', 'wikidata': 'https://www.wikidata.org/wiki/Q65921492', 'display_name': 'Flexibility (engineering)', 'level': 2, 'score': 0.5315556}, {'id': 'https://openalex.org/C172367668', 'wikidata': 'https://www.wikidata.org/wiki/Q6504956', 'display_name': 'Data visualization', 'level': 3, 'score': 0.52295595}, {'id': 'https://openalex.org/C185578843', 'wikidata': 'https://www.wikidata.org/wiki/Q10609775', 'display_name': 'Information visualization', 'level': 3, 'score': 0.4881228}, {'id': 'https://openalex.org/C23123220', 'wikidata': 'https://www.wikidata.org/wiki/Q816826', 'display_name': 'Information retrieval', 'level': 1, 'score': 0.47964913}, {'id': 'https://openalex.org/C124101348', 'wikidata': 'https://www.wikidata.org/wiki/Q172491', 'display_name': 'Data mining', 'level': 1, 'score': 0.47605392}, {'id': 'https://openalex.org/C64073096', 'wikidata': 'https://www.wikidata.org/wiki/Q451553', 'display_name': 'Interactive visualization', 'level': 3, 'score': 0.4568693}, {'id': 'https://openalex.org/C12380541', 'wikidata': 'https://www.wikidata.org/wiki/Q58300', 'display_name': 'Geovisualization', 'level': 4, 'score': 0.4433759}, {'id': 'https://openalex.org/C2522767166', 'wikidata': 'https://www.wikidata.org/wiki/Q2374463', 'display_name': 'Data science', 'level': 1, 'score': 0.39644647}, {'id': 'https://openalex.org/C154945302', 'wikidata': 'https://www.wikidata.org/wiki/Q11660', 'display_name': 'Artificial intelligence', 'level': 1, 'score': 0.2828192}, {'id': 'https://openalex.org/C161584116', 'wikidata': 'https://www.wikidata.org/wiki/Q1952580', 'display_name': 'Multivariate statistics', 'level': 2, 'score': 0.26023448}, {'id': 'https://openalex.org/C119857082', 'wikidata': 'https://www.wikidata.org/wiki/Q2539', 'display_name': 'Machine learning', 'level': 1, 'score': 0.1893628}, {'id': 'https://openalex.org/C105795698', 'wikidata': 'https://www.wikidata.org/wiki/Q12483', 'display_name': 'Statistics', 'level': 1, 'score': 0.14903966}, {'id': 'https://openalex.org/C33923547', 'wikidata': 'https://www.wikidata.org/wiki/Q395', 'display_name': 'Mathematics', 'level': 0, 'score': 0.08651525}], 'external_ids': {'OpenAlex': 'https://openalex.org/W2923187851'}, 'semantic_scholar_id': None, 'arxiv_id': None, 'doi': 'https://doi.org/10.1016/j.visinf.2019.03.004', 'ref_id': 10, 'reference_mentions': ['The design space of narrative visualization [18, 5] has been widely explored in the visualization community and a diverse set of storytelling and annotation methods have been developed to reveal observations in data and to convey key messages to an audience. Such narrative visualization techniques have been adopted by a variety of geovisual analytics applications [16] that have integrated story authoring tools with spatial data visualizations. For example, NewsViews [3] generates interactive maps with narrative annotations automatically from a given news article. Latif and Beck [10] introduce a bivariate map design that integrates template-based text annotations, and they later extend their work to investigate the interplay of text and visualization in geographic storytelling [11].', '- [10] S. Latif and F. Beck. Interactive map reports summarizing bivariate geographic data. _Visual Informatics_, 3(1):27–37, 2019. doi: 10.1016/j .visinf.2019.03.004 1'], 'citation_key': 'citation-1'}"
11,11,research_reviewer_main,2025-06-23 21:25:43,raw_ref_to_json.py,"{'title': 'A Deeper Understanding of Visualization‐Text Interplay in Geographic Data‐driven Stories', 'authors': ['author-27', 'author-29', 'author-28'], 'year': 2021, 'venue': 'venue-1', 'raw_venue': 'Computer Graphics Forum', 'citation_count': 0, 'fields_of_study': [{'id': 'https://openalex.org/C199033989', 'wikidata': 'https://www.wikidata.org/wiki/Q1318295', 'display_name': 'Narrative', 'level': 2, 'score': 0.7906942}, {'id': 'https://openalex.org/C36464697', 'wikidata': 'https://www.wikidata.org/wiki/Q451553', 'display_name': 'Visualization', 'level': 2, 'score': 0.7081024}, {'id': 'https://openalex.org/C41008148', 'wikidata': 'https://www.wikidata.org/wiki/Q21198', 'display_name': 'Computer science', 'level': 0, 'score': 0.688704}, {'id': 'https://openalex.org/C136197465', 'wikidata': 'https://www.wikidata.org/wiki/Q1729295', 'display_name': 'Variety (cybernetics)', 'level': 2, 'score': 0.58778226}, {'id': 'https://openalex.org/C2522767166', 'wikidata': 'https://www.wikidata.org/wiki/Q2374463', 'display_name': 'Data science', 'level': 1, 'score': 0.49861145}, {'id': 'https://openalex.org/C172367668', 'wikidata': 'https://www.wikidata.org/wiki/Q6504956', 'display_name': 'Data visualization', 'level': 3, 'score': 0.47064158}, {'id': 'https://openalex.org/C2777530160', 'wikidata': 'https://www.wikidata.org/wiki/Q41796', 'display_name': 'Sentence', 'level': 2, 'score': 0.45065117}, {'id': 'https://openalex.org/C192209626', 'wikidata': 'https://www.wikidata.org/wiki/Q190909', 'display_name': 'Focus (optics)', 'level': 2, 'score': 0.44566667}, {'id': 'https://openalex.org/C112313634', 'wikidata': 'https://www.wikidata.org/wiki/Q7886648', 'display_name': 'Complement (music)', 'level': 5, 'score': 0.42988345}, {'id': 'https://openalex.org/C136764020', 'wikidata': 'https://www.wikidata.org/wiki/Q466', 'display_name': 'World Wide Web', 'level': 1, 'score': 0.35396692}, {'id': 'https://openalex.org/C154945302', 'wikidata': 'https://www.wikidata.org/wiki/Q11660', 'display_name': 'Artificial intelligence', 'level': 1, 'score': 0.18501127}, {'id': 'https://openalex.org/C41895202', 'wikidata': 'https://www.wikidata.org/wiki/Q8162', 'display_name': 'Linguistics', 'level': 1, 'score': 0.15864143}, {'id': 'https://openalex.org/C55493867', 'wikidata': 'https://www.wikidata.org/wiki/Q7094', 'display_name': 'Biochemistry', 'level': 1, 'score': 0.0}, {'id': 'https://openalex.org/C138885662', 'wikidata': 'https://www.wikidata.org/wiki/Q5891', 'display_name': 'Philosophy', 'level': 0, 'score': 0.0}, {'id': 'https://openalex.org/C121332964', 'wikidata': 'https://www.wikidata.org/wiki/Q413', 'display_name': 'Physics', 'level': 0, 'score': 0.0}, {'id': 'https://openalex.org/C185592680', 'wikidata': 'https://www.wikidata.org/wiki/Q2329', 'display_name': 'Chemistry', 'level': 0, 'score': 0.0}, {'id': 'https://openalex.org/C188082640', 'wikidata': 'https://www.wikidata.org/wiki/Q1780899', 'display_name': 'Complementation', 'level': 4, 'score': 0.0}, {'id': 'https://openalex.org/C120665830', 'wikidata': 'https://www.wikidata.org/wiki/Q14620', 'display_name': 'Optics', 'level': 1, 'score': 0.0}, {'id': 'https://openalex.org/C104317684', 'wikidata': 'https://www.wikidata.org/wiki/Q7187', 'display_name': 'Gene', 'level': 2, 'score': 0.0}, {'id': 'https://openalex.org/C127716648', 'wikidata': 'https://www.wikidata.org/wiki/Q104053', 'display_name': 'Phenotype', 'level': 3, 'score': 0.0}], 'external_ids': {'OpenAlex': 'https://openalex.org/W3175903777'}, 'semantic_scholar_id': None, 'arxiv_id': None, 'doi': 'https://doi.org/10.1111/cgf.14309', 'ref_id': 11, 'reference_mentions': ['The design space of narrative visualization [18, 5] has been widely explored in the visualization community and a diverse set of storytelling and annotation methods have been developed to reveal observations in data and to convey key messages to an audience. Such narrative visualization techniques have been adopted by a variety of geovisual analytics applications [16] that have integrated story authoring tools with spatial data visualizations. For example, NewsViews [3] generates interactive maps with narrative annotations automatically from a given news article. Latif and Beck [10] introduce a bivariate map design that integrates template-based text annotations, and they later extend their work to investigate the interplay of text and visualization in geographic storytelling [11].', '- [11] S. Latif, S. Chen, and F. Beck. A deeper understanding of visualization-text interplay in geographic data-driven stories. _Computer Graphics Forum_, 40(3):311–322, 2021. doi: 10.1111/cgf.14309 1'], 'citation_key': 'citation-1'}"
12,12,research_reviewer_main,2025-06-23 21:25:43,raw_ref_to_json.py,"{'title': 'The State‐of‐the‐Art in Predictive Visual Analytics', 'authors': ['author-30', 'author-31', 'author-32', 'author-33', 'author-34'], 'year': 2017, 'venue': 'venue-1', 'raw_venue': 'Computer Graphics Forum', 'citation_count': 0, 'fields_of_study': [{'id': 'https://openalex.org/C59732488', 'wikidata': 'https://www.wikidata.org/wiki/Q2528440', 'display_name': 'Visual analytics', 'level': 3, 'score': 0.8384055}, {'id': 'https://openalex.org/C41008148', 'wikidata': 'https://www.wikidata.org/wiki/Q21198', 'display_name': 'Computer science', 'level': 0, 'score': 0.79064494}, {'id': 'https://openalex.org/C545860419', 'wikidata': 'https://www.wikidata.org/wiki/Q5193251', 'display_name': 'Cultural analytics', 'level': 5, 'score': 0.70043474}, {'id': 'https://openalex.org/C79158427', 'wikidata': 'https://www.wikidata.org/wiki/Q485396', 'display_name': 'Analytics', 'level': 2, 'score': 0.6990821}, {'id': 'https://openalex.org/C83209312', 'wikidata': 'https://www.wikidata.org/wiki/Q1053367', 'display_name': 'Predictive analytics', 'level': 2, 'score': 0.6669907}, {'id': 'https://openalex.org/C2522767166', 'wikidata': 'https://www.wikidata.org/wiki/Q2374463', 'display_name': 'Data science', 'level': 1, 'score': 0.6190355}, {'id': 'https://openalex.org/C43521106', 'wikidata': 'https://www.wikidata.org/wiki/Q2165493', 'display_name': 'Pipeline (software)', 'level': 2, 'score': 0.5942843}, {'id': 'https://openalex.org/C99740376', 'wikidata': 'https://www.wikidata.org/wiki/Q17092520', 'display_name': 'Interactive visual analysis', 'level': 4, 'score': 0.56215984}, {'id': 'https://openalex.org/C36464697', 'wikidata': 'https://www.wikidata.org/wiki/Q451553', 'display_name': 'Visualization', 'level': 2, 'score': 0.56099993}, {'id': 'https://openalex.org/C37952496', 'wikidata': 'https://www.wikidata.org/wiki/Q5001829', 'display_name': 'Business analytics', 'level': 4, 'score': 0.49068415}, {'id': 'https://openalex.org/C119857082', 'wikidata': 'https://www.wikidata.org/wiki/Q2539', 'display_name': 'Machine learning', 'level': 1, 'score': 0.47956532}, {'id': 'https://openalex.org/C171981572', 'wikidata': 'https://www.wikidata.org/wiki/Q7554239', 'display_name': 'Software analytics', 'level': 5, 'score': 0.4600539}, {'id': 'https://openalex.org/C154945302', 'wikidata': 'https://www.wikidata.org/wiki/Q11660', 'display_name': 'Artificial intelligence', 'level': 1, 'score': 0.45019084}, {'id': 'https://openalex.org/C172367668', 'wikidata': 'https://www.wikidata.org/wiki/Q6504956', 'display_name': 'Data visualization', 'level': 3, 'score': 0.42820305}, {'id': 'https://openalex.org/C148792806', 'wikidata': 'https://www.wikidata.org/wiki/Q7449046', 'display_name': 'Semantic analytics', 'level': 4, 'score': 0.28207934}, {'id': 'https://openalex.org/C2777904410', 'wikidata': 'https://www.wikidata.org/wiki/Q7397', 'display_name': 'Software', 'level': 2, 'score': 0.0821386}, {'id': 'https://openalex.org/C2129575', 'wikidata': 'https://www.wikidata.org/wiki/Q54837', 'display_name': 'Semantic Web', 'level': 2, 'score': 0.0}, {'id': 'https://openalex.org/C167379230', 'wikidata': 'https://www.wikidata.org/wiki/Q1026884', 'display_name': 'Semantic Web Stack', 'level': 3, 'score': 0.0}, {'id': 'https://openalex.org/C189076506', 'wikidata': 'https://www.wikidata.org/wiki/Q1518232', 'display_name': 'Business analysis', 'level': 3, 'score': 0.0}, {'id': 'https://openalex.org/C199360897', 'wikidata': 'https://www.wikidata.org/wiki/Q9143', 'display_name': 'Programming language', 'level': 1, 'score': 0.0}, {'id': 'https://openalex.org/C186846655', 'wikidata': 'https://www.wikidata.org/wiki/Q3398377', 'display_name': 'Software construction', 'level': 4, 'score': 0.0}, {'id': 'https://openalex.org/C4216890', 'wikidata': 'https://www.wikidata.org/wiki/Q815823', 'display_name': 'Business model', 'level': 2, 'score': 0.0}, {'id': 'https://openalex.org/C162853370', 'wikidata': 'https://www.wikidata.org/wiki/Q39809', 'display_name': 'Marketing', 'level': 1, 'score': 0.0}, {'id': 'https://openalex.org/C149091818', 'wikidata': 'https://www.wikidata.org/wiki/Q2429814', 'display_name': 'Software system', 'level': 3, 'score': 0.0}, {'id': 'https://openalex.org/C144133560', 'wikidata': 'https://www.wikidata.org/wiki/Q4830453', 'display_name': 'Business', 'level': 0, 'score': 0.0}], 'external_ids': {'OpenAlex': 'https://openalex.org/W2625478334'}, 'semantic_scholar_id': None, 'arxiv_id': None, 'doi': 'https://doi.org/10.1111/cgf.13210', 'ref_id': 12, 'reference_mentions': [""Narrative visualization is directly related to the concept of explainability, where the visualization authors seek to couple images and text to explain an underlying data analysis. With respect to model explainability, the visual analytics community has developed a variety of systems to support the interactive explanation of machine learning models (e.g. [22, 12]). Several model-independent approaches, e.g. EnsembleMatrix [25] and RuleMatrix [13], focus on the classifier's input-output behaviors to provide insight into the model classification results. EnsembleMatrix provides a visual summary of the model outputs, RuleMatrix uses a matrix-based visualization to explain classification results, and Prospector [8] explores the relationship between feature values and predictions by using partial dependence diagnostics."", '- [12] Y. Lu, R. Garcia, B. Hansen, M. Gleicher, and R. Maciejewski. The state-of-the-art in predictive visual analytics. _Computer Graphics Forum_, 36(3):539–562, 2017. doi: 10.1111/cgf.13210 2'], 'citation_key': 'citation-1'}"
13,13,research_reviewer_main,2025-06-23 21:25:43,raw_ref_to_json.py,"{'title': 'RuleMatrix: Visualizing and Understanding Classifiers with Rules', 'authors': ['author-35', 'author-36', 'author-37'], 'year': 2018, 'venue': 'venue-1', 'raw_venue': 'IEEE Transactions on Visualization and Computer Graphics', 'citation_count': 0, 'fields_of_study': [{'id': 'https://openalex.org/C41008148', 'wikidata': 'https://www.wikidata.org/wiki/Q21198', 'display_name': 'Computer science', 'level': 0, 'score': 0.8745866}, {'id': 'https://openalex.org/C119857082', 'wikidata': 'https://www.wikidata.org/wiki/Q2539', 'display_name': 'Machine learning', 'level': 1, 'score': 0.7279041}, {'id': 'https://openalex.org/C36464697', 'wikidata': 'https://www.wikidata.org/wiki/Q451553', 'display_name': 'Visualization', 'level': 2, 'score': 0.7174397}, {'id': 'https://openalex.org/C154945302', 'wikidata': 'https://www.wikidata.org/wiki/Q11660', 'display_name': 'Artificial intelligence', 'level': 1, 'score': 0.62551653}, {'id': 'https://openalex.org/C170130773', 'wikidata': 'https://www.wikidata.org/wiki/Q216378', 'display_name': 'Usability', 'level': 2, 'score': 0.58002543}, {'id': 'https://openalex.org/C94966114', 'wikidata': 'https://www.wikidata.org/wiki/Q29256', 'display_name': 'Black box', 'level': 2, 'score': 0.5747435}, {'id': 'https://openalex.org/C36503486', 'wikidata': 'https://www.wikidata.org/wiki/Q11235244', 'display_name': 'Domain (mathematical analysis)', 'level': 2, 'score': 0.4862839}, {'id': 'https://openalex.org/C207685749', 'wikidata': 'https://www.wikidata.org/wiki/Q2088941', 'display_name': 'Domain knowledge', 'level': 2, 'score': 0.48466378}, {'id': 'https://openalex.org/C172367668', 'wikidata': 'https://www.wikidata.org/wiki/Q6504956', 'display_name': 'Data visualization', 'level': 3, 'score': 0.4603396}, {'id': 'https://openalex.org/C107457646', 'wikidata': 'https://www.wikidata.org/wiki/Q207434', 'display_name': 'Human–computer interaction', 'level': 1, 'score': 0.44463095}, {'id': 'https://openalex.org/C134306372', 'wikidata': 'https://www.wikidata.org/wiki/Q7754', 'display_name': 'Mathematical analysis', 'level': 1, 'score': 0.0}, {'id': 'https://openalex.org/C33923547', 'wikidata': 'https://www.wikidata.org/wiki/Q395', 'display_name': 'Mathematics', 'level': 0, 'score': 0.0}], 'external_ids': {'OpenAlex': 'https://openalex.org/W2883424428'}, 'semantic_scholar_id': None, 'arxiv_id': None, 'doi': 'https://doi.org/10.1109/tvcg.2018.2864812', 'ref_id': 13, 'reference_mentions': [""Narrative visualization is directly related to the concept of explainability, where the visualization authors seek to couple images and text to explain an underlying data analysis. With respect to model explainability, the visual analytics community has developed a variety of systems to support the interactive explanation of machine learning models (e.g. [22, 12]). Several model-independent approaches, e.g. EnsembleMatrix [25] and RuleMatrix [13], focus on the classifier's input-output behaviors to provide insight into the model classification results. EnsembleMatrix provides a visual summary of the model outputs, RuleMatrix uses a matrix-based visualization to explain classification results, and Prospector [8] explores the relationship between feature values and predictions by using partial dependence diagnostics."", '- [13] Y. Ming, H. Qu, and E. Bertini. RuleMatrix: Visualizing and understanding classifiers with rules. _IEEE Transactions on Visualization and Computer Graphics_, 25(1):342–352, 2018. doi: 10.1109/TVCG. 2018.2864812 2'], 'citation_key': 'citation-1'}"
14,14,research_reviewer_main,2025-06-23 21:25:43,raw_ref_to_json.py,"{'title': 'A Partition-Based Framework for Building and Validating Regression Models', 'authors': ['author-38', 'author-39'], 'year': 2013, 'venue': 'venue-1', 'raw_venue': '_IEEE Transactions on Visualization and Computer Graphics_', 'citation_count': 0, 'fields_of_study': [{'id': 'https://openalex.org/C41008148', 'wikidata': 'https://www.wikidata.org/wiki/Q21198', 'display_name': 'Computer science', 'level': 0, 'score': 0.762699}, {'id': 'https://openalex.org/C5274069', 'wikidata': 'https://www.wikidata.org/wiki/Q2285707', 'display_name': 'Categorical variable', 'level': 2, 'score': 0.61468995}, {'id': 'https://openalex.org/C124101348', 'wikidata': 'https://www.wikidata.org/wiki/Q172491', 'display_name': 'Data mining', 'level': 1, 'score': 0.594388}, {'id': 'https://openalex.org/C148483581', 'wikidata': 'https://www.wikidata.org/wiki/Q446488', 'display_name': 'Feature selection', 'level': 2, 'score': 0.59390324}, {'id': 'https://openalex.org/C36464697', 'wikidata': 'https://www.wikidata.org/wiki/Q451553', 'display_name': 'Visualization', 'level': 2, 'score': 0.51597744}, {'id': 'https://openalex.org/C119857082', 'wikidata': 'https://www.wikidata.org/wiki/Q2539', 'display_name': 'Machine learning', 'level': 1, 'score': 0.4976187}, {'id': 'https://openalex.org/C189430467', 'wikidata': 'https://www.wikidata.org/wiki/Q7293293', 'display_name': 'Ranking (information retrieval)', 'level': 2, 'score': 0.47395492}, {'id': 'https://openalex.org/C154945302', 'wikidata': 'https://www.wikidata.org/wiki/Q11660', 'display_name': 'Artificial intelligence', 'level': 1, 'score': 0.47106522}, {'id': 'https://openalex.org/C36503486', 'wikidata': 'https://www.wikidata.org/wiki/Q11235244', 'display_name': 'Domain (mathematical analysis)', 'level': 2, 'score': 0.42441222}, {'id': 'https://openalex.org/C116834253', 'wikidata': 'https://www.wikidata.org/wiki/Q2039217', 'display_name': 'Identification (biology)', 'level': 2, 'score': 0.419775}, {'id': 'https://openalex.org/C152877465', 'wikidata': 'https://www.wikidata.org/wiki/Q208042', 'display_name': 'Regression analysis', 'level': 2, 'score': 0.41267926}, {'id': 'https://openalex.org/C33923547', 'wikidata': 'https://www.wikidata.org/wiki/Q395', 'display_name': 'Mathematics', 'level': 0, 'score': 0.11688572}, {'id': 'https://openalex.org/C134306372', 'wikidata': 'https://www.wikidata.org/wiki/Q7754', 'display_name': 'Mathematical analysis', 'level': 1, 'score': 0.0}, {'id': 'https://openalex.org/C59822182', 'wikidata': 'https://www.wikidata.org/wiki/Q441', 'display_name': 'Botany', 'level': 1, 'score': 0.0}, {'id': 'https://openalex.org/C86803240', 'wikidata': 'https://www.wikidata.org/wiki/Q420', 'display_name': 'Biology', 'level': 0, 'score': 0.0}], 'external_ids': {'OpenAlex': 'https://openalex.org/W1974584593'}, 'semantic_scholar_id': None, 'arxiv_id': None, 'doi': 'https://doi.org/10.1109/tvcg.2013.125', 'ref_id': 14, 'reference_mentions': ['Most closely related to our work are the techniques that explain models from feature-level observation. Muhlbacher and ¨ Piringer [14] facilitated feature selection and optimization in regression models by partitioning the feature space into disjoint regions for visualization. Sedlmair et al. [17] proposed an abstract conceptual framework to discuss the visual parameter space analysis problems independent of the application domain. Goodwin et al. [4] extended visual parameter space analysis to the spatial domain, enabling the exploration of correlations between multiple variables that vary geographically at different spatial scales. While these techniques focus on explanations for domain experts, our work is designed to support explanations to experts and support their use of external information to contextualize these relationships and communicate their findings to a general audience. Our choice of text templates, as opposed to large language models, for narrative generation is to support control for reliability and reproducibility. All text generated must have a verifiable source and the generation of text for the analysis should always return the same results to ensure that the resulting analyses are not subject to misinformation.', '- [14] T. Muhlbacher and H. Piringer. A partition-based framework for build- ¨ ing and validating regression models. _IEEE Transactions on Visualization and Computer Graphics_, 19(12):1962–1971, 2013. doi: 10. 1109/TVCG.2013.125 2'], 'citation_key': 'citation-1'}"
15,15,research_reviewer_main,2025-06-23 21:25:43,raw_ref_to_json.py,"{'title': 'ChartAccent: Annotation for data-driven storytelling', 'authors': ['author-40', 'author-41', 'author-42', 'author-43', 'author-44'], 'year': 2017, 'venue': 'venue-1', 'raw_venue': 'IEEE Pacific Symposium on Visualization', 'citation_count': 0, 'fields_of_study': [{'id': 'https://openalex.org/C2776321320', 'wikidata': 'https://www.wikidata.org/wiki/Q857525', 'display_name': 'Annotation', 'level': 2, 'score': 0.83623576}, {'id': 'https://openalex.org/C41008148', 'wikidata': 'https://www.wikidata.org/wiki/Q21198', 'display_name': 'Computer science', 'level': 0, 'score': 0.7969501}, {'id': 'https://openalex.org/C2779674283', 'wikidata': 'https://www.wikidata.org/wiki/Q425548', 'display_name': 'Palette (painting)', 'level': 2, 'score': 0.67369777}, {'id': 'https://openalex.org/C2776538412', 'wikidata': 'https://www.wikidata.org/wiki/Q989963', 'display_name': 'Storytelling', 'level': 3, 'score': 0.66978174}, {'id': 'https://openalex.org/C36464697', 'wikidata': 'https://www.wikidata.org/wiki/Q451553', 'display_name': 'Visualization', 'level': 2, 'score': 0.5909537}, {'id': 'https://openalex.org/C190812933', 'wikidata': 'https://www.wikidata.org/wiki/Q28923', 'display_name': 'Chart', 'level': 2, 'score': 0.5509476}, {'id': 'https://openalex.org/C2777904410', 'wikidata': 'https://www.wikidata.org/wiki/Q7397', 'display_name': 'Software', 'level': 2, 'score': 0.533134}, {'id': 'https://openalex.org/C98045186', 'wikidata': 'https://www.wikidata.org/wiki/Q205663', 'display_name': 'Process (computing)', 'level': 2, 'score': 0.51427907}, {'id': 'https://openalex.org/C23123220', 'wikidata': 'https://www.wikidata.org/wiki/Q816826', 'display_name': 'Information retrieval', 'level': 1, 'score': 0.47970933}, {'id': 'https://openalex.org/C172367668', 'wikidata': 'https://www.wikidata.org/wiki/Q6504956', 'display_name': 'Data visualization', 'level': 3, 'score': 0.47496057}, {'id': 'https://openalex.org/C26517878', 'wikidata': 'https://www.wikidata.org/wiki/Q228039', 'display_name': 'Key (lock)', 'level': 2, 'score': 0.44774207}, {'id': 'https://openalex.org/C21442007', 'wikidata': 'https://www.wikidata.org/wiki/Q1027879', 'display_name': 'Graphics', 'level': 2, 'score': 0.44207236}, {'id': 'https://openalex.org/C2522767166', 'wikidata': 'https://www.wikidata.org/wiki/Q2374463', 'display_name': 'Data science', 'level': 1, 'score': 0.42585915}, {'id': 'https://openalex.org/C136764020', 'wikidata': 'https://www.wikidata.org/wiki/Q466', 'display_name': 'World Wide Web', 'level': 1, 'score': 0.3957192}, {'id': 'https://openalex.org/C154945302', 'wikidata': 'https://www.wikidata.org/wiki/Q11660', 'display_name': 'Artificial intelligence', 'level': 1, 'score': 0.20820129}, {'id': 'https://openalex.org/C121684516', 'wikidata': 'https://www.wikidata.org/wiki/Q7600677', 'display_name': 'Computer graphics (images)', 'level': 1, 'score': 0.1322419}, {'id': 'https://openalex.org/C199360897', 'wikidata': 'https://www.wikidata.org/wiki/Q9143', 'display_name': 'Programming language', 'level': 1, 'score': 0.07947102}, {'id': 'https://openalex.org/C41895202', 'wikidata': 'https://www.wikidata.org/wiki/Q8162', 'display_name': 'Linguistics', 'level': 1, 'score': 0.0}, {'id': 'https://openalex.org/C138885662', 'wikidata': 'https://www.wikidata.org/wiki/Q5891', 'display_name': 'Philosophy', 'level': 0, 'score': 0.0}, {'id': 'https://openalex.org/C105795698', 'wikidata': 'https://www.wikidata.org/wiki/Q12483', 'display_name': 'Statistics', 'level': 1, 'score': 0.0}, {'id': 'https://openalex.org/C33923547', 'wikidata': 'https://www.wikidata.org/wiki/Q395', 'display_name': 'Mathematics', 'level': 0, 'score': 0.0}, {'id': 'https://openalex.org/C38652104', 'wikidata': 'https://www.wikidata.org/wiki/Q3510521', 'display_name': 'Computer security', 'level': 1, 'score': 0.0}, {'id': 'https://openalex.org/C111919701', 'wikidata': 'https://www.wikidata.org/wiki/Q9135', 'display_name': 'Operating system', 'level': 1, 'score': 0.0}, {'id': 'https://openalex.org/C199033989', 'wikidata': 'https://www.wikidata.org/wiki/Q1318295', 'display_name': 'Narrative', 'level': 2, 'score': 0.0}], 'external_ids': {'OpenAlex': 'https://openalex.org/W2596412070'}, 'semantic_scholar_id': None, 'arxiv_id': None, 'doi': 'https://doi.org/10.1109/pacificvis.2017.8031599', 'ref_id': 15, 'reference_mentions': ['Many of these systems utilize annotations to enhance the visual narratives, and Kosara and Mackinlay [7] emphasize the importance of annotations for facilitating storytelling in visualization. Recent annotation work [15] has focused on the semi-automatic creation', '- [15] D. Ren, M. Brehmer, B. Lee, T. Hollerer, and E. K. Choe. ChartAc- ¨ cent: Annotation for data-driven storytelling. In _IEEE Pacific Symposium on Visualization_, pp. 230–239, 2017. doi: 10.1109/PACIFICVIS .2017.8031599 1'], 'citation_key': 'citation-1'}"
16,16,research_reviewer_main,2025-06-23 21:25:43,raw_ref_to_json.py,"{'title': 'Authoring Narrative Visualizations with Ellipsis', 'authors': ['author-45', 'author-46'], 'year': 2014, 'venue': 'venue-1', 'raw_venue': 'Computer Graphics Forum', 'citation_count': 0, 'fields_of_study': [{'id': 'https://openalex.org/C41008148', 'wikidata': 'https://www.wikidata.org/wiki/Q21198', 'display_name': 'Computer science', 'level': 0, 'score': 0.8534461}, {'id': 'https://openalex.org/C2776538412', 'wikidata': 'https://www.wikidata.org/wiki/Q989963', 'display_name': 'Storytelling', 'level': 3, 'score': 0.7768817}, {'id': 'https://openalex.org/C36464697', 'wikidata': 'https://www.wikidata.org/wiki/Q451553', 'display_name': 'Visualization', 'level': 2, 'score': 0.7637632}, {'id': 'https://openalex.org/C2780881102', 'wikidata': 'https://www.wikidata.org/wiki/Q189743', 'display_name': 'Ellipsis (linguistics)', 'level': 2, 'score': 0.7316454}, {'id': 'https://openalex.org/C199033989', 'wikidata': 'https://www.wikidata.org/wiki/Q1318295', 'display_name': 'Narrative', 'level': 2, 'score': 0.69846886}, {'id': 'https://openalex.org/C113843644', 'wikidata': 'https://www.wikidata.org/wiki/Q901882', 'display_name': 'Interface (matter)', 'level': 4, 'score': 0.4859513}, {'id': 'https://openalex.org/C201374245', 'wikidata': 'https://www.wikidata.org/wiki/Q104534', 'display_name': 'Digital subscriber line', 'level': 2, 'score': 0.43170166}, {'id': 'https://openalex.org/C107457646', 'wikidata': 'https://www.wikidata.org/wiki/Q207434', 'display_name': 'Human–computer interaction', 'level': 1, 'score': 0.4280765}, {'id': 'https://openalex.org/C36503486', 'wikidata': 'https://www.wikidata.org/wiki/Q11235244', 'display_name': 'Domain (mathematical analysis)', 'level': 2, 'score': 0.4173151}, {'id': 'https://openalex.org/C199360897', 'wikidata': 'https://www.wikidata.org/wiki/Q9143', 'display_name': 'Programming language', 'level': 1, 'score': 0.36567324}, {'id': 'https://openalex.org/C154945302', 'wikidata': 'https://www.wikidata.org/wiki/Q11660', 'display_name': 'Artificial intelligence', 'level': 1, 'score': 0.22729859}, {'id': 'https://openalex.org/C41895202', 'wikidata': 'https://www.wikidata.org/wiki/Q8162', 'display_name': 'Linguistics', 'level': 1, 'score': 0.19537419}, {'id': 'https://openalex.org/C76155785', 'wikidata': 'https://www.wikidata.org/wiki/Q418', 'display_name': 'Telecommunications', 'level': 1, 'score': 0.0}, {'id': 'https://openalex.org/C138885662', 'wikidata': 'https://www.wikidata.org/wiki/Q5891', 'display_name': 'Philosophy', 'level': 0, 'score': 0.0}, {'id': 'https://openalex.org/C157915830', 'wikidata': 'https://www.wikidata.org/wiki/Q2928001', 'display_name': 'Bubble', 'level': 2, 'score': 0.0}, {'id': 'https://openalex.org/C129307140', 'wikidata': 'https://www.wikidata.org/wiki/Q6795880', 'display_name': 'Maximum bubble pressure method', 'level': 3, 'score': 0.0}, {'id': 'https://openalex.org/C173608175', 'wikidata': 'https://www.wikidata.org/wiki/Q232661', 'display_name': 'Parallel computing', 'level': 1, 'score': 0.0}, {'id': 'https://openalex.org/C134306372', 'wikidata': 'https://www.wikidata.org/wiki/Q7754', 'display_name': 'Mathematical analysis', 'level': 1, 'score': 0.0}, {'id': 'https://openalex.org/C33923547', 'wikidata': 'https://www.wikidata.org/wiki/Q395', 'display_name': 'Mathematics', 'level': 0, 'score': 0.0}], 'external_ids': {'OpenAlex': 'https://openalex.org/W1530372876'}, 'semantic_scholar_id': None, 'arxiv_id': None, 'doi': 'https://doi.org/10.1111/cgf.12392', 'ref_id': 16, 'reference_mentions': ['The design space of narrative visualization [18, 5] has been widely explored in the visualization community and a diverse set of storytelling and annotation methods have been developed to reveal observations in data and to convey key messages to an audience. Such narrative visualization techniques have been adopted by a variety of geovisual analytics applications [16] that have integrated story authoring tools with spatial data visualizations. For example, NewsViews [3] generates interactive maps with narrative annotations automatically from a given news article. Latif and Beck [10] introduce a bivariate map design that integrates template-based text annotations, and they later extend their work to investigate the interplay of text and visualization in geographic storytelling [11].', '- [16] A. Satyanarayan and J. Heer. Authoring narrative visualizations with ellipsis. _Computer Graphics Forum_, 33(3):361–370, 2014. doi: 10. 1111/cgf.12392 1'], 'citation_key': 'citation-1'}"
17,17,research_reviewer_main,2025-06-23 21:25:43,raw_ref_to_json.py,"{'title': 'Visual Parameter Space Analysis: A Conceptual Framework', 'authors': ['author-47', 'author-48', 'author-49', 'author-39', 'author-50'], 'year': 2014, 'venue': 'venue-1', 'raw_venue': '_IEEE Transactions on Visualization and Computer Graphics_', 'citation_count': 0, 'fields_of_study': [{'id': 'https://openalex.org/C36464697', 'wikidata': 'https://www.wikidata.org/wiki/Q451553', 'display_name': 'Visualization', 'level': 2, 'score': 0.81709164}, {'id': 'https://openalex.org/C41008148', 'wikidata': 'https://www.wikidata.org/wiki/Q21198', 'display_name': 'Computer science', 'level': 0, 'score': 0.8127759}, {'id': 'https://openalex.org/C99740376', 'wikidata': 'https://www.wikidata.org/wiki/Q17092520', 'display_name': 'Interactive visual analysis', 'level': 4, 'score': 0.71844757}, {'id': 'https://openalex.org/C2778572836', 'wikidata': 'https://www.wikidata.org/wiki/Q380933', 'display_name': 'Space (punctuation)', 'level': 2, 'score': 0.5781091}, {'id': 'https://openalex.org/C177264268', 'wikidata': 'https://www.wikidata.org/wiki/Q1514741', 'display_name': 'Set (abstract data type)', 'level': 2, 'score': 0.56764126}, {'id': 'https://openalex.org/C73586568', 'wikidata': 'https://www.wikidata.org/wiki/Q2600211', 'display_name': 'Parameter space', 'level': 2, 'score': 0.56028014}, {'id': 'https://openalex.org/C172367668', 'wikidata': 'https://www.wikidata.org/wiki/Q6504956', 'display_name': 'Data visualization', 'level': 3, 'score': 0.55086666}, {'id': 'https://openalex.org/C59732488', 'wikidata': 'https://www.wikidata.org/wiki/Q2528440', 'display_name': 'Visual analytics', 'level': 3, 'score': 0.49232686}, {'id': 'https://openalex.org/C36503486', 'wikidata': 'https://www.wikidata.org/wiki/Q11235244', 'display_name': 'Domain (mathematical analysis)', 'level': 2, 'score': 0.47886178}, {'id': 'https://openalex.org/C124101348', 'wikidata': 'https://www.wikidata.org/wiki/Q172491', 'display_name': 'Data mining', 'level': 1, 'score': 0.4761643}, {'id': 'https://openalex.org/C185578843', 'wikidata': 'https://www.wikidata.org/wiki/Q10609775', 'display_name': 'Information visualization', 'level': 3, 'score': 0.4158303}, {'id': 'https://openalex.org/C2522767166', 'wikidata': 'https://www.wikidata.org/wiki/Q2374463', 'display_name': 'Data science', 'level': 1, 'score': 0.3864889}, {'id': 'https://openalex.org/C107457646', 'wikidata': 'https://www.wikidata.org/wiki/Q207434', 'display_name': 'Human–computer interaction', 'level': 1, 'score': 0.35227293}, {'id': 'https://openalex.org/C199360897', 'wikidata': 'https://www.wikidata.org/wiki/Q9143', 'display_name': 'Programming language', 'level': 1, 'score': 0.10926056}, {'id': 'https://openalex.org/C33923547', 'wikidata': 'https://www.wikidata.org/wiki/Q395', 'display_name': 'Mathematics', 'level': 0, 'score': 0.10606253}, {'id': 'https://openalex.org/C134306372', 'wikidata': 'https://www.wikidata.org/wiki/Q7754', 'display_name': 'Mathematical analysis', 'level': 1, 'score': 0.0}, {'id': 'https://openalex.org/C105795698', 'wikidata': 'https://www.wikidata.org/wiki/Q12483', 'display_name': 'Statistics', 'level': 1, 'score': 0.0}, {'id': 'https://openalex.org/C111919701', 'wikidata': 'https://www.wikidata.org/wiki/Q9135', 'display_name': 'Operating system', 'level': 1, 'score': 0.0}], 'external_ids': {'OpenAlex': 'https://openalex.org/W1964473154'}, 'semantic_scholar_id': None, 'arxiv_id': None, 'doi': 'https://doi.org/10.1109/tvcg.2014.2346321', 'ref_id': 17, 'reference_mentions': ['Most closely related to our work are the techniques that explain models from feature-level observation. Muhlbacher and ¨ Piringer [14] facilitated feature selection and optimization in regression models by partitioning the feature space into disjoint regions for visualization. Sedlmair et al. [17] proposed an abstract conceptual framework to discuss the visual parameter space analysis problems independent of the application domain. Goodwin et al. [4] extended visual parameter space analysis to the spatial domain, enabling the exploration of correlations between multiple variables that vary geographically at different spatial scales. While these techniques focus on explanations for domain experts, our work is designed to support explanations to experts and support their use of external information to contextualize these relationships and communicate their findings to a general audience. Our choice of text templates, as opposed to large language models, for narrative generation is to support control for reliability and reproducibility. All text generated must have a verifiable source and the generation of text for the analysis should always return the same results to ensure that the resulting analyses are not subject to misinformation.', '- [17] M. Sedlmair, C. Heinzl, S. Bruckner, H. Piringer, and T. Moller. Vi- ¨ sual parameter space analysis: A conceptual framework. _IEEE Transactions on Visualization and Computer Graphics_, 20:2161–2170, 12 2014. doi: 10.1109/TVCG.2014.2346321 2'], 'citation_key': 'citation-1'}"
18,18,research_reviewer_main,2025-06-23 21:25:43,raw_ref_to_json.py,"{'title': 'Narrative Visualization: Telling Stories with Data', 'authors': ['author-51', 'author-46'], 'year': 2010, 'venue': 'venue-1', 'raw_venue': 'IEEE Transactions on Visualization and Computer Graphics', 'citation_count': 0, 'fields_of_study': [{'id': 'https://openalex.org/C36464697', 'wikidata': 'https://www.wikidata.org/wiki/Q451553', 'display_name': 'Visualization', 'level': 2, 'score': 0.7779104}, {'id': 'https://openalex.org/C41008148', 'wikidata': 'https://www.wikidata.org/wiki/Q21198', 'display_name': 'Computer science', 'level': 0, 'score': 0.7696947}, {'id': 'https://openalex.org/C172367668', 'wikidata': 'https://www.wikidata.org/wiki/Q6504956', 'display_name': 'Data visualization', 'level': 3, 'score': 0.6883841}, {'id': 'https://openalex.org/C199033989', 'wikidata': 'https://www.wikidata.org/wiki/Q1318295', 'display_name': 'Narrative', 'level': 2, 'score': 0.6459437}, {'id': 'https://openalex.org/C185578843', 'wikidata': 'https://www.wikidata.org/wiki/Q10609775', 'display_name': 'Information visualization', 'level': 3, 'score': 0.5081377}, {'id': 'https://openalex.org/C121684516', 'wikidata': 'https://www.wikidata.org/wiki/Q7600677', 'display_name': 'Computer graphics (images)', 'level': 1, 'score': 0.48709583}, {'id': 'https://openalex.org/C107457646', 'wikidata': 'https://www.wikidata.org/wiki/Q207434', 'display_name': 'Human–computer interaction', 'level': 1, 'score': 0.3592197}, {'id': 'https://openalex.org/C2522767166', 'wikidata': 'https://www.wikidata.org/wiki/Q2374463', 'display_name': 'Data science', 'level': 1, 'score': 0.34056702}, {'id': 'https://openalex.org/C23123220', 'wikidata': 'https://www.wikidata.org/wiki/Q816826', 'display_name': 'Information retrieval', 'level': 1, 'score': 0.336892}, {'id': 'https://openalex.org/C136764020', 'wikidata': 'https://www.wikidata.org/wiki/Q466', 'display_name': 'World Wide Web', 'level': 1, 'score': 0.32884216}, {'id': 'https://openalex.org/C49774154', 'wikidata': 'https://www.wikidata.org/wiki/Q131765', 'display_name': 'Multimedia', 'level': 1, 'score': 0.3260895}, {'id': 'https://openalex.org/C154945302', 'wikidata': 'https://www.wikidata.org/wiki/Q11660', 'display_name': 'Artificial intelligence', 'level': 1, 'score': 0.23176211}, {'id': 'https://openalex.org/C138885662', 'wikidata': 'https://www.wikidata.org/wiki/Q5891', 'display_name': 'Philosophy', 'level': 0, 'score': 0.0}, {'id': 'https://openalex.org/C41895202', 'wikidata': 'https://www.wikidata.org/wiki/Q8162', 'display_name': 'Linguistics', 'level': 1, 'score': 0.0}], 'external_ids': {'OpenAlex': 'https://openalex.org/W2157900633'}, 'semantic_scholar_id': None, 'arxiv_id': None, 'doi': 'https://doi.org/10.1109/tvcg.2010.179', 'ref_id': 18, 'reference_mentions': ['In this paper, we present a visual analytics framework designed to support spatial data modeling, analysis and reporting. Our approach is inspired by research in explainable machine learning [21] and a combination of narrative visualization [18] and storytelling techniques [7]. The framework provides multiple types of explanation support throughout the spatial analysis pipeline. In the model calibration stage, our framework interprets the functionality of the spatial model configuration and recommends parameter settings. Then, the framework summarizes and explains model outputs by adopting template-based text annotations, linking with external knowledge repositories to provide relevant contextual information. All visualizations, model results, and annotations can be captured in an interactive report authoring widget, enabling analysts to generate documentation that explains their spatial analyses.', 'The design space of narrative visualization [18, 5] has been widely explored in the visualization community and a diverse set of storytelling and annotation methods have been developed to reveal observations in data and to convey key messages to an audience. Such narrative visualization techniques have been adopted by a variety of geovisual analytics applications [16] that have integrated story authoring tools with spatial data visualizations. For example, NewsViews [3] generates interactive maps with narrative annotations automatically from a given news article. Latif and Beck [10] introduce a bivariate map design that integrates template-based text annotations, and they later extend their work to investigate the interplay of text and visualization in geographic storytelling [11].', '- [18] E. Segel and J. Heer. Narrative visualization: Telling stories with data. _IEEE Transactions on Visualization and Computer Graphics_, 16(6):1139–1148, 2010. doi: 10.1109/TVCG.2010.179 1'], 'citation_key': 'citation-1'}"
19,19,research_reviewer_main,2025-06-23 21:25:43,raw_ref_to_json.py,"{'title': 'Artificial reference paper 2', 'authors': ['author-52', 'author-53'], 'year': 2025, 'venue': 'venue-1', 'raw_venue': '_Fake Journal 2_', 'citation_count': 0, 'fields_of_study': [], 'external_ids': {}, 'semantic_scholar_id': None, 'arxiv_id': None, 'doi': '10.1080/13658816.2020.1720692', 'ref_id': 19, 'reference_mentions': ['Geographic models are often used to answer _why_ questions regarding underlying spatial phenomena such as why do voter preferences generally exhibit strong spatial dependency. In order to answer such questions, researchers have developed sophisticated spatial modeling techniques and software, such as multiscale geographically weighted regression [21], to identify the determinants of the spatial patterns of data we observe in both the human and natural environments. However, these models generate output that needs local contextual information to be interpreted properly. Without such information, advanced spatial modeling techniques do not gain their full potential. While a variety of geovisual analytics systems [19] have been developed to explore spatial statistics with the help of interactive maps and narrative annotations, these applications tend to visualize only basic statistical results, and, to our knowledge, none of them explain spatial modeling results.', '- [19] L. Skywalker and O.-W. Kenobi. Artificial reference paper 2. _Fake Journal 2_, 10(2):1–4, 2025. doi: 10.1080/13658816.2020.1720692 1'], 'citation_key': 'citation-1'}"
20,20,research_reviewer_main,2025-06-23 21:25:43,raw_ref_to_json.py,"{'title': 'RETRACTED: The effect of color (red versus blue) on assimilation versus contrast in prime-to-behavior effects', 'authors': ['author-54', 'author-55'], 'year': 2011, 'venue': 'venue-1', 'raw_venue': 'Journal of Experimental Social Psychology', 'citation_count': 0, 'fields_of_study': [{'id': 'https://openalex.org/C2779157386', 'wikidata': 'https://www.wikidata.org/wiki/Q43499', 'display_name': 'Erasmus+', 'level': 3, 'score': 0.84274554}, {'id': 'https://openalex.org/C15744967', 'wikidata': 'https://www.wikidata.org/wiki/Q9418', 'display_name': 'Psychology', 'level': 0, 'score': 0.61534274}, {'id': 'https://openalex.org/C2776502983', 'wikidata': 'https://www.wikidata.org/wiki/Q690182', 'display_name': 'Contrast (vision)', 'level': 2, 'score': 0.59088504}, {'id': 'https://openalex.org/C77805123', 'wikidata': 'https://www.wikidata.org/wiki/Q161272', 'display_name': 'Social psychology', 'level': 1, 'score': 0.38897723}, {'id': 'https://openalex.org/C52119013', 'wikidata': 'https://www.wikidata.org/wiki/Q50637', 'display_name': 'Art history', 'level': 1, 'score': 0.15427855}, {'id': 'https://openalex.org/C142362112', 'wikidata': 'https://www.wikidata.org/wiki/Q735', 'display_name': 'Art', 'level': 0, 'score': 0.12670818}, {'id': 'https://openalex.org/C154945302', 'wikidata': 'https://www.wikidata.org/wiki/Q11660', 'display_name': 'Artificial intelligence', 'level': 1, 'score': 0.12311584}, {'id': 'https://openalex.org/C41008148', 'wikidata': 'https://www.wikidata.org/wiki/Q21198', 'display_name': 'Computer science', 'level': 0, 'score': 0.12184861}, {'id': 'https://openalex.org/C52069626', 'wikidata': 'https://www.wikidata.org/wiki/Q4692', 'display_name': 'The Renaissance', 'level': 2, 'score': 0.0}], 'external_ids': {'OpenAlex': 'https://openalex.org/W1979045736'}, 'semantic_scholar_id': None, 'arxiv_id': None, 'doi': 'https://doi.org/10.1016/j.jesp.2011.02.010', 'ref_id': 20, 'reference_mentions': ['Various spatial prediction models [21] and spatial data analysis tools [24] have been developed to support geographic analysis. In this work, we focus on two local spatial models widely used in spatial analysis: Geographically Weighted Regression (GWR) [1], and its recent extension, Multiscale Geographically Weighted Regression (MGWR) [2]. GWR extends the classical linear regression model [20] by capturing spatial heterogeneity with influence spreading over the space in a constant scale. MGWR further improves GWR models where local influences are modeled in different spatial windows.', '- [20] D. Smeesters and J. Liu. Retracted: The effect of color (red versus blue) on assimilation versus contrast in prime-to-behavior effects. _Journal of Experimental Social Psychology_, 47(3):653–656, 2011. doi: 10.1016/j.jesp.2011.02.010 1'], 'citation_key': 'citation-1'}"
21,21,research_reviewer_main,2025-06-23 21:25:43,raw_ref_to_json.py,"{'title': 'Artificial reference paper 1', 'authors': ['author-56', 'author-53'], 'year': 2025, 'venue': 'venue-1', 'raw_venue': '_Fake Journal 1_', 'citation_count': 0, 'fields_of_study': [], 'external_ids': {}, 'semantic_scholar_id': None, 'arxiv_id': None, 'doi': '10.1080/13658816.2020.1720692', 'ref_id': 21, 'reference_mentions': ['Geographic models are often used to answer _why_ questions regarding underlying spatial phenomena such as why do voter preferences generally exhibit strong spatial dependency. In order to answer such questions, researchers have developed sophisticated spatial modeling techniques and software, such as multiscale geographically weighted regression [21], to identify the determinants of the spatial patterns of data we observe in both the human and natural environments. However, these models generate output that needs local contextual information to be interpreted properly. Without such information, advanced spatial modeling techniques do not gain their full potential. While a variety of geovisual analytics systems [19] have been developed to explore spatial statistics with the help of interactive maps and narrative annotations, these applications tend to visualize only basic statistical results, and, to our knowledge, none of them explain spatial modeling results.', 'In this paper, we present a visual analytics framework designed to support spatial data modeling, analysis and reporting. Our approach is inspired by research in explainable machine learning [21] and a combination of narrative visualization [18] and storytelling techniques [7]. The framework provides multiple types of explanation support throughout the spatial analysis pipeline. In the model calibration stage, our framework interprets the functionality of the spatial model configuration and recommends parameter settings. Then, the framework summarizes and explains model outputs by adopting template-based text annotations, linking with external knowledge repositories to provide relevant contextual information. All visualizations, model results, and annotations can be captured in an interactive report authoring widget, enabling analysts to generate documentation that explains their spatial analyses.', 'Various spatial prediction models [21] and spatial data analysis tools [24] have been developed to support geographic analysis. In this work, we focus on two local spatial models widely used in spatial analysis: Geographically Weighted Regression (GWR) [1], and its recent extension, Multiscale Geographically Weighted Regression (MGWR) [2]. GWR extends the classical linear regression model [20] by capturing spatial heterogeneity with influence spreading over the space in a constant scale. MGWR further improves GWR models where local influences are modeled in different spatial windows.', '- [21] H. Solo and O.-W. Kenobi. Artificial reference paper 1. _Fake Journal 1_, 34(7):1378–1397, 2025. doi: 10.1080/13658816.2020.1720692 1'], 'citation_key': 'citation-1'}"
22,22,research_reviewer_main,2025-06-23 21:25:43,raw_ref_to_json.py,"{'title': 'Artificial reference paper 5', 'authors': ['author-56', 'author-57'], 'year': 2025, 'venue': 'venue-1', 'raw_venue': '_Fake Journal 2_', 'citation_count': 0, 'fields_of_study': [], 'external_ids': {}, 'semantic_scholar_id': None, 'arxiv_id': None, 'doi': '10.1080/13658816.2020.1720692', 'ref_id': 22, 'reference_mentions': [""Narrative visualization is directly related to the concept of explainability, where the visualization authors seek to couple images and text to explain an underlying data analysis. With respect to model explainability, the visual analytics community has developed a variety of systems to support the interactive explanation of machine learning models (e.g. [22, 12]). Several model-independent approaches, e.g. EnsembleMatrix [25] and RuleMatrix [13], focus on the classifier's input-output behaviors to provide insight into the model classification results. EnsembleMatrix provides a visual summary of the model outputs, RuleMatrix uses a matrix-based visualization to explain classification results, and Prospector [8] explores the relationship between feature values and predictions by using partial dependence diagnostics."", '- [22] H. Solo and L. Organa. Artificial reference paper 5. _Fake Journal 2_, 10(2):1–4, 2025. doi: 10.1080/13658816.2020.1720692 2'], 'citation_key': 'citation-1'}"
23,23,research_reviewer_main,2025-06-23 21:25:43,raw_ref_to_json.py,"{'title': 'Augmenting Visualizations with Interactive Data Facts to Facilitate Interpretation and Communication', 'authors': ['author-58', 'author-59', 'author-60', 'author-61'], 'year': 2018, 'venue': 'venue-1', 'raw_venue': 'IEEE Transactions on Visualization and Computer Graphics', 'citation_count': 0, 'fields_of_study': [{'id': 'https://openalex.org/C36464697', 'wikidata': 'https://www.wikidata.org/wiki/Q451553', 'display_name': 'Visualization', 'level': 2, 'score': 0.86902654}, {'id': 'https://openalex.org/C41008148', 'wikidata': 'https://www.wikidata.org/wiki/Q21198', 'display_name': 'Computer science', 'level': 0, 'score': 0.85580385}, {'id': 'https://openalex.org/C172367668', 'wikidata': 'https://www.wikidata.org/wiki/Q6504956', 'display_name': 'Data visualization', 'level': 3, 'score': 0.6545185}, {'id': 'https://openalex.org/C107457646', 'wikidata': 'https://www.wikidata.org/wiki/Q207434', 'display_name': 'Human–computer interaction', 'level': 1, 'score': 0.63202643}, {'id': 'https://openalex.org/C153083717', 'wikidata': 'https://www.wikidata.org/wiki/Q6535263', 'display_name': 'Leverage (statistics)', 'level': 2, 'score': 0.58076054}, {'id': 'https://openalex.org/C64073096', 'wikidata': 'https://www.wikidata.org/wiki/Q451553', 'display_name': 'Interactive visualization', 'level': 3, 'score': 0.54393876}, {'id': 'https://openalex.org/C185578843', 'wikidata': 'https://www.wikidata.org/wiki/Q10609775', 'display_name': 'Information visualization', 'level': 3, 'score': 0.54111356}, {'id': 'https://openalex.org/C59732488', 'wikidata': 'https://www.wikidata.org/wiki/Q2528440', 'display_name': 'Visual analytics', 'level': 3, 'score': 0.49517122}, {'id': 'https://openalex.org/C79581498', 'wikidata': 'https://www.wikidata.org/wiki/Q1367530', 'display_name': 'Suite', 'level': 2, 'score': 0.45350882}, {'id': 'https://openalex.org/C14669888', 'wikidata': 'https://www.wikidata.org/wiki/Q4014850', 'display_name': 'Creative visualization', 'level': 3, 'score': 0.44161397}, {'id': 'https://openalex.org/C2522767166', 'wikidata': 'https://www.wikidata.org/wiki/Q2374463', 'display_name': 'Data science', 'level': 1, 'score': 0.43182564}, {'id': 'https://openalex.org/C124101348', 'wikidata': 'https://www.wikidata.org/wiki/Q172491', 'display_name': 'Data mining', 'level': 1, 'score': 0.24726641}, {'id': 'https://openalex.org/C154945302', 'wikidata': 'https://www.wikidata.org/wiki/Q11660', 'display_name': 'Artificial intelligence', 'level': 1, 'score': 0.20981687}, {'id': 'https://openalex.org/C95457728', 'wikidata': 'https://www.wikidata.org/wiki/Q309', 'display_name': 'History', 'level': 0, 'score': 0.0}, {'id': 'https://openalex.org/C166957645', 'wikidata': 'https://www.wikidata.org/wiki/Q23498', 'display_name': 'Archaeology', 'level': 1, 'score': 0.0}], 'external_ids': {'OpenAlex': 'https://openalex.org/W2888660171'}, 'semantic_scholar_id': None, 'arxiv_id': None, 'doi': 'https://doi.org/10.1109/tvcg.2018.2865145', 'ref_id': 23, 'reference_mentions': ['of presentation-like storytelling visualizations and explored mechanisms for automatically generating annotations by integrating deeplearning feature extraction techniques with a natural language generation process [9]. Annotations in such systems are used to describe salient patterns and facilitate storytelling [23].', '- [23] A. Srinivasan, S. M. Drucker, A. Endert, and J. Stasko. Augmenting visualizations with interactive data facts to facilitate interpretation and communication. _IEEE Transactions on Visualization and Computer Graphics_, 25(1):672–681, 2019. doi: 10.1109/TVCG.2018.2865145 2'], 'citation_key': 'citation-1'}"
24,24,research_reviewer_main,2025-06-23 21:25:43,raw_ref_to_json.py,"{'title': 'GeoVISTA Studio: a codeless visual programming environment for geoscientific data analysis and visualization', 'authors': ['author-62', 'author-63'], 'year': 2002, 'venue': 'venue-1', 'raw_venue': 'Computers and Geosciences', 'citation_count': 0, 'fields_of_study': [{'id': 'https://openalex.org/C41008148', 'wikidata': 'https://www.wikidata.org/wiki/Q21198', 'display_name': 'Computer science', 'level': 0, 'score': 0.81142545}, {'id': 'https://openalex.org/C168167062', 'wikidata': 'https://www.wikidata.org/wiki/Q1117970', 'display_name': 'Component (thermodynamics)', 'level': 2, 'score': 0.68636775}, {'id': 'https://openalex.org/C115903868', 'wikidata': 'https://www.wikidata.org/wiki/Q80993', 'display_name': 'Software engineering', 'level': 1, 'score': 0.64466035}, {'id': 'https://openalex.org/C36464697', 'wikidata': 'https://www.wikidata.org/wiki/Q451553', 'display_name': 'Visualization', 'level': 2, 'score': 0.6275289}, {'id': 'https://openalex.org/C512115632', 'wikidata': 'https://www.wikidata.org/wiki/Q134067', 'display_name': 'Microsoft Visual Studio', 'level': 3, 'score': 0.5669715}, {'id': 'https://openalex.org/C2777904410', 'wikidata': 'https://www.wikidata.org/wiki/Q7397', 'display_name': 'Software', 'level': 2, 'score': 0.55747104}, {'id': 'https://openalex.org/C105339364', 'wikidata': 'https://www.wikidata.org/wiki/Q2297740', 'display_name': 'Software deployment', 'level': 2, 'score': 0.5477533}, {'id': 'https://openalex.org/C128644962', 'wikidata': 'https://www.wikidata.org/wiki/Q683111', 'display_name': 'Visual programming language', 'level': 2, 'score': 0.46731064}, {'id': 'https://openalex.org/C45012715', 'wikidata': 'https://www.wikidata.org/wiki/Q746628', 'display_name': 'Studio', 'level': 2, 'score': 0.457541}, {'id': 'https://openalex.org/C174683762', 'wikidata': 'https://www.wikidata.org/wiki/Q609588', 'display_name': 'Component-based software engineering', 'level': 4, 'score': 0.4215423}, {'id': 'https://openalex.org/C201995342', 'wikidata': 'https://www.wikidata.org/wiki/Q682496', 'display_name': 'Systems engineering', 'level': 1, 'score': 0.40409172}, {'id': 'https://openalex.org/C107457646', 'wikidata': 'https://www.wikidata.org/wiki/Q207434', 'display_name': 'Human–computer interaction', 'level': 1, 'score': 0.3913628}, {'id': 'https://openalex.org/C2522767166', 'wikidata': 'https://www.wikidata.org/wiki/Q2374463', 'display_name': 'Data science', 'level': 1, 'score': 0.36184844}, {'id': 'https://openalex.org/C149091818', 'wikidata': 'https://www.wikidata.org/wiki/Q2429814', 'display_name': 'Software system', 'level': 3, 'score': 0.3569025}, {'id': 'https://openalex.org/C154945302', 'wikidata': 'https://www.wikidata.org/wiki/Q11660', 'display_name': 'Artificial intelligence', 'level': 1, 'score': 0.17589027}, {'id': 'https://openalex.org/C199360897', 'wikidata': 'https://www.wikidata.org/wiki/Q9143', 'display_name': 'Programming language', 'level': 1, 'score': 0.16474715}, {'id': 'https://openalex.org/C127413603', 'wikidata': 'https://www.wikidata.org/wiki/Q11023', 'display_name': 'Engineering', 'level': 0, 'score': 0.11414084}, {'id': 'https://openalex.org/C76155785', 'wikidata': 'https://www.wikidata.org/wiki/Q418', 'display_name': 'Telecommunications', 'level': 1, 'score': 0.0}, {'id': 'https://openalex.org/C121332964', 'wikidata': 'https://www.wikidata.org/wiki/Q413', 'display_name': 'Physics', 'level': 0, 'score': 0.0}, {'id': 'https://openalex.org/C97355855', 'wikidata': 'https://www.wikidata.org/wiki/Q11473', 'display_name': 'Thermodynamics', 'level': 1, 'score': 0.0}], 'external_ids': {'OpenAlex': 'https://openalex.org/W2075274160'}, 'semantic_scholar_id': None, 'arxiv_id': None, 'doi': 'https://doi.org/10.1016/s0098-3004(02)00031-6', 'ref_id': 24, 'reference_mentions': ['Various spatial prediction models [21] and spatial data analysis tools [24] have been developed to support geographic analysis. In this work, we focus on two local spatial models widely used in spatial analysis: Geographically Weighted Regression (GWR) [1], and its recent extension, Multiscale Geographically Weighted Regression (MGWR) [2]. GWR extends the classical linear regression model [20] by capturing spatial heterogeneity with influence spreading over the space in a constant scale. MGWR further improves GWR models where local influences are modeled in different spatial windows.', '- [24] M. Takatsuka and M. Gahegan. GeoVISTA Studio: A codeless visual programming environment for geoscientific data analysis and visualization. _Computers and Geosciences_, 28(10):1131–1144, 2002. doi: 10.1016/S0098-3004(02)00031-6 1'], 'citation_key': 'citation-1'}"
25,25,research_reviewer_main,2025-06-23 21:25:43,raw_ref_to_json.py,"{'title': 'EnsembleMatrix: Interactive visualization to support machine learning with multiple classifiers', 'authors': ['author-64', 'author-42', 'author-65', 'author-66'], 'year': 2009, 'venue': 'venue-1', 'raw_venue': 'pp. 1283–1292', 'citation_count': 0, 'fields_of_study': [], 'external_ids': {}, 'semantic_scholar_id': None, 'arxiv_id': None, 'doi': '10.1145/1518701.1518895', 'ref_id': 25, 'reference_mentions': [""Narrative visualization is directly related to the concept of explainability, where the visualization authors seek to couple images and text to explain an underlying data analysis. With respect to model explainability, the visual analytics community has developed a variety of systems to support the interactive explanation of machine learning models (e.g. [22, 12]). Several model-independent approaches, e.g. EnsembleMatrix [25] and RuleMatrix [13], focus on the classifier's input-output behaviors to provide insight into the model classification results. EnsembleMatrix provides a visual summary of the model outputs, RuleMatrix uses a matrix-based visualization to explain classification results, and Prospector [8] explores the relationship between feature values and predictions by using partial dependence diagnostics."", '- [25] J. Talbot, B. Lee, A. Kapoor, and D. S. Tan. EnsembleMatrix: Interactive visualization to support machine learning with multiple classifiers. In _Proceedings of the ACM Conference on Human Factors in Computing Systems_, pp. 1283–1292, 2009. doi: 10.1145/1518701. 1518895 2'], 'citation_key': 'citation-1'}"
1,1,research_reviewer_main,2025-06-24 18:45:49,raw_ref_to_json.py,"{'title': 'Geographically Weighted Regression: A Method for Exploring Spatial Nonstationarity', 'authors': ['author-1', 'author-2', 'author-3'], 'year': 1996, 'venue': 'venue-1', 'raw_venue': '_Geographical Analysis_', 'citation_count': 0, 'fields_of_study': [{'id': 'https://openalex.org/C183115368', 'wikidata': 'https://www.wikidata.org/wiki/Q856577', 'display_name': 'Weighting', 'level': 2, 'score': 0.5591234}, {'id': 'https://openalex.org/C149782125', 'wikidata': 'https://www.wikidata.org/wiki/Q160039', 'display_name': 'Econometrics', 'level': 1, 'score': 0.5498866}, {'id': 'https://openalex.org/C152877465', 'wikidata': 'https://www.wikidata.org/wiki/Q208042', 'display_name': 'Regression analysis', 'level': 2, 'score': 0.46724772}, {'id': 'https://openalex.org/C83546350', 'wikidata': 'https://www.wikidata.org/wiki/Q1139051', 'display_name': 'Regression', 'level': 2, 'score': 0.45310447}, {'id': 'https://openalex.org/C57381214', 'wikidata': 'https://www.wikidata.org/wiki/Q55631393', 'display_name': 'Regression diagnostic', 'level': 4, 'score': 0.43200865}, {'id': 'https://openalex.org/C74193536', 'wikidata': 'https://www.wikidata.org/wiki/Q574844', 'display_name': 'Kernel (algebra)', 'level': 2, 'score': 0.4311947}, {'id': 'https://openalex.org/C105795698', 'wikidata': 'https://www.wikidata.org/wiki/Q12483', 'display_name': 'Statistics', 'level': 1, 'score': 0.42828384}, {'id': 'https://openalex.org/C191988596', 'wikidata': 'https://www.wikidata.org/wiki/Q628374', 'display_name': 'Null hypothesis', 'level': 2, 'score': 0.41306394}, {'id': 'https://openalex.org/C41008148', 'wikidata': 'https://www.wikidata.org/wiki/Q21198', 'display_name': 'Computer science', 'level': 0, 'score': 0.381736}, {'id': 'https://openalex.org/C33923547', 'wikidata': 'https://www.wikidata.org/wiki/Q395', 'display_name': 'Mathematics', 'level': 0, 'score': 0.33852097}, {'id': 'https://openalex.org/C120068334', 'wikidata': 'https://www.wikidata.org/wiki/Q45343', 'display_name': 'Polynomial regression', 'level': 3, 'score': 0.1839481}, {'id': 'https://openalex.org/C71924100', 'wikidata': 'https://www.wikidata.org/wiki/Q11190', 'display_name': 'Medicine', 'level': 0, 'score': 0.0}, {'id': 'https://openalex.org/C114614502', 'wikidata': 'https://www.wikidata.org/wiki/Q76592', 'display_name': 'Combinatorics', 'level': 1, 'score': 0.0}, {'id': 'https://openalex.org/C126838900', 'wikidata': 'https://www.wikidata.org/wiki/Q77604', 'display_name': 'Radiology', 'level': 1, 'score': 0.0}], 'external_ids': {'OpenAlex': 'https://openalex.org/W2047120335'}, 'semantic_scholar_id': None, 'arxiv_id': None, 'doi': 'https://doi.org/10.1111/j.1538-4632.1996.tb00936.x', 'ref_id': 1, 'reference_mentions': ['Various spatial prediction models [21] and spatial data analysis tools [24] have been developed to support geographic analysis. In this work, we focus on two local spatial models widely used in spatial analysis: Geographically Weighted Regression (GWR) [1], and its recent extension, Multiscale Geographically Weighted Regression (MGWR) [2]. GWR extends the classical linear regression model [20] by capturing spatial heterogeneity with influence spreading over the space in a constant scale. MGWR further improves GWR models where local influences are modeled in different spatial windows.', '- [1] C. Brunsdon, A. S. Fotheringham, and M. E. Charlton. Geographically weighted regression: A method for exploring spatial nonstationarity. _Geographical Analysis_, 28(4):281–298, 1996. doi: 10.1111/j. 1538-4632.1996.tb00936.x 1'], 'citation_key': 'citation-1'}"
2,2,research_reviewer_main,2025-06-24 18:45:49,raw_ref_to_json.py,"{'title': 'Multiscale Geographically Weighted Regression (MGWR)', 'authors': ['author-2', 'author-4', 'author-5'], 'year': 2017, 'venue': 'venue-2', 'raw_venue': 'Annals of the American Association of Geographers', 'citation_count': 0, 'fields_of_study': [{'id': 'https://openalex.org/C2778755073', 'wikidata': 'https://www.wikidata.org/wiki/Q10858537', 'display_name': 'Scale (ratio)', 'level': 2, 'score': 0.61235404}, {'id': 'https://openalex.org/C2910321205', 'wikidata': 'https://www.wikidata.org/wiki/Q1938983', 'display_name': 'Geographically Weighted Regression', 'level': 2, 'score': 0.607604}, {'id': 'https://openalex.org/C41008148', 'wikidata': 'https://www.wikidata.org/wiki/Q21198', 'display_name': 'Computer science', 'level': 0, 'score': 0.57766426}, {'id': 'https://openalex.org/C124101348', 'wikidata': 'https://www.wikidata.org/wiki/Q172491', 'display_name': 'Data mining', 'level': 1, 'score': 0.53097165}, {'id': 'https://openalex.org/C158709400', 'wikidata': 'https://www.wikidata.org/wiki/Q3578586', 'display_name': 'Spatial ecology', 'level': 2, 'score': 0.5103974}, {'id': 'https://openalex.org/C159620131', 'wikidata': 'https://www.wikidata.org/wiki/Q1938983', 'display_name': 'Spatial analysis', 'level': 2, 'score': 0.4911537}, {'id': 'https://openalex.org/C180478619', 'wikidata': 'https://www.wikidata.org/wiki/Q7574066', 'display_name': 'Spatial heterogeneity', 'level': 2, 'score': 0.41404253}, {'id': 'https://openalex.org/C205649164', 'wikidata': 'https://www.wikidata.org/wiki/Q1071', 'display_name': 'Geography', 'level': 0, 'score': 0.25248158}, {'id': 'https://openalex.org/C33923547', 'wikidata': 'https://www.wikidata.org/wiki/Q395', 'display_name': 'Mathematics', 'level': 0, 'score': 0.2424098}, {'id': 'https://openalex.org/C105795698', 'wikidata': 'https://www.wikidata.org/wiki/Q12483', 'display_name': 'Statistics', 'level': 1, 'score': 0.20963207}, {'id': 'https://openalex.org/C58640448', 'wikidata': 'https://www.wikidata.org/wiki/Q42515', 'display_name': 'Cartography', 'level': 1, 'score': 0.19349894}, {'id': 'https://openalex.org/C18903297', 'wikidata': 'https://www.wikidata.org/wiki/Q7150', 'display_name': 'Ecology', 'level': 1, 'score': 0.0}, {'id': 'https://openalex.org/C86803240', 'wikidata': 'https://www.wikidata.org/wiki/Q420', 'display_name': 'Biology', 'level': 0, 'score': 0.0}], 'external_ids': {'OpenAlex': 'https://openalex.org/W2747207142'}, 'semantic_scholar_id': None, 'arxiv_id': None, 'doi': 'https://doi.org/10.1080/24694452.2017.1352480', 'ref_id': 2, 'reference_mentions': ['Various spatial prediction models [21] and spatial data analysis tools [24] have been developed to support geographic analysis. In this work, we focus on two local spatial models widely used in spatial analysis: Geographically Weighted Regression (GWR) [1], and its recent extension, Multiscale Geographically Weighted Regression (MGWR) [2]. GWR extends the classical linear regression model [20] by capturing spatial heterogeneity with influence spreading over the space in a constant scale. MGWR further improves GWR models where local influences are modeled in different spatial windows.', '- [2] A. S. Fotheringham, W. Yang, and W. Kang. Multiscale geographically weighted regression (MGWR). _Annals of the American Association of Geographers_, 107(6):1247–1265, 2017. doi: 10.1080/ 24694452.2017.1352480 1'], 'citation_key': 'citation-2'}"
3,3,research_reviewer_main,2025-06-24 18:45:49,raw_ref_to_json.py,"{'title': 'NewsViews: An automated pipeline for creating custom geovisualizations for news', 'authors': ['author-6', 'author-7', 'author-8', 'author-9', 'author-10'], 'year': 2014, 'venue': 'venue-3', 'raw_venue': 'pp. 3005–3014', 'citation_count': 0, 'fields_of_study': [], 'external_ids': {}, 'semantic_scholar_id': None, 'arxiv_id': None, 'doi': '10.1145/2556288.2557228', 'ref_id': 3, 'reference_mentions': ['The design space of narrative visualization [18, 5] has been widely explored in the visualization community and a diverse set of storytelling and annotation methods have been developed to reveal observations in data and to convey key messages to an audience. Such narrative visualization techniques have been adopted by a variety of geovisual analytics applications [16] that have integrated story authoring tools with spatial data visualizations. For example, NewsViews [3] generates interactive maps with narrative annotations automatically from a given news article. Latif and Beck [10] introduce a bivariate map design that integrates template-based text annotations, and they later extend their work to investigate the interplay of text and visualization in geographic storytelling [11].', '- [3] T. Gao, J. Hullman, E. Adar, B. Hecht, and N. Diakopoulos. NewsViews: An automated pipeline for creating custom geovisualizations for news. _Proceedings of the ACM Conference on Human Factors in Computing Systems_, pp. 3005–3014, 2014. doi: 10.1145/ 2556288.2557228 1'], 'citation_key': 'citation-3'}"
4,4,research_reviewer_main,2025-06-24 18:45:49,raw_ref_to_json.py,"{'title': 'Visualizing Multiple Variables Across Scale and Geography', 'authors': ['author-11', 'author-12', 'author-13', 'author-14'], 'year': 2015, 'venue': 'venue-4', 'raw_venue': 'IEEE Transactions on Visualization and Computer Graphics', 'citation_count': 0, 'fields_of_study': [{'id': 'https://openalex.org/C2779808786', 'wikidata': 'https://www.wikidata.org/wiki/Q6664603', 'display_name': 'Locality', 'level': 2, 'score': 0.7801113}, {'id': 'https://openalex.org/C41008148', 'wikidata': 'https://www.wikidata.org/wiki/Q21198', 'display_name': 'Computer science', 'level': 0, 'score': 0.63115597}, {'id': 'https://openalex.org/C161584116', 'wikidata': 'https://www.wikidata.org/wiki/Q1952580', 'display_name': 'Multivariate statistics', 'level': 2, 'score': 0.55824304}, {'id': 'https://openalex.org/C36464697', 'wikidata': 'https://www.wikidata.org/wiki/Q451553', 'display_name': 'Visualization', 'level': 2, 'score': 0.55002844}, {'id': 'https://openalex.org/C2778755073', 'wikidata': 'https://www.wikidata.org/wiki/Q10858537', 'display_name': 'Scale (ratio)', 'level': 2, 'score': 0.54068774}, {'id': 'https://openalex.org/C124101348', 'wikidata': 'https://www.wikidata.org/wiki/Q172491', 'display_name': 'Data mining', 'level': 1, 'score': 0.52359164}, {'id': 'https://openalex.org/C182365436', 'wikidata': 'https://www.wikidata.org/wiki/Q50701', 'display_name': 'Variable (mathematics)', 'level': 2, 'score': 0.48285562}, {'id': 'https://openalex.org/C172367668', 'wikidata': 'https://www.wikidata.org/wiki/Q6504956', 'display_name': 'Data visualization', 'level': 3, 'score': 0.47112012}, {'id': 'https://openalex.org/C2522767166', 'wikidata': 'https://www.wikidata.org/wiki/Q2374463', 'display_name': 'Data science', 'level': 1, 'score': 0.46255675}, {'id': 'https://openalex.org/C59732488', 'wikidata': 'https://www.wikidata.org/wiki/Q2528440', 'display_name': 'Visual analytics', 'level': 3, 'score': 0.4613962}, {'id': 'https://openalex.org/C2779343474', 'wikidata': 'https://www.wikidata.org/wiki/Q3109175', 'display_name': 'Context (archaeology)', 'level': 2, 'score': 0.4432754}, {'id': 'https://openalex.org/C12380541', 'wikidata': 'https://www.wikidata.org/wiki/Q58300', 'display_name': 'Geovisualization', 'level': 4, 'score': 0.427939}, {'id': 'https://openalex.org/C185578843', 'wikidata': 'https://www.wikidata.org/wiki/Q10609775', 'display_name': 'Information visualization', 'level': 3, 'score': 0.2559135}, {'id': 'https://openalex.org/C205649164', 'wikidata': 'https://www.wikidata.org/wiki/Q1071', 'display_name': 'Geography', 'level': 0, 'score': 0.24398425}, {'id': 'https://openalex.org/C119857082', 'wikidata': 'https://www.wikidata.org/wiki/Q2539', 'display_name': 'Machine learning', 'level': 1, 'score': 0.22207245}, {'id': 'https://openalex.org/C58640448', 'wikidata': 'https://www.wikidata.org/wiki/Q42515', 'display_name': 'Cartography', 'level': 1, 'score': 0.20363623}, {'id': 'https://openalex.org/C33923547', 'wikidata': 'https://www.wikidata.org/wiki/Q395', 'display_name': 'Mathematics', 'level': 0, 'score': 0.14833647}, {'id': 'https://openalex.org/C134306372', 'wikidata': 'https://www.wikidata.org/wiki/Q7754', 'display_name': 'Mathematical analysis', 'level': 1, 'score': 0.0}, {'id': 'https://openalex.org/C138885662', 'wikidata': 'https://www.wikidata.org/wiki/Q5891', 'display_name': 'Philosophy', 'level': 0, 'score': 0.0}, {'id': 'https://openalex.org/C41895202', 'wikidata': 'https://www.wikidata.org/wiki/Q8162', 'display_name': 'Linguistics', 'level': 1, 'score': 0.0}, {'id': 'https://openalex.org/C166957645', 'wikidata': 'https://www.wikidata.org/wiki/Q23498', 'display_name': 'Archaeology', 'level': 1, 'score': 0.0}], 'external_ids': {'OpenAlex': 'https://openalex.org/W1922630791'}, 'semantic_scholar_id': None, 'arxiv_id': None, 'doi': 'https://doi.org/10.1109/tvcg.2015.2467199', 'ref_id': 4, 'reference_mentions': ['Most closely related to our work are the techniques that explain models from feature-level observation. Muhlbacher and ¨ Piringer [14] facilitated feature selection and optimization in regression models by partitioning the feature space into disjoint regions for visualization. Sedlmair et al. [17] proposed an abstract conceptual framework to discuss the visual parameter space analysis problems independent of the application domain. Goodwin et al. [4] extended visual parameter space analysis to the spatial domain, enabling the exploration of correlations between multiple variables that vary geographically at different spatial scales. While these techniques focus on explanations for domain experts, our work is designed to support explanations to experts and support their use of external information to contextualize these relationships and communicate their findings to a general audience. Our choice of text templates, as opposed to large language models, for narrative generation is to support control for reliability and reproducibility. All text generated must have a verifiable source and the generation of text for the analysis should always return the same results to ensure that the resulting analyses are not subject to misinformation.', '- [4] S. Goodwin, J. Dykes, A. Slingsby, and C. Turkay. Visualizing multiple variables across scale and geography. _IEEE Transactions on Visualization and Computer Graphics_, 22:599–608, 1 2016. doi: 10. 1109/TVCG.2015.2467199 2'], 'citation_key': 'citation-4'}"
5,5,research_reviewer_main,2025-06-24 18:45:49,raw_ref_to_json.py,"{'title': 'Visualization Rhetoric: Framing Effects in Narrative Visualization', 'authors': ['author-7', 'author-10'], 'year': 2011, 'venue': 'venue-4', 'raw_venue': '_IEEE Transactions on Visualization and Computer Graphics_', 'citation_count': 0, 'fields_of_study': [{'id': 'https://openalex.org/C36464697', 'wikidata': 'https://www.wikidata.org/wiki/Q451553', 'display_name': 'Visualization', 'level': 2, 'score': 0.79622793}, {'id': 'https://openalex.org/C144430266', 'wikidata': 'https://www.wikidata.org/wiki/Q839721', 'display_name': 'Interactivity', 'level': 2, 'score': 0.7347064}, {'id': 'https://openalex.org/C41008148', 'wikidata': 'https://www.wikidata.org/wiki/Q21198', 'display_name': 'Computer science', 'level': 0, 'score': 0.6955757}, {'id': 'https://openalex.org/C199033989', 'wikidata': 'https://www.wikidata.org/wiki/Q1318295', 'display_name': 'Narrative', 'level': 2, 'score': 0.643844}, {'id': 'https://openalex.org/C1370556', 'wikidata': 'https://www.wikidata.org/wiki/Q81009', 'display_name': 'Rhetoric', 'level': 2, 'score': 0.6302061}, {'id': 'https://openalex.org/C185578843', 'wikidata': 'https://www.wikidata.org/wiki/Q10609775', 'display_name': 'Information visualization', 'level': 3, 'score': 0.623294}, {'id': 'https://openalex.org/C192562157', 'wikidata': 'https://www.wikidata.org/wiki/Q316694', 'display_name': 'Rhetorical question', 'level': 2, 'score': 0.5865254}, {'id': 'https://openalex.org/C169087156', 'wikidata': 'https://www.wikidata.org/wiki/Q2131593', 'display_name': 'Framing (construction)', 'level': 2, 'score': 0.5838043}, {'id': 'https://openalex.org/C527412718', 'wikidata': 'https://www.wikidata.org/wiki/Q855395', 'display_name': 'Interpretation (philosophy)', 'level': 2, 'score': 0.5080888}, {'id': 'https://openalex.org/C172367668', 'wikidata': 'https://www.wikidata.org/wiki/Q6504956', 'display_name': 'Data visualization', 'level': 3, 'score': 0.49569905}, {'id': 'https://openalex.org/C63985673', 'wikidata': 'https://www.wikidata.org/wiki/Q6966216', 'display_name': 'Narrative network', 'level': 5, 'score': 0.4251465}, {'id': 'https://openalex.org/C59732488', 'wikidata': 'https://www.wikidata.org/wiki/Q2528440', 'display_name': 'Visual analytics', 'level': 3, 'score': 0.41939878}, {'id': 'https://openalex.org/C107457646', 'wikidata': 'https://www.wikidata.org/wiki/Q207434', 'display_name': 'Human–computer interaction', 'level': 1, 'score': 0.36241305}, {'id': 'https://openalex.org/C2522767166', 'wikidata': 'https://www.wikidata.org/wiki/Q2374463', 'display_name': 'Data science', 'level': 1, 'score': 0.34457913}, {'id': 'https://openalex.org/C117893075', 'wikidata': 'https://www.wikidata.org/wiki/Q6966213', 'display_name': 'Narrative inquiry', 'level': 3, 'score': 0.32758468}, {'id': 'https://openalex.org/C136764020', 'wikidata': 'https://www.wikidata.org/wiki/Q466', 'display_name': 'World Wide Web', 'level': 1, 'score': 0.25471133}, {'id': 'https://openalex.org/C12772571', 'wikidata': 'https://www.wikidata.org/wiki/Q1965350', 'display_name': 'Narrative criticism', 'level': 4, 'score': 0.24969572}, {'id': 'https://openalex.org/C41895202', 'wikidata': 'https://www.wikidata.org/wiki/Q8162', 'display_name': 'Linguistics', 'level': 1, 'score': 0.1543862}, {'id': 'https://openalex.org/C154945302', 'wikidata': 'https://www.wikidata.org/wiki/Q11660', 'display_name': 'Artificial intelligence', 'level': 1, 'score': 0.1406241}, {'id': 'https://openalex.org/C138885662', 'wikidata': 'https://www.wikidata.org/wiki/Q5891', 'display_name': 'Philosophy', 'level': 0, 'score': 0.0}, {'id': 'https://openalex.org/C66938386', 'wikidata': 'https://www.wikidata.org/wiki/Q633538', 'display_name': 'Structural engineering', 'level': 1, 'score': 0.0}, {'id': 'https://openalex.org/C127413603', 'wikidata': 'https://www.wikidata.org/wiki/Q11023', 'display_name': 'Engineering', 'level': 0, 'score': 0.0}, {'id': 'https://openalex.org/C199360897', 'wikidata': 'https://www.wikidata.org/wiki/Q9143', 'display_name': 'Programming language', 'level': 1, 'score': 0.0}], 'external_ids': {'OpenAlex': 'https://openalex.org/W2108982845'}, 'semantic_scholar_id': None, 'arxiv_id': None, 'doi': 'https://doi.org/10.1109/tvcg.2011.255', 'ref_id': 5, 'reference_mentions': ['The design space of narrative visualization [18, 5] has been widely explored in the visualization community and a diverse set of storytelling and annotation methods have been developed to reveal observations in data and to convey key messages to an audience. Such narrative visualization techniques have been adopted by a variety of geovisual analytics applications [16] that have integrated story authoring tools with spatial data visualizations. For example, NewsViews [3] generates interactive maps with narrative annotations automatically from a given news article. Latif and Beck [10] introduce a bivariate map design that integrates template-based text annotations, and they later extend their work to investigate the interplay of text and visualization in geographic storytelling [11].', '- [5] J. Hullman and N. Diakopoulos. Visualization rhetoric: Framing effects in narrative visualization. _IEEE Transactions on Visualization and Computer Graphics_, 17(12):2231–2240, 2011. doi: 10.1109/ TVCG.2011.255 1'], 'citation_key': 'citation-5'}"
6,6,research_reviewer_main,2025-06-24 18:45:49,raw_ref_to_json.py,"{'title': 'Artificial reference paper 4', 'authors': ['author-15'], 'year': 2025, 'venue': 'venue-5', 'raw_venue': '_Fake Journal 2_', 'citation_count': 0, 'fields_of_study': [], 'external_ids': {}, 'semantic_scholar_id': None, 'arxiv_id': None, 'doi': '10.1080/13658816.2020.1720692', 'ref_id': 6, 'reference_mentions': ['Support for a variety of spatial models is integrated into the most widely used geographic information systems (GIS). However, these systems and notebooks do not support integrated external knowledge sources to help contextualize models [6]. They also require analysts to judiciously choose the proper tools at every stage of the analytical pipeline to build a well-trained model. This process necessitates a solid foundation in geographical concepts and can be time-consuming, even for seasoned analysts. Our goal is to enhance the spatial modeling process through a deliberately designed userfriendly workflow and automatically generated explanatory narratives guided by domain experts to promote the understanding of local contextual information from models. Our work focuses on improving model explainability, enabling interactive report authoring, and supporting contextualization through narrative generation. This is important in local models such as GWR and MGWR because the main output from such models is a set of local parameter estimates from each process being modeled, and the spatial variation in these estimates needs to be explained in terms of the contextualized environment of each location by providing additional contextual information for users.', '- [6] J. Hutt. Artificial reference paper 4. _Fake Journal 2_, 10(2):1–4, 2025. doi: 10.1080/13658816.2020.1720692 1'], 'citation_key': 'citation-6'}"
7,7,research_reviewer_main,2025-06-24 18:45:49,raw_ref_to_json.py,"{'title': 'Storytelling: The Next Step for Visualization', 'authors': ['author-16', 'author-17'], 'year': 2013, 'venue': 'venue-6', 'raw_venue': '_Computer_', 'citation_count': 0, 'fields_of_study': [{'id': 'https://openalex.org/C41008148', 'wikidata': 'https://www.wikidata.org/wiki/Q21198', 'display_name': 'Computer science', 'level': 0, 'score': 0.8512155}, {'id': 'https://openalex.org/C36464697', 'wikidata': 'https://www.wikidata.org/wiki/Q451553', 'display_name': 'Visualization', 'level': 2, 'score': 0.73311126}, {'id': 'https://openalex.org/C2776538412', 'wikidata': 'https://www.wikidata.org/wiki/Q989963', 'display_name': 'Storytelling', 'level': 3, 'score': 0.7125526}, {'id': 'https://openalex.org/C172367668', 'wikidata': 'https://www.wikidata.org/wiki/Q6504956', 'display_name': 'Data visualization', 'level': 3, 'score': 0.45415512}, {'id': 'https://openalex.org/C107457646', 'wikidata': 'https://www.wikidata.org/wiki/Q207434', 'display_name': 'Human–computer interaction', 'level': 1, 'score': 0.44045046}, {'id': 'https://openalex.org/C49774154', 'wikidata': 'https://www.wikidata.org/wiki/Q131765', 'display_name': 'Multimedia', 'level': 1, 'score': 0.39378357}, {'id': 'https://openalex.org/C121684516', 'wikidata': 'https://www.wikidata.org/wiki/Q7600677', 'display_name': 'Computer graphics (images)', 'level': 1, 'score': 0.39046153}, {'id': 'https://openalex.org/C136764020', 'wikidata': 'https://www.wikidata.org/wiki/Q466', 'display_name': 'World Wide Web', 'level': 1, 'score': 0.36869556}, {'id': 'https://openalex.org/C2522767166', 'wikidata': 'https://www.wikidata.org/wiki/Q2374463', 'display_name': 'Data science', 'level': 1, 'score': 0.33651778}, {'id': 'https://openalex.org/C199033989', 'wikidata': 'https://www.wikidata.org/wiki/Q1318295', 'display_name': 'Narrative', 'level': 2, 'score': 0.26546}, {'id': 'https://openalex.org/C154945302', 'wikidata': 'https://www.wikidata.org/wiki/Q11660', 'display_name': 'Artificial intelligence', 'level': 1, 'score': 0.17702144}, {'id': 'https://openalex.org/C138885662', 'wikidata': 'https://www.wikidata.org/wiki/Q5891', 'display_name': 'Philosophy', 'level': 0, 'score': 0.0}, {'id': 'https://openalex.org/C41895202', 'wikidata': 'https://www.wikidata.org/wiki/Q8162', 'display_name': 'Linguistics', 'level': 1, 'score': 0.0}], 'external_ids': {'OpenAlex': 'https://openalex.org/W2163805179'}, 'semantic_scholar_id': None, 'arxiv_id': None, 'doi': 'https://doi.org/10.1109/mc.2013.36', 'ref_id': 7, 'reference_mentions': ['In this paper, we present a visual analytics framework designed to support spatial data modeling, analysis and reporting. Our approach is inspired by research in explainable machine learning [21] and a combination of narrative visualization [18] and storytelling techniques [7]. The framework provides multiple types of explanation support throughout the spatial analysis pipeline. In the model calibration stage, our framework interprets the functionality of the spatial model configuration and recommends parameter settings. Then, the framework summarizes and explains model outputs by adopting template-based text annotations, linking with external knowledge repositories to provide relevant contextual information. All visualizations, model results, and annotations can be captured in an interactive report authoring widget, enabling analysts to generate documentation that explains their spatial analyses.', 'Many of these systems utilize annotations to enhance the visual narratives, and Kosara and Mackinlay [7] emphasize the importance of annotations for facilitating storytelling in visualization. Recent annotation work [15] has focused on the semi-automatic creation', '- [7] R. Kosara and J. Mackinlay. Storytelling: The next step for visualization. _Computer_, 46(5):44–50, 2013. doi: 10.1109/MC.2013.36 1'], 'citation_key': 'citation-7'}"
8,8,research_reviewer_main,2025-06-24 18:45:49,raw_ref_to_json.py,"{'title': 'Interacting with predictions: Visual inspection of black-box machine learning models', 'authors': ['author-18', 'author-19', 'author-20'], 'year': 2016, 'venue': 'venue-3', 'raw_venue': 'pp. 5686–5697', 'citation_count': 0, 'fields_of_study': [], 'external_ids': {}, 'semantic_scholar_id': None, 'arxiv_id': None, 'doi': '10.1145/2858036.2858529', 'ref_id': 8, 'reference_mentions': [""Narrative visualization is directly related to the concept of explainability, where the visualization authors seek to couple images and text to explain an underlying data analysis. With respect to model explainability, the visual analytics community has developed a variety of systems to support the interactive explanation of machine learning models (e.g. [22, 12]). Several model-independent approaches, e.g. EnsembleMatrix [25] and RuleMatrix [13], focus on the classifier's input-output behaviors to provide insight into the model classification results. EnsembleMatrix provides a visual summary of the model outputs, RuleMatrix uses a matrix-based visualization to explain classification results, and Prospector [8] explores the relationship between feature values and predictions by using partial dependence diagnostics."", '- [8] J. Krause, A. Perer, and K. Ng. Interacting with predictions: Visual inspection of black-box machine learning models. In _Proceedings of the ACM Conference on Human Factors in Computing Systems_, pp. 5686–5697, 2016. doi: 10.1145/2858036.2858529 2'], 'citation_key': 'citation-8'}"
9,9,research_reviewer_main,2025-06-24 18:45:49,raw_ref_to_json.py,"{'title': 'Automatic Annotation Synchronizing with Textual Description for Visualization', 'authors': ['author-21', 'author-22', 'author-23', 'author-24', 'author-25', 'author-26'], 'year': 2020, 'venue': 'venue-3', 'raw_venue': 'pp. 1–13', 'citation_count': 0, 'fields_of_study': [{'id': 'https://openalex.org/C41008148', 'wikidata': 'https://www.wikidata.org/wiki/Q21198', 'display_name': 'Computer science', 'level': 0, 'score': 0.90069175}, {'id': 'https://openalex.org/C162932704', 'wikidata': 'https://www.wikidata.org/wiki/Q1058791', 'display_name': 'Synchronizing', 'level': 3, 'score': 0.75185287}, {'id': 'https://openalex.org/C36464697', 'wikidata': 'https://www.wikidata.org/wiki/Q451553', 'display_name': 'Visualization', 'level': 2, 'score': 0.72613573}, {'id': 'https://openalex.org/C502989409', 'wikidata': 'https://www.wikidata.org/wiki/Q11425', 'display_name': 'Animation', 'level': 2, 'score': 0.71811163}, {'id': 'https://openalex.org/C170130773', 'wikidata': 'https://www.wikidata.org/wiki/Q216378', 'display_name': 'Usability', 'level': 2, 'score': 0.66955286}, {'id': 'https://openalex.org/C186644900', 'wikidata': 'https://www.wikidata.org/wiki/Q194152', 'display_name': 'Parsing', 'level': 2, 'score': 0.6032105}, {'id': 'https://openalex.org/C116834253', 'wikidata': 'https://www.wikidata.org/wiki/Q2039217', 'display_name': 'Identification (biology)', 'level': 2, 'score': 0.56386936}, {'id': 'https://openalex.org/C23123220', 'wikidata': 'https://www.wikidata.org/wiki/Q816826', 'display_name': 'Information retrieval', 'level': 1, 'score': 0.55441487}, {'id': 'https://openalex.org/C170858558', 'wikidata': 'https://www.wikidata.org/wiki/Q1394144', 'display_name': 'Automatic summarization', 'level': 2, 'score': 0.5498219}, {'id': 'https://openalex.org/C2776321320', 'wikidata': 'https://www.wikidata.org/wiki/Q857525', 'display_name': 'Annotation', 'level': 2, 'score': 0.5325068}, {'id': 'https://openalex.org/C2777530160', 'wikidata': 'https://www.wikidata.org/wiki/Q41796', 'display_name': 'Sentence', 'level': 2, 'score': 0.48038036}, {'id': 'https://openalex.org/C2777601897', 'wikidata': 'https://www.wikidata.org/wiki/Q3409113', 'display_name': 'Presentation (obstetrics)', 'level': 2, 'score': 0.47402456}, {'id': 'https://openalex.org/C154945302', 'wikidata': 'https://www.wikidata.org/wiki/Q11660', 'display_name': 'Artificial intelligence', 'level': 1, 'score': 0.4233025}, {'id': 'https://openalex.org/C107457646', 'wikidata': 'https://www.wikidata.org/wiki/Q207434', 'display_name': 'Human–computer interaction', 'level': 1, 'score': 0.4124354}, {'id': 'https://openalex.org/C204321447', 'wikidata': 'https://www.wikidata.org/wiki/Q30642', 'display_name': 'Natural language processing', 'level': 1, 'score': 0.37678257}, {'id': 'https://openalex.org/C121684516', 'wikidata': 'https://www.wikidata.org/wiki/Q7600677', 'display_name': 'Computer graphics (images)', 'level': 1, 'score': 0.21897244}, {'id': 'https://openalex.org/C71924100', 'wikidata': 'https://www.wikidata.org/wiki/Q11190', 'display_name': 'Medicine', 'level': 0, 'score': 0.0}, {'id': 'https://openalex.org/C76155785', 'wikidata': 'https://www.wikidata.org/wiki/Q418', 'display_name': 'Telecommunications', 'level': 1, 'score': 0.0}, {'id': 'https://openalex.org/C59822182', 'wikidata': 'https://www.wikidata.org/wiki/Q441', 'display_name': 'Botany', 'level': 1, 'score': 0.0}, {'id': 'https://openalex.org/C126838900', 'wikidata': 'https://www.wikidata.org/wiki/Q77604', 'display_name': 'Radiology', 'level': 1, 'score': 0.0}, {'id': 'https://openalex.org/C761482', 'wikidata': 'https://www.wikidata.org/wiki/Q118093', 'display_name': 'Transmission (telecommunications)', 'level': 2, 'score': 0.0}, {'id': 'https://openalex.org/C86803240', 'wikidata': 'https://www.wikidata.org/wiki/Q420', 'display_name': 'Biology', 'level': 0, 'score': 0.0}], 'external_ids': {'OpenAlex': 'https://openalex.org/W3031494326'}, 'semantic_scholar_id': None, 'arxiv_id': None, 'doi': 'https://doi.org/10.1145/3313831.3376443', 'ref_id': 9, 'reference_mentions': ['of presentation-like storytelling visualizations and explored mechanisms for automatically generating annotations by integrating deeplearning feature extraction techniques with a natural language generation process [9]. Annotations in such systems are used to describe salient patterns and facilitate storytelling [23].', '- [9] C. Lai, Z. Lin, R. Jiang, Y. Han, C. Liu, and X. Yuan. Automatic annotation synchronizing with textual description for visualization. _Proceedings of the ACM Conference on Human Factors in Computing Systems_, pp. 1–13, 2020. doi: 10.1145/3313831.3376443 2'], 'citation_key': 'citation-9'}"
10,10,research_reviewer_main,2025-06-24 18:45:49,raw_ref_to_json.py,"{'title': 'Interactive map reports summarizing bivariate geographic data', 'authors': ['author-27', 'author-28'], 'year': 2019, 'venue': 'venue-7', 'raw_venue': '_Visual Informatics_', 'citation_count': 0, 'fields_of_study': [{'id': 'https://openalex.org/C64341305', 'wikidata': 'https://www.wikidata.org/wiki/Q4919225', 'display_name': 'Bivariate analysis', 'level': 2, 'score': 0.82727915}, {'id': 'https://openalex.org/C36464697', 'wikidata': 'https://www.wikidata.org/wiki/Q451553', 'display_name': 'Visualization', 'level': 2, 'score': 0.8226297}, {'id': 'https://openalex.org/C41008148', 'wikidata': 'https://www.wikidata.org/wiki/Q21198', 'display_name': 'Computer science', 'level': 0, 'score': 0.73198366}, {'id': 'https://openalex.org/C199163554', 'wikidata': 'https://www.wikidata.org/wiki/Q1681619', 'display_name': 'Univariate', 'level': 3, 'score': 0.69257474}, {'id': 'https://openalex.org/C148264743', 'wikidata': 'https://www.wikidata.org/wiki/Q4919224', 'display_name': 'Bivariate data', 'level': 3, 'score': 0.6744417}, {'id': 'https://openalex.org/C79337645', 'wikidata': 'https://www.wikidata.org/wiki/Q779824', 'display_name': 'Outlier', 'level': 2, 'score': 0.64662564}, {'id': 'https://openalex.org/C2780598303', 'wikidata': 'https://www.wikidata.org/wiki/Q65921492', 'display_name': 'Flexibility (engineering)', 'level': 2, 'score': 0.5315556}, {'id': 'https://openalex.org/C172367668', 'wikidata': 'https://www.wikidata.org/wiki/Q6504956', 'display_name': 'Data visualization', 'level': 3, 'score': 0.52295595}, {'id': 'https://openalex.org/C185578843', 'wikidata': 'https://www.wikidata.org/wiki/Q10609775', 'display_name': 'Information visualization', 'level': 3, 'score': 0.4881228}, {'id': 'https://openalex.org/C23123220', 'wikidata': 'https://www.wikidata.org/wiki/Q816826', 'display_name': 'Information retrieval', 'level': 1, 'score': 0.47964913}, {'id': 'https://openalex.org/C124101348', 'wikidata': 'https://www.wikidata.org/wiki/Q172491', 'display_name': 'Data mining', 'level': 1, 'score': 0.47605392}, {'id': 'https://openalex.org/C64073096', 'wikidata': 'https://www.wikidata.org/wiki/Q451553', 'display_name': 'Interactive visualization', 'level': 3, 'score': 0.4568693}, {'id': 'https://openalex.org/C12380541', 'wikidata': 'https://www.wikidata.org/wiki/Q58300', 'display_name': 'Geovisualization', 'level': 4, 'score': 0.4433759}, {'id': 'https://openalex.org/C2522767166', 'wikidata': 'https://www.wikidata.org/wiki/Q2374463', 'display_name': 'Data science', 'level': 1, 'score': 0.39644647}, {'id': 'https://openalex.org/C154945302', 'wikidata': 'https://www.wikidata.org/wiki/Q11660', 'display_name': 'Artificial intelligence', 'level': 1, 'score': 0.2828192}, {'id': 'https://openalex.org/C161584116', 'wikidata': 'https://www.wikidata.org/wiki/Q1952580', 'display_name': 'Multivariate statistics', 'level': 2, 'score': 0.26023448}, {'id': 'https://openalex.org/C119857082', 'wikidata': 'https://www.wikidata.org/wiki/Q2539', 'display_name': 'Machine learning', 'level': 1, 'score': 0.1893628}, {'id': 'https://openalex.org/C105795698', 'wikidata': 'https://www.wikidata.org/wiki/Q12483', 'display_name': 'Statistics', 'level': 1, 'score': 0.14903966}, {'id': 'https://openalex.org/C33923547', 'wikidata': 'https://www.wikidata.org/wiki/Q395', 'display_name': 'Mathematics', 'level': 0, 'score': 0.08651525}], 'external_ids': {'OpenAlex': 'https://openalex.org/W2923187851'}, 'semantic_scholar_id': None, 'arxiv_id': None, 'doi': 'https://doi.org/10.1016/j.visinf.2019.03.004', 'ref_id': 10, 'reference_mentions': ['The design space of narrative visualization [18, 5] has been widely explored in the visualization community and a diverse set of storytelling and annotation methods have been developed to reveal observations in data and to convey key messages to an audience. Such narrative visualization techniques have been adopted by a variety of geovisual analytics applications [16] that have integrated story authoring tools with spatial data visualizations. For example, NewsViews [3] generates interactive maps with narrative annotations automatically from a given news article. Latif and Beck [10] introduce a bivariate map design that integrates template-based text annotations, and they later extend their work to investigate the interplay of text and visualization in geographic storytelling [11].', '- [10] S. Latif and F. Beck. Interactive map reports summarizing bivariate geographic data. _Visual Informatics_, 3(1):27–37, 2019. doi: 10.1016/j .visinf.2019.03.004 1'], 'citation_key': 'citation-10'}"
11,11,research_reviewer_main,2025-06-24 18:45:49,raw_ref_to_json.py,"{'title': 'A Deeper Understanding of Visualization‐Text Interplay in Geographic Data‐driven Stories', 'authors': ['author-27', 'author-29', 'author-28'], 'year': 2021, 'venue': 'venue-8', 'raw_venue': '_Computer Graphics Forum_', 'citation_count': 0, 'fields_of_study': [{'id': 'https://openalex.org/C199033989', 'wikidata': 'https://www.wikidata.org/wiki/Q1318295', 'display_name': 'Narrative', 'level': 2, 'score': 0.7906942}, {'id': 'https://openalex.org/C36464697', 'wikidata': 'https://www.wikidata.org/wiki/Q451553', 'display_name': 'Visualization', 'level': 2, 'score': 0.7081024}, {'id': 'https://openalex.org/C41008148', 'wikidata': 'https://www.wikidata.org/wiki/Q21198', 'display_name': 'Computer science', 'level': 0, 'score': 0.688704}, {'id': 'https://openalex.org/C136197465', 'wikidata': 'https://www.wikidata.org/wiki/Q1729295', 'display_name': 'Variety (cybernetics)', 'level': 2, 'score': 0.58778226}, {'id': 'https://openalex.org/C2522767166', 'wikidata': 'https://www.wikidata.org/wiki/Q2374463', 'display_name': 'Data science', 'level': 1, 'score': 0.49861145}, {'id': 'https://openalex.org/C172367668', 'wikidata': 'https://www.wikidata.org/wiki/Q6504956', 'display_name': 'Data visualization', 'level': 3, 'score': 0.47064158}, {'id': 'https://openalex.org/C2777530160', 'wikidata': 'https://www.wikidata.org/wiki/Q41796', 'display_name': 'Sentence', 'level': 2, 'score': 0.45065117}, {'id': 'https://openalex.org/C192209626', 'wikidata': 'https://www.wikidata.org/wiki/Q190909', 'display_name': 'Focus (optics)', 'level': 2, 'score': 0.44566667}, {'id': 'https://openalex.org/C112313634', 'wikidata': 'https://www.wikidata.org/wiki/Q7886648', 'display_name': 'Complement (music)', 'level': 5, 'score': 0.42988345}, {'id': 'https://openalex.org/C136764020', 'wikidata': 'https://www.wikidata.org/wiki/Q466', 'display_name': 'World Wide Web', 'level': 1, 'score': 0.35396692}, {'id': 'https://openalex.org/C154945302', 'wikidata': 'https://www.wikidata.org/wiki/Q11660', 'display_name': 'Artificial intelligence', 'level': 1, 'score': 0.18501127}, {'id': 'https://openalex.org/C41895202', 'wikidata': 'https://www.wikidata.org/wiki/Q8162', 'display_name': 'Linguistics', 'level': 1, 'score': 0.15864143}, {'id': 'https://openalex.org/C55493867', 'wikidata': 'https://www.wikidata.org/wiki/Q7094', 'display_name': 'Biochemistry', 'level': 1, 'score': 0.0}, {'id': 'https://openalex.org/C138885662', 'wikidata': 'https://www.wikidata.org/wiki/Q5891', 'display_name': 'Philosophy', 'level': 0, 'score': 0.0}, {'id': 'https://openalex.org/C121332964', 'wikidata': 'https://www.wikidata.org/wiki/Q413', 'display_name': 'Physics', 'level': 0, 'score': 0.0}, {'id': 'https://openalex.org/C185592680', 'wikidata': 'https://www.wikidata.org/wiki/Q2329', 'display_name': 'Chemistry', 'level': 0, 'score': 0.0}, {'id': 'https://openalex.org/C188082640', 'wikidata': 'https://www.wikidata.org/wiki/Q1780899', 'display_name': 'Complementation', 'level': 4, 'score': 0.0}, {'id': 'https://openalex.org/C120665830', 'wikidata': 'https://www.wikidata.org/wiki/Q14620', 'display_name': 'Optics', 'level': 1, 'score': 0.0}, {'id': 'https://openalex.org/C104317684', 'wikidata': 'https://www.wikidata.org/wiki/Q7187', 'display_name': 'Gene', 'level': 2, 'score': 0.0}, {'id': 'https://openalex.org/C127716648', 'wikidata': 'https://www.wikidata.org/wiki/Q104053', 'display_name': 'Phenotype', 'level': 3, 'score': 0.0}], 'external_ids': {'OpenAlex': 'https://openalex.org/W3175903777'}, 'semantic_scholar_id': None, 'arxiv_id': None, 'doi': 'https://doi.org/10.1111/cgf.14309', 'ref_id': 11, 'reference_mentions': ['The design space of narrative visualization [18, 5] has been widely explored in the visualization community and a diverse set of storytelling and annotation methods have been developed to reveal observations in data and to convey key messages to an audience. Such narrative visualization techniques have been adopted by a variety of geovisual analytics applications [16] that have integrated story authoring tools with spatial data visualizations. For example, NewsViews [3] generates interactive maps with narrative annotations automatically from a given news article. Latif and Beck [10] introduce a bivariate map design that integrates template-based text annotations, and they later extend their work to investigate the interplay of text and visualization in geographic storytelling [11].', '- [11] S. Latif, S. Chen, and F. Beck. A deeper understanding of visualization-text interplay in geographic data-driven stories. _Computer Graphics Forum_, 40(3):311–322, 2021. doi: 10.1111/cgf.14309 1'], 'citation_key': 'citation-11'}"
12,12,research_reviewer_main,2025-06-24 18:45:49,raw_ref_to_json.py,"{'title': 'The State‐of‐the‐Art in Predictive Visual Analytics', 'authors': ['author-30', 'author-31', 'author-32', 'author-33', 'author-34'], 'year': 2017, 'venue': 'venue-8', 'raw_venue': '_Computer Graphics Forum_', 'citation_count': 0, 'fields_of_study': [{'id': 'https://openalex.org/C59732488', 'wikidata': 'https://www.wikidata.org/wiki/Q2528440', 'display_name': 'Visual analytics', 'level': 3, 'score': 0.8384055}, {'id': 'https://openalex.org/C41008148', 'wikidata': 'https://www.wikidata.org/wiki/Q21198', 'display_name': 'Computer science', 'level': 0, 'score': 0.79064494}, {'id': 'https://openalex.org/C545860419', 'wikidata': 'https://www.wikidata.org/wiki/Q5193251', 'display_name': 'Cultural analytics', 'level': 5, 'score': 0.70043474}, {'id': 'https://openalex.org/C79158427', 'wikidata': 'https://www.wikidata.org/wiki/Q485396', 'display_name': 'Analytics', 'level': 2, 'score': 0.6990821}, {'id': 'https://openalex.org/C83209312', 'wikidata': 'https://www.wikidata.org/wiki/Q1053367', 'display_name': 'Predictive analytics', 'level': 2, 'score': 0.6669907}, {'id': 'https://openalex.org/C2522767166', 'wikidata': 'https://www.wikidata.org/wiki/Q2374463', 'display_name': 'Data science', 'level': 1, 'score': 0.6190355}, {'id': 'https://openalex.org/C43521106', 'wikidata': 'https://www.wikidata.org/wiki/Q2165493', 'display_name': 'Pipeline (software)', 'level': 2, 'score': 0.5942843}, {'id': 'https://openalex.org/C99740376', 'wikidata': 'https://www.wikidata.org/wiki/Q17092520', 'display_name': 'Interactive visual analysis', 'level': 4, 'score': 0.56215984}, {'id': 'https://openalex.org/C36464697', 'wikidata': 'https://www.wikidata.org/wiki/Q451553', 'display_name': 'Visualization', 'level': 2, 'score': 0.56099993}, {'id': 'https://openalex.org/C37952496', 'wikidata': 'https://www.wikidata.org/wiki/Q5001829', 'display_name': 'Business analytics', 'level': 4, 'score': 0.49068415}, {'id': 'https://openalex.org/C119857082', 'wikidata': 'https://www.wikidata.org/wiki/Q2539', 'display_name': 'Machine learning', 'level': 1, 'score': 0.47956532}, {'id': 'https://openalex.org/C171981572', 'wikidata': 'https://www.wikidata.org/wiki/Q7554239', 'display_name': 'Software analytics', 'level': 5, 'score': 0.4600539}, {'id': 'https://openalex.org/C154945302', 'wikidata': 'https://www.wikidata.org/wiki/Q11660', 'display_name': 'Artificial intelligence', 'level': 1, 'score': 0.45019084}, {'id': 'https://openalex.org/C172367668', 'wikidata': 'https://www.wikidata.org/wiki/Q6504956', 'display_name': 'Data visualization', 'level': 3, 'score': 0.42820305}, {'id': 'https://openalex.org/C148792806', 'wikidata': 'https://www.wikidata.org/wiki/Q7449046', 'display_name': 'Semantic analytics', 'level': 4, 'score': 0.28207934}, {'id': 'https://openalex.org/C2777904410', 'wikidata': 'https://www.wikidata.org/wiki/Q7397', 'display_name': 'Software', 'level': 2, 'score': 0.0821386}, {'id': 'https://openalex.org/C2129575', 'wikidata': 'https://www.wikidata.org/wiki/Q54837', 'display_name': 'Semantic Web', 'level': 2, 'score': 0.0}, {'id': 'https://openalex.org/C167379230', 'wikidata': 'https://www.wikidata.org/wiki/Q1026884', 'display_name': 'Semantic Web Stack', 'level': 3, 'score': 0.0}, {'id': 'https://openalex.org/C189076506', 'wikidata': 'https://www.wikidata.org/wiki/Q1518232', 'display_name': 'Business analysis', 'level': 3, 'score': 0.0}, {'id': 'https://openalex.org/C199360897', 'wikidata': 'https://www.wikidata.org/wiki/Q9143', 'display_name': 'Programming language', 'level': 1, 'score': 0.0}, {'id': 'https://openalex.org/C186846655', 'wikidata': 'https://www.wikidata.org/wiki/Q3398377', 'display_name': 'Software construction', 'level': 4, 'score': 0.0}, {'id': 'https://openalex.org/C4216890', 'wikidata': 'https://www.wikidata.org/wiki/Q815823', 'display_name': 'Business model', 'level': 2, 'score': 0.0}, {'id': 'https://openalex.org/C162853370', 'wikidata': 'https://www.wikidata.org/wiki/Q39809', 'display_name': 'Marketing', 'level': 1, 'score': 0.0}, {'id': 'https://openalex.org/C149091818', 'wikidata': 'https://www.wikidata.org/wiki/Q2429814', 'display_name': 'Software system', 'level': 3, 'score': 0.0}, {'id': 'https://openalex.org/C144133560', 'wikidata': 'https://www.wikidata.org/wiki/Q4830453', 'display_name': 'Business', 'level': 0, 'score': 0.0}], 'external_ids': {'OpenAlex': 'https://openalex.org/W2625478334'}, 'semantic_scholar_id': None, 'arxiv_id': None, 'doi': 'https://doi.org/10.1111/cgf.13210', 'ref_id': 12, 'reference_mentions': [""Narrative visualization is directly related to the concept of explainability, where the visualization authors seek to couple images and text to explain an underlying data analysis. With respect to model explainability, the visual analytics community has developed a variety of systems to support the interactive explanation of machine learning models (e.g. [22, 12]). Several model-independent approaches, e.g. EnsembleMatrix [25] and RuleMatrix [13], focus on the classifier's input-output behaviors to provide insight into the model classification results. EnsembleMatrix provides a visual summary of the model outputs, RuleMatrix uses a matrix-based visualization to explain classification results, and Prospector [8] explores the relationship between feature values and predictions by using partial dependence diagnostics."", '- [12] Y. Lu, R. Garcia, B. Hansen, M. Gleicher, and R. Maciejewski. The state-of-the-art in predictive visual analytics. _Computer Graphics Forum_, 36(3):539–562, 2017. doi: 10.1111/cgf.13210 2'], 'citation_key': 'citation-12'}"
13,13,research_reviewer_main,2025-06-24 18:45:49,raw_ref_to_json.py,"{'title': 'RuleMatrix: Visualizing and Understanding Classifiers with Rules', 'authors': ['author-35', 'author-36', 'author-37'], 'year': 2018, 'venue': 'venue-4', 'raw_venue': 'IEEE Transactions on Visualization and Computer Graphics', 'citation_count': 0, 'fields_of_study': [{'id': 'https://openalex.org/C41008148', 'wikidata': 'https://www.wikidata.org/wiki/Q21198', 'display_name': 'Computer science', 'level': 0, 'score': 0.8745866}, {'id': 'https://openalex.org/C119857082', 'wikidata': 'https://www.wikidata.org/wiki/Q2539', 'display_name': 'Machine learning', 'level': 1, 'score': 0.7279041}, {'id': 'https://openalex.org/C36464697', 'wikidata': 'https://www.wikidata.org/wiki/Q451553', 'display_name': 'Visualization', 'level': 2, 'score': 0.7174397}, {'id': 'https://openalex.org/C154945302', 'wikidata': 'https://www.wikidata.org/wiki/Q11660', 'display_name': 'Artificial intelligence', 'level': 1, 'score': 0.62551653}, {'id': 'https://openalex.org/C170130773', 'wikidata': 'https://www.wikidata.org/wiki/Q216378', 'display_name': 'Usability', 'level': 2, 'score': 0.58002543}, {'id': 'https://openalex.org/C94966114', 'wikidata': 'https://www.wikidata.org/wiki/Q29256', 'display_name': 'Black box', 'level': 2, 'score': 0.5747435}, {'id': 'https://openalex.org/C36503486', 'wikidata': 'https://www.wikidata.org/wiki/Q11235244', 'display_name': 'Domain (mathematical analysis)', 'level': 2, 'score': 0.4862839}, {'id': 'https://openalex.org/C207685749', 'wikidata': 'https://www.wikidata.org/wiki/Q2088941', 'display_name': 'Domain knowledge', 'level': 2, 'score': 0.48466378}, {'id': 'https://openalex.org/C172367668', 'wikidata': 'https://www.wikidata.org/wiki/Q6504956', 'display_name': 'Data visualization', 'level': 3, 'score': 0.4603396}, {'id': 'https://openalex.org/C107457646', 'wikidata': 'https://www.wikidata.org/wiki/Q207434', 'display_name': 'Human–computer interaction', 'level': 1, 'score': 0.44463095}, {'id': 'https://openalex.org/C134306372', 'wikidata': 'https://www.wikidata.org/wiki/Q7754', 'display_name': 'Mathematical analysis', 'level': 1, 'score': 0.0}, {'id': 'https://openalex.org/C33923547', 'wikidata': 'https://www.wikidata.org/wiki/Q395', 'display_name': 'Mathematics', 'level': 0, 'score': 0.0}], 'external_ids': {'OpenAlex': 'https://openalex.org/W2883424428'}, 'semantic_scholar_id': None, 'arxiv_id': None, 'doi': 'https://doi.org/10.1109/tvcg.2018.2864812', 'ref_id': 13, 'reference_mentions': [""Narrative visualization is directly related to the concept of explainability, where the visualization authors seek to couple images and text to explain an underlying data analysis. With respect to model explainability, the visual analytics community has developed a variety of systems to support the interactive explanation of machine learning models (e.g. [22, 12]). Several model-independent approaches, e.g. EnsembleMatrix [25] and RuleMatrix [13], focus on the classifier's input-output behaviors to provide insight into the model classification results. EnsembleMatrix provides a visual summary of the model outputs, RuleMatrix uses a matrix-based visualization to explain classification results, and Prospector [8] explores the relationship between feature values and predictions by using partial dependence diagnostics."", '- [13] Y. Ming, H. Qu, and E. Bertini. RuleMatrix: Visualizing and understanding classifiers with rules. _IEEE Transactions on Visualization and Computer Graphics_, 25(1):342–352, 2018. doi: 10.1109/TVCG. 2018.2864812 2'], 'citation_key': 'citation-13'}"
14,14,research_reviewer_main,2025-06-24 18:45:49,raw_ref_to_json.py,"{'title': 'A Partition-Based Framework for Building and Validating Regression Models', 'authors': ['author-38', 'author-39'], 'year': 2013, 'venue': 'venue-4', 'raw_venue': '_IEEE Transactions on Visualization and Computer Graphics_', 'citation_count': 0, 'fields_of_study': [{'id': 'https://openalex.org/C41008148', 'wikidata': 'https://www.wikidata.org/wiki/Q21198', 'display_name': 'Computer science', 'level': 0, 'score': 0.762699}, {'id': 'https://openalex.org/C5274069', 'wikidata': 'https://www.wikidata.org/wiki/Q2285707', 'display_name': 'Categorical variable', 'level': 2, 'score': 0.61468995}, {'id': 'https://openalex.org/C124101348', 'wikidata': 'https://www.wikidata.org/wiki/Q172491', 'display_name': 'Data mining', 'level': 1, 'score': 0.594388}, {'id': 'https://openalex.org/C148483581', 'wikidata': 'https://www.wikidata.org/wiki/Q446488', 'display_name': 'Feature selection', 'level': 2, 'score': 0.59390324}, {'id': 'https://openalex.org/C36464697', 'wikidata': 'https://www.wikidata.org/wiki/Q451553', 'display_name': 'Visualization', 'level': 2, 'score': 0.51597744}, {'id': 'https://openalex.org/C119857082', 'wikidata': 'https://www.wikidata.org/wiki/Q2539', 'display_name': 'Machine learning', 'level': 1, 'score': 0.4976187}, {'id': 'https://openalex.org/C189430467', 'wikidata': 'https://www.wikidata.org/wiki/Q7293293', 'display_name': 'Ranking (information retrieval)', 'level': 2, 'score': 0.47395492}, {'id': 'https://openalex.org/C154945302', 'wikidata': 'https://www.wikidata.org/wiki/Q11660', 'display_name': 'Artificial intelligence', 'level': 1, 'score': 0.47106522}, {'id': 'https://openalex.org/C36503486', 'wikidata': 'https://www.wikidata.org/wiki/Q11235244', 'display_name': 'Domain (mathematical analysis)', 'level': 2, 'score': 0.42441222}, {'id': 'https://openalex.org/C116834253', 'wikidata': 'https://www.wikidata.org/wiki/Q2039217', 'display_name': 'Identification (biology)', 'level': 2, 'score': 0.419775}, {'id': 'https://openalex.org/C152877465', 'wikidata': 'https://www.wikidata.org/wiki/Q208042', 'display_name': 'Regression analysis', 'level': 2, 'score': 0.41267926}, {'id': 'https://openalex.org/C33923547', 'wikidata': 'https://www.wikidata.org/wiki/Q395', 'display_name': 'Mathematics', 'level': 0, 'score': 0.11688572}, {'id': 'https://openalex.org/C134306372', 'wikidata': 'https://www.wikidata.org/wiki/Q7754', 'display_name': 'Mathematical analysis', 'level': 1, 'score': 0.0}, {'id': 'https://openalex.org/C59822182', 'wikidata': 'https://www.wikidata.org/wiki/Q441', 'display_name': 'Botany', 'level': 1, 'score': 0.0}, {'id': 'https://openalex.org/C86803240', 'wikidata': 'https://www.wikidata.org/wiki/Q420', 'display_name': 'Biology', 'level': 0, 'score': 0.0}], 'external_ids': {'OpenAlex': 'https://openalex.org/W1974584593'}, 'semantic_scholar_id': None, 'arxiv_id': None, 'doi': 'https://doi.org/10.1109/tvcg.2013.125', 'ref_id': 14, 'reference_mentions': ['Most closely related to our work are the techniques that explain models from feature-level observation. Muhlbacher and ¨ Piringer [14] facilitated feature selection and optimization in regression models by partitioning the feature space into disjoint regions for visualization. Sedlmair et al. [17] proposed an abstract conceptual framework to discuss the visual parameter space analysis problems independent of the application domain. Goodwin et al. [4] extended visual parameter space analysis to the spatial domain, enabling the exploration of correlations between multiple variables that vary geographically at different spatial scales. While these techniques focus on explanations for domain experts, our work is designed to support explanations to experts and support their use of external information to contextualize these relationships and communicate their findings to a general audience. Our choice of text templates, as opposed to large language models, for narrative generation is to support control for reliability and reproducibility. All text generated must have a verifiable source and the generation of text for the analysis should always return the same results to ensure that the resulting analyses are not subject to misinformation.', '- [14] T. Muhlbacher and H. Piringer. A partition-based framework for build- ¨ ing and validating regression models. _IEEE Transactions on Visualization and Computer Graphics_, 19(12):1962–1971, 2013. doi: 10. 1109/TVCG.2013.125 2'], 'citation_key': 'citation-14'}"
15,15,research_reviewer_main,2025-06-24 18:45:49,raw_ref_to_json.py,"{'title': 'ChartAccent: Annotation for data-driven storytelling', 'authors': ['author-40', 'author-41', 'author-42', 'author-43', 'author-44'], 'year': 2017, 'venue': 'venue-9', 'raw_venue': 'IEEE Pacific Symposium on Visualization', 'citation_count': 0, 'fields_of_study': [{'id': 'https://openalex.org/C2776321320', 'wikidata': 'https://www.wikidata.org/wiki/Q857525', 'display_name': 'Annotation', 'level': 2, 'score': 0.83623576}, {'id': 'https://openalex.org/C41008148', 'wikidata': 'https://www.wikidata.org/wiki/Q21198', 'display_name': 'Computer science', 'level': 0, 'score': 0.7969501}, {'id': 'https://openalex.org/C2779674283', 'wikidata': 'https://www.wikidata.org/wiki/Q425548', 'display_name': 'Palette (painting)', 'level': 2, 'score': 0.67369777}, {'id': 'https://openalex.org/C2776538412', 'wikidata': 'https://www.wikidata.org/wiki/Q989963', 'display_name': 'Storytelling', 'level': 3, 'score': 0.66978174}, {'id': 'https://openalex.org/C36464697', 'wikidata': 'https://www.wikidata.org/wiki/Q451553', 'display_name': 'Visualization', 'level': 2, 'score': 0.5909537}, {'id': 'https://openalex.org/C190812933', 'wikidata': 'https://www.wikidata.org/wiki/Q28923', 'display_name': 'Chart', 'level': 2, 'score': 0.5509476}, {'id': 'https://openalex.org/C2777904410', 'wikidata': 'https://www.wikidata.org/wiki/Q7397', 'display_name': 'Software', 'level': 2, 'score': 0.533134}, {'id': 'https://openalex.org/C98045186', 'wikidata': 'https://www.wikidata.org/wiki/Q205663', 'display_name': 'Process (computing)', 'level': 2, 'score': 0.51427907}, {'id': 'https://openalex.org/C23123220', 'wikidata': 'https://www.wikidata.org/wiki/Q816826', 'display_name': 'Information retrieval', 'level': 1, 'score': 0.47970933}, {'id': 'https://openalex.org/C172367668', 'wikidata': 'https://www.wikidata.org/wiki/Q6504956', 'display_name': 'Data visualization', 'level': 3, 'score': 0.47496057}, {'id': 'https://openalex.org/C26517878', 'wikidata': 'https://www.wikidata.org/wiki/Q228039', 'display_name': 'Key (lock)', 'level': 2, 'score': 0.44774207}, {'id': 'https://openalex.org/C21442007', 'wikidata': 'https://www.wikidata.org/wiki/Q1027879', 'display_name': 'Graphics', 'level': 2, 'score': 0.44207236}, {'id': 'https://openalex.org/C2522767166', 'wikidata': 'https://www.wikidata.org/wiki/Q2374463', 'display_name': 'Data science', 'level': 1, 'score': 0.42585915}, {'id': 'https://openalex.org/C136764020', 'wikidata': 'https://www.wikidata.org/wiki/Q466', 'display_name': 'World Wide Web', 'level': 1, 'score': 0.3957192}, {'id': 'https://openalex.org/C154945302', 'wikidata': 'https://www.wikidata.org/wiki/Q11660', 'display_name': 'Artificial intelligence', 'level': 1, 'score': 0.20820129}, {'id': 'https://openalex.org/C121684516', 'wikidata': 'https://www.wikidata.org/wiki/Q7600677', 'display_name': 'Computer graphics (images)', 'level': 1, 'score': 0.1322419}, {'id': 'https://openalex.org/C199360897', 'wikidata': 'https://www.wikidata.org/wiki/Q9143', 'display_name': 'Programming language', 'level': 1, 'score': 0.07947102}, {'id': 'https://openalex.org/C41895202', 'wikidata': 'https://www.wikidata.org/wiki/Q8162', 'display_name': 'Linguistics', 'level': 1, 'score': 0.0}, {'id': 'https://openalex.org/C138885662', 'wikidata': 'https://www.wikidata.org/wiki/Q5891', 'display_name': 'Philosophy', 'level': 0, 'score': 0.0}, {'id': 'https://openalex.org/C105795698', 'wikidata': 'https://www.wikidata.org/wiki/Q12483', 'display_name': 'Statistics', 'level': 1, 'score': 0.0}, {'id': 'https://openalex.org/C33923547', 'wikidata': 'https://www.wikidata.org/wiki/Q395', 'display_name': 'Mathematics', 'level': 0, 'score': 0.0}, {'id': 'https://openalex.org/C38652104', 'wikidata': 'https://www.wikidata.org/wiki/Q3510521', 'display_name': 'Computer security', 'level': 1, 'score': 0.0}, {'id': 'https://openalex.org/C111919701', 'wikidata': 'https://www.wikidata.org/wiki/Q9135', 'display_name': 'Operating system', 'level': 1, 'score': 0.0}, {'id': 'https://openalex.org/C199033989', 'wikidata': 'https://www.wikidata.org/wiki/Q1318295', 'display_name': 'Narrative', 'level': 2, 'score': 0.0}], 'external_ids': {'OpenAlex': 'https://openalex.org/W2596412070'}, 'semantic_scholar_id': None, 'arxiv_id': None, 'doi': 'https://doi.org/10.1109/pacificvis.2017.8031599', 'ref_id': 15, 'reference_mentions': ['Many of these systems utilize annotations to enhance the visual narratives, and Kosara and Mackinlay [7] emphasize the importance of annotations for facilitating storytelling in visualization. Recent annotation work [15] has focused on the semi-automatic creation', '- [15] D. Ren, M. Brehmer, B. Lee, T. Hollerer, and E. K. Choe. ChartAc- ¨ cent: Annotation for data-driven storytelling. In _IEEE Pacific Symposium on Visualization_, pp. 230–239, 2017. doi: 10.1109/PACIFICVIS .2017.8031599 1'], 'citation_key': 'citation-15'}"
16,16,research_reviewer_main,2025-06-24 18:45:49,raw_ref_to_json.py,"{'title': 'Authoring Narrative Visualizations with Ellipsis', 'authors': ['author-45', 'author-46'], 'year': 2014, 'venue': 'venue-8', 'raw_venue': '_Computer Graphics Forum_', 'citation_count': 0, 'fields_of_study': [{'id': 'https://openalex.org/C41008148', 'wikidata': 'https://www.wikidata.org/wiki/Q21198', 'display_name': 'Computer science', 'level': 0, 'score': 0.8534461}, {'id': 'https://openalex.org/C2776538412', 'wikidata': 'https://www.wikidata.org/wiki/Q989963', 'display_name': 'Storytelling', 'level': 3, 'score': 0.7768817}, {'id': 'https://openalex.org/C36464697', 'wikidata': 'https://www.wikidata.org/wiki/Q451553', 'display_name': 'Visualization', 'level': 2, 'score': 0.7637632}, {'id': 'https://openalex.org/C2780881102', 'wikidata': 'https://www.wikidata.org/wiki/Q189743', 'display_name': 'Ellipsis (linguistics)', 'level': 2, 'score': 0.7316454}, {'id': 'https://openalex.org/C199033989', 'wikidata': 'https://www.wikidata.org/wiki/Q1318295', 'display_name': 'Narrative', 'level': 2, 'score': 0.69846886}, {'id': 'https://openalex.org/C113843644', 'wikidata': 'https://www.wikidata.org/wiki/Q901882', 'display_name': 'Interface (matter)', 'level': 4, 'score': 0.4859513}, {'id': 'https://openalex.org/C201374245', 'wikidata': 'https://www.wikidata.org/wiki/Q104534', 'display_name': 'Digital subscriber line', 'level': 2, 'score': 0.43170166}, {'id': 'https://openalex.org/C107457646', 'wikidata': 'https://www.wikidata.org/wiki/Q207434', 'display_name': 'Human–computer interaction', 'level': 1, 'score': 0.4280765}, {'id': 'https://openalex.org/C36503486', 'wikidata': 'https://www.wikidata.org/wiki/Q11235244', 'display_name': 'Domain (mathematical analysis)', 'level': 2, 'score': 0.4173151}, {'id': 'https://openalex.org/C199360897', 'wikidata': 'https://www.wikidata.org/wiki/Q9143', 'display_name': 'Programming language', 'level': 1, 'score': 0.36567324}, {'id': 'https://openalex.org/C154945302', 'wikidata': 'https://www.wikidata.org/wiki/Q11660', 'display_name': 'Artificial intelligence', 'level': 1, 'score': 0.22729859}, {'id': 'https://openalex.org/C41895202', 'wikidata': 'https://www.wikidata.org/wiki/Q8162', 'display_name': 'Linguistics', 'level': 1, 'score': 0.19537419}, {'id': 'https://openalex.org/C76155785', 'wikidata': 'https://www.wikidata.org/wiki/Q418', 'display_name': 'Telecommunications', 'level': 1, 'score': 0.0}, {'id': 'https://openalex.org/C138885662', 'wikidata': 'https://www.wikidata.org/wiki/Q5891', 'display_name': 'Philosophy', 'level': 0, 'score': 0.0}, {'id': 'https://openalex.org/C157915830', 'wikidata': 'https://www.wikidata.org/wiki/Q2928001', 'display_name': 'Bubble', 'level': 2, 'score': 0.0}, {'id': 'https://openalex.org/C129307140', 'wikidata': 'https://www.wikidata.org/wiki/Q6795880', 'display_name': 'Maximum bubble pressure method', 'level': 3, 'score': 0.0}, {'id': 'https://openalex.org/C173608175', 'wikidata': 'https://www.wikidata.org/wiki/Q232661', 'display_name': 'Parallel computing', 'level': 1, 'score': 0.0}, {'id': 'https://openalex.org/C134306372', 'wikidata': 'https://www.wikidata.org/wiki/Q7754', 'display_name': 'Mathematical analysis', 'level': 1, 'score': 0.0}, {'id': 'https://openalex.org/C33923547', 'wikidata': 'https://www.wikidata.org/wiki/Q395', 'display_name': 'Mathematics', 'level': 0, 'score': 0.0}], 'external_ids': {'OpenAlex': 'https://openalex.org/W1530372876'}, 'semantic_scholar_id': None, 'arxiv_id': None, 'doi': 'https://doi.org/10.1111/cgf.12392', 'ref_id': 16, 'reference_mentions': ['The design space of narrative visualization [18, 5] has been widely explored in the visualization community and a diverse set of storytelling and annotation methods have been developed to reveal observations in data and to convey key messages to an audience. Such narrative visualization techniques have been adopted by a variety of geovisual analytics applications [16] that have integrated story authoring tools with spatial data visualizations. For example, NewsViews [3] generates interactive maps with narrative annotations automatically from a given news article. Latif and Beck [10] introduce a bivariate map design that integrates template-based text annotations, and they later extend their work to investigate the interplay of text and visualization in geographic storytelling [11].', '- [16] A. Satyanarayan and J. Heer. Authoring narrative visualizations with ellipsis. _Computer Graphics Forum_, 33(3):361–370, 2014. doi: 10. 1111/cgf.12392 1'], 'citation_key': 'citation-16'}"
17,17,research_reviewer_main,2025-06-24 18:45:49,raw_ref_to_json.py,"{'title': 'Visual Parameter Space Analysis: A Conceptual Framework', 'authors': ['author-47', 'author-48', 'author-49', 'author-39', 'author-50'], 'year': 2014, 'venue': 'venue-4', 'raw_venue': '_IEEE Transactions on Visualization and Computer Graphics_', 'citation_count': 0, 'fields_of_study': [{'id': 'https://openalex.org/C36464697', 'wikidata': 'https://www.wikidata.org/wiki/Q451553', 'display_name': 'Visualization', 'level': 2, 'score': 0.81709164}, {'id': 'https://openalex.org/C41008148', 'wikidata': 'https://www.wikidata.org/wiki/Q21198', 'display_name': 'Computer science', 'level': 0, 'score': 0.8127759}, {'id': 'https://openalex.org/C99740376', 'wikidata': 'https://www.wikidata.org/wiki/Q17092520', 'display_name': 'Interactive visual analysis', 'level': 4, 'score': 0.71844757}, {'id': 'https://openalex.org/C2778572836', 'wikidata': 'https://www.wikidata.org/wiki/Q380933', 'display_name': 'Space (punctuation)', 'level': 2, 'score': 0.5781091}, {'id': 'https://openalex.org/C177264268', 'wikidata': 'https://www.wikidata.org/wiki/Q1514741', 'display_name': 'Set (abstract data type)', 'level': 2, 'score': 0.56764126}, {'id': 'https://openalex.org/C73586568', 'wikidata': 'https://www.wikidata.org/wiki/Q2600211', 'display_name': 'Parameter space', 'level': 2, 'score': 0.56028014}, {'id': 'https://openalex.org/C172367668', 'wikidata': 'https://www.wikidata.org/wiki/Q6504956', 'display_name': 'Data visualization', 'level': 3, 'score': 0.55086666}, {'id': 'https://openalex.org/C59732488', 'wikidata': 'https://www.wikidata.org/wiki/Q2528440', 'display_name': 'Visual analytics', 'level': 3, 'score': 0.49232686}, {'id': 'https://openalex.org/C36503486', 'wikidata': 'https://www.wikidata.org/wiki/Q11235244', 'display_name': 'Domain (mathematical analysis)', 'level': 2, 'score': 0.47886178}, {'id': 'https://openalex.org/C124101348', 'wikidata': 'https://www.wikidata.org/wiki/Q172491', 'display_name': 'Data mining', 'level': 1, 'score': 0.4761643}, {'id': 'https://openalex.org/C185578843', 'wikidata': 'https://www.wikidata.org/wiki/Q10609775', 'display_name': 'Information visualization', 'level': 3, 'score': 0.4158303}, {'id': 'https://openalex.org/C2522767166', 'wikidata': 'https://www.wikidata.org/wiki/Q2374463', 'display_name': 'Data science', 'level': 1, 'score': 0.3864889}, {'id': 'https://openalex.org/C107457646', 'wikidata': 'https://www.wikidata.org/wiki/Q207434', 'display_name': 'Human–computer interaction', 'level': 1, 'score': 0.35227293}, {'id': 'https://openalex.org/C199360897', 'wikidata': 'https://www.wikidata.org/wiki/Q9143', 'display_name': 'Programming language', 'level': 1, 'score': 0.10926056}, {'id': 'https://openalex.org/C33923547', 'wikidata': 'https://www.wikidata.org/wiki/Q395', 'display_name': 'Mathematics', 'level': 0, 'score': 0.10606253}, {'id': 'https://openalex.org/C134306372', 'wikidata': 'https://www.wikidata.org/wiki/Q7754', 'display_name': 'Mathematical analysis', 'level': 1, 'score': 0.0}, {'id': 'https://openalex.org/C105795698', 'wikidata': 'https://www.wikidata.org/wiki/Q12483', 'display_name': 'Statistics', 'level': 1, 'score': 0.0}, {'id': 'https://openalex.org/C111919701', 'wikidata': 'https://www.wikidata.org/wiki/Q9135', 'display_name': 'Operating system', 'level': 1, 'score': 0.0}], 'external_ids': {'OpenAlex': 'https://openalex.org/W1964473154'}, 'semantic_scholar_id': None, 'arxiv_id': None, 'doi': 'https://doi.org/10.1109/tvcg.2014.2346321', 'ref_id': 17, 'reference_mentions': ['Most closely related to our work are the techniques that explain models from feature-level observation. Muhlbacher and ¨ Piringer [14] facilitated feature selection and optimization in regression models by partitioning the feature space into disjoint regions for visualization. Sedlmair et al. [17] proposed an abstract conceptual framework to discuss the visual parameter space analysis problems independent of the application domain. Goodwin et al. [4] extended visual parameter space analysis to the spatial domain, enabling the exploration of correlations between multiple variables that vary geographically at different spatial scales. While these techniques focus on explanations for domain experts, our work is designed to support explanations to experts and support their use of external information to contextualize these relationships and communicate their findings to a general audience. Our choice of text templates, as opposed to large language models, for narrative generation is to support control for reliability and reproducibility. All text generated must have a verifiable source and the generation of text for the analysis should always return the same results to ensure that the resulting analyses are not subject to misinformation.', '- [17] M. Sedlmair, C. Heinzl, S. Bruckner, H. Piringer, and T. Moller. Vi- ¨ sual parameter space analysis: A conceptual framework. _IEEE Transactions on Visualization and Computer Graphics_, 20:2161–2170, 12 2014. doi: 10.1109/TVCG.2014.2346321 2'], 'citation_key': 'citation-17'}"
18,18,research_reviewer_main,2025-06-24 18:45:49,raw_ref_to_json.py,"{'title': 'Narrative Visualization: Telling Stories with Data', 'authors': ['author-51', 'author-46'], 'year': 2010, 'venue': 'venue-4', 'raw_venue': '_IEEE Transactions on Visualization and Computer Graphics_', 'citation_count': 0, 'fields_of_study': [{'id': 'https://openalex.org/C36464697', 'wikidata': 'https://www.wikidata.org/wiki/Q451553', 'display_name': 'Visualization', 'level': 2, 'score': 0.7779104}, {'id': 'https://openalex.org/C41008148', 'wikidata': 'https://www.wikidata.org/wiki/Q21198', 'display_name': 'Computer science', 'level': 0, 'score': 0.7696947}, {'id': 'https://openalex.org/C172367668', 'wikidata': 'https://www.wikidata.org/wiki/Q6504956', 'display_name': 'Data visualization', 'level': 3, 'score': 0.6883841}, {'id': 'https://openalex.org/C199033989', 'wikidata': 'https://www.wikidata.org/wiki/Q1318295', 'display_name': 'Narrative', 'level': 2, 'score': 0.6459437}, {'id': 'https://openalex.org/C185578843', 'wikidata': 'https://www.wikidata.org/wiki/Q10609775', 'display_name': 'Information visualization', 'level': 3, 'score': 0.5081377}, {'id': 'https://openalex.org/C121684516', 'wikidata': 'https://www.wikidata.org/wiki/Q7600677', 'display_name': 'Computer graphics (images)', 'level': 1, 'score': 0.48709583}, {'id': 'https://openalex.org/C107457646', 'wikidata': 'https://www.wikidata.org/wiki/Q207434', 'display_name': 'Human–computer interaction', 'level': 1, 'score': 0.3592197}, {'id': 'https://openalex.org/C2522767166', 'wikidata': 'https://www.wikidata.org/wiki/Q2374463', 'display_name': 'Data science', 'level': 1, 'score': 0.34056702}, {'id': 'https://openalex.org/C23123220', 'wikidata': 'https://www.wikidata.org/wiki/Q816826', 'display_name': 'Information retrieval', 'level': 1, 'score': 0.336892}, {'id': 'https://openalex.org/C136764020', 'wikidata': 'https://www.wikidata.org/wiki/Q466', 'display_name': 'World Wide Web', 'level': 1, 'score': 0.32884216}, {'id': 'https://openalex.org/C49774154', 'wikidata': 'https://www.wikidata.org/wiki/Q131765', 'display_name': 'Multimedia', 'level': 1, 'score': 0.3260895}, {'id': 'https://openalex.org/C154945302', 'wikidata': 'https://www.wikidata.org/wiki/Q11660', 'display_name': 'Artificial intelligence', 'level': 1, 'score': 0.23176211}, {'id': 'https://openalex.org/C138885662', 'wikidata': 'https://www.wikidata.org/wiki/Q5891', 'display_name': 'Philosophy', 'level': 0, 'score': 0.0}, {'id': 'https://openalex.org/C41895202', 'wikidata': 'https://www.wikidata.org/wiki/Q8162', 'display_name': 'Linguistics', 'level': 1, 'score': 0.0}], 'external_ids': {'OpenAlex': 'https://openalex.org/W2157900633'}, 'semantic_scholar_id': None, 'arxiv_id': None, 'doi': 'https://doi.org/10.1109/tvcg.2010.179', 'ref_id': 18, 'reference_mentions': ['In this paper, we present a visual analytics framework designed to support spatial data modeling, analysis and reporting. Our approach is inspired by research in explainable machine learning [21] and a combination of narrative visualization [18] and storytelling techniques [7]. The framework provides multiple types of explanation support throughout the spatial analysis pipeline. In the model calibration stage, our framework interprets the functionality of the spatial model configuration and recommends parameter settings. Then, the framework summarizes and explains model outputs by adopting template-based text annotations, linking with external knowledge repositories to provide relevant contextual information. All visualizations, model results, and annotations can be captured in an interactive report authoring widget, enabling analysts to generate documentation that explains their spatial analyses.', 'The design space of narrative visualization [18, 5] has been widely explored in the visualization community and a diverse set of storytelling and annotation methods have been developed to reveal observations in data and to convey key messages to an audience. Such narrative visualization techniques have been adopted by a variety of geovisual analytics applications [16] that have integrated story authoring tools with spatial data visualizations. For example, NewsViews [3] generates interactive maps with narrative annotations automatically from a given news article. Latif and Beck [10] introduce a bivariate map design that integrates template-based text annotations, and they later extend their work to investigate the interplay of text and visualization in geographic storytelling [11].', '- [18] E. Segel and J. Heer. Narrative visualization: Telling stories with data. _IEEE Transactions on Visualization and Computer Graphics_, 16(6):1139–1148, 2010. doi: 10.1109/TVCG.2010.179 1'], 'citation_key': 'citation-18'}"
19,19,research_reviewer_main,2025-06-24 18:45:49,raw_ref_to_json.py,"{'title': 'Artificial reference paper 2', 'authors': ['author-52', 'author-53'], 'year': 2025, 'venue': 'venue-5', 'raw_venue': '_Fake Journal 2_', 'citation_count': 0, 'fields_of_study': [], 'external_ids': {}, 'semantic_scholar_id': None, 'arxiv_id': None, 'doi': '10.1080/13658816.2020.1720692', 'ref_id': 19, 'reference_mentions': ['Geographic models are often used to answer _why_ questions regarding underlying spatial phenomena such as why do voter preferences generally exhibit strong spatial dependency. In order to answer such questions, researchers have developed sophisticated spatial modeling techniques and software, such as multiscale geographically weighted regression [21], to identify the determinants of the spatial patterns of data we observe in both the human and natural environments. However, these models generate output that needs local contextual information to be interpreted properly. Without such information, advanced spatial modeling techniques do not gain their full potential. While a variety of geovisual analytics systems [19] have been developed to explore spatial statistics with the help of interactive maps and narrative annotations, these applications tend to visualize only basic statistical results, and, to our knowledge, none of them explain spatial modeling results.', '- [19] L. Skywalker and O.-W. Kenobi. Artificial reference paper 2. _Fake Journal 2_, 10(2):1–4, 2025. doi: 10.1080/13658816.2020.1720692 1'], 'citation_key': 'citation-19'}"
20,20,research_reviewer_main,2025-06-24 18:45:49,raw_ref_to_json.py,"{'title': 'RETRACTED: The effect of color (red versus blue) on assimilation versus contrast in prime-to-behavior effects', 'authors': ['author-54', 'author-55'], 'year': 2011, 'venue': 'venue-10', 'raw_venue': 'Journal of Experimental Social Psychology', 'citation_count': 0, 'fields_of_study': [{'id': 'https://openalex.org/C2779157386', 'wikidata': 'https://www.wikidata.org/wiki/Q43499', 'display_name': 'Erasmus+', 'level': 3, 'score': 0.84274554}, {'id': 'https://openalex.org/C15744967', 'wikidata': 'https://www.wikidata.org/wiki/Q9418', 'display_name': 'Psychology', 'level': 0, 'score': 0.61534274}, {'id': 'https://openalex.org/C2776502983', 'wikidata': 'https://www.wikidata.org/wiki/Q690182', 'display_name': 'Contrast (vision)', 'level': 2, 'score': 0.59088504}, {'id': 'https://openalex.org/C77805123', 'wikidata': 'https://www.wikidata.org/wiki/Q161272', 'display_name': 'Social psychology', 'level': 1, 'score': 0.38897723}, {'id': 'https://openalex.org/C52119013', 'wikidata': 'https://www.wikidata.org/wiki/Q50637', 'display_name': 'Art history', 'level': 1, 'score': 0.15427855}, {'id': 'https://openalex.org/C142362112', 'wikidata': 'https://www.wikidata.org/wiki/Q735', 'display_name': 'Art', 'level': 0, 'score': 0.12670818}, {'id': 'https://openalex.org/C154945302', 'wikidata': 'https://www.wikidata.org/wiki/Q11660', 'display_name': 'Artificial intelligence', 'level': 1, 'score': 0.12311584}, {'id': 'https://openalex.org/C41008148', 'wikidata': 'https://www.wikidata.org/wiki/Q21198', 'display_name': 'Computer science', 'level': 0, 'score': 0.12184861}, {'id': 'https://openalex.org/C52069626', 'wikidata': 'https://www.wikidata.org/wiki/Q4692', 'display_name': 'The Renaissance', 'level': 2, 'score': 0.0}], 'external_ids': {'OpenAlex': 'https://openalex.org/W1979045736'}, 'semantic_scholar_id': None, 'arxiv_id': None, 'doi': 'https://doi.org/10.1016/j.jesp.2011.02.010', 'ref_id': 20, 'reference_mentions': ['Various spatial prediction models [21] and spatial data analysis tools [24] have been developed to support geographic analysis. In this work, we focus on two local spatial models widely used in spatial analysis: Geographically Weighted Regression (GWR) [1], and its recent extension, Multiscale Geographically Weighted Regression (MGWR) [2]. GWR extends the classical linear regression model [20] by capturing spatial heterogeneity with influence spreading over the space in a constant scale. MGWR further improves GWR models where local influences are modeled in different spatial windows.', '- [20] D. Smeesters and J. Liu. Retracted: The effect of color (red versus blue) on assimilation versus contrast in prime-to-behavior effects. _Journal of Experimental Social Psychology_, 47(3):653–656, 2011. doi: 10.1016/j.jesp.2011.02.010 1'], 'citation_key': 'citation-20'}"
21,21,research_reviewer_main,2025-06-24 18:45:49,raw_ref_to_json.py,"{'title': 'Artificial reference paper 1', 'authors': ['author-56', 'author-53'], 'year': 2025, 'venue': 'venue-11', 'raw_venue': '_Fake Journal 1_', 'citation_count': 0, 'fields_of_study': [], 'external_ids': {}, 'semantic_scholar_id': None, 'arxiv_id': None, 'doi': '10.1080/13658816.2020.1720692', 'ref_id': 21, 'reference_mentions': ['Geographic models are often used to answer _why_ questions regarding underlying spatial phenomena such as why do voter preferences generally exhibit strong spatial dependency. In order to answer such questions, researchers have developed sophisticated spatial modeling techniques and software, such as multiscale geographically weighted regression [21], to identify the determinants of the spatial patterns of data we observe in both the human and natural environments. However, these models generate output that needs local contextual information to be interpreted properly. Without such information, advanced spatial modeling techniques do not gain their full potential. While a variety of geovisual analytics systems [19] have been developed to explore spatial statistics with the help of interactive maps and narrative annotations, these applications tend to visualize only basic statistical results, and, to our knowledge, none of them explain spatial modeling results.', 'In this paper, we present a visual analytics framework designed to support spatial data modeling, analysis and reporting. Our approach is inspired by research in explainable machine learning [21] and a combination of narrative visualization [18] and storytelling techniques [7]. The framework provides multiple types of explanation support throughout the spatial analysis pipeline. In the model calibration stage, our framework interprets the functionality of the spatial model configuration and recommends parameter settings. Then, the framework summarizes and explains model outputs by adopting template-based text annotations, linking with external knowledge repositories to provide relevant contextual information. All visualizations, model results, and annotations can be captured in an interactive report authoring widget, enabling analysts to generate documentation that explains their spatial analyses.', 'Various spatial prediction models [21] and spatial data analysis tools [24] have been developed to support geographic analysis. In this work, we focus on two local spatial models widely used in spatial analysis: Geographically Weighted Regression (GWR) [1], and its recent extension, Multiscale Geographically Weighted Regression (MGWR) [2]. GWR extends the classical linear regression model [20] by capturing spatial heterogeneity with influence spreading over the space in a constant scale. MGWR further improves GWR models where local influences are modeled in different spatial windows.', '- [21] H. Solo and O.-W. Kenobi. Artificial reference paper 1. _Fake Journal 1_, 34(7):1378–1397, 2025. doi: 10.1080/13658816.2020.1720692 1'], 'citation_key': 'citation-21'}"
22,22,research_reviewer_main,2025-06-24 18:45:49,raw_ref_to_json.py,"{'title': 'Artificial reference paper 5', 'authors': ['author-56', 'author-57'], 'year': 2025, 'venue': 'venue-5', 'raw_venue': '_Fake Journal 2_', 'citation_count': 0, 'fields_of_study': [], 'external_ids': {}, 'semantic_scholar_id': None, 'arxiv_id': None, 'doi': '10.1080/13658816.2020.1720692', 'ref_id': 22, 'reference_mentions': [""Narrative visualization is directly related to the concept of explainability, where the visualization authors seek to couple images and text to explain an underlying data analysis. With respect to model explainability, the visual analytics community has developed a variety of systems to support the interactive explanation of machine learning models (e.g. [22, 12]). Several model-independent approaches, e.g. EnsembleMatrix [25] and RuleMatrix [13], focus on the classifier's input-output behaviors to provide insight into the model classification results. EnsembleMatrix provides a visual summary of the model outputs, RuleMatrix uses a matrix-based visualization to explain classification results, and Prospector [8] explores the relationship between feature values and predictions by using partial dependence diagnostics."", '- [22] H. Solo and L. Organa. Artificial reference paper 5. _Fake Journal 2_, 10(2):1–4, 2025. doi: 10.1080/13658816.2020.1720692 2'], 'citation_key': 'citation-22'}"
23,23,research_reviewer_main,2025-06-24 18:45:49,raw_ref_to_json.py,"{'title': 'Augmenting Visualizations with Interactive Data Facts to Facilitate Interpretation and Communication', 'authors': ['author-58', 'author-59', 'author-60', 'author-61'], 'year': 2018, 'venue': 'venue-4', 'raw_venue': 'IEEE Transactions on Visualization and Computer Graphics', 'citation_count': 0, 'fields_of_study': [{'id': 'https://openalex.org/C36464697', 'wikidata': 'https://www.wikidata.org/wiki/Q451553', 'display_name': 'Visualization', 'level': 2, 'score': 0.86902654}, {'id': 'https://openalex.org/C41008148', 'wikidata': 'https://www.wikidata.org/wiki/Q21198', 'display_name': 'Computer science', 'level': 0, 'score': 0.85580385}, {'id': 'https://openalex.org/C172367668', 'wikidata': 'https://www.wikidata.org/wiki/Q6504956', 'display_name': 'Data visualization', 'level': 3, 'score': 0.6545185}, {'id': 'https://openalex.org/C107457646', 'wikidata': 'https://www.wikidata.org/wiki/Q207434', 'display_name': 'Human–computer interaction', 'level': 1, 'score': 0.63202643}, {'id': 'https://openalex.org/C153083717', 'wikidata': 'https://www.wikidata.org/wiki/Q6535263', 'display_name': 'Leverage (statistics)', 'level': 2, 'score': 0.58076054}, {'id': 'https://openalex.org/C64073096', 'wikidata': 'https://www.wikidata.org/wiki/Q451553', 'display_name': 'Interactive visualization', 'level': 3, 'score': 0.54393876}, {'id': 'https://openalex.org/C185578843', 'wikidata': 'https://www.wikidata.org/wiki/Q10609775', 'display_name': 'Information visualization', 'level': 3, 'score': 0.54111356}, {'id': 'https://openalex.org/C59732488', 'wikidata': 'https://www.wikidata.org/wiki/Q2528440', 'display_name': 'Visual analytics', 'level': 3, 'score': 0.49517122}, {'id': 'https://openalex.org/C79581498', 'wikidata': 'https://www.wikidata.org/wiki/Q1367530', 'display_name': 'Suite', 'level': 2, 'score': 0.45350882}, {'id': 'https://openalex.org/C14669888', 'wikidata': 'https://www.wikidata.org/wiki/Q4014850', 'display_name': 'Creative visualization', 'level': 3, 'score': 0.44161397}, {'id': 'https://openalex.org/C2522767166', 'wikidata': 'https://www.wikidata.org/wiki/Q2374463', 'display_name': 'Data science', 'level': 1, 'score': 0.43182564}, {'id': 'https://openalex.org/C124101348', 'wikidata': 'https://www.wikidata.org/wiki/Q172491', 'display_name': 'Data mining', 'level': 1, 'score': 0.24726641}, {'id': 'https://openalex.org/C154945302', 'wikidata': 'https://www.wikidata.org/wiki/Q11660', 'display_name': 'Artificial intelligence', 'level': 1, 'score': 0.20981687}, {'id': 'https://openalex.org/C95457728', 'wikidata': 'https://www.wikidata.org/wiki/Q309', 'display_name': 'History', 'level': 0, 'score': 0.0}, {'id': 'https://openalex.org/C166957645', 'wikidata': 'https://www.wikidata.org/wiki/Q23498', 'display_name': 'Archaeology', 'level': 1, 'score': 0.0}], 'external_ids': {'OpenAlex': 'https://openalex.org/W2888660171'}, 'semantic_scholar_id': None, 'arxiv_id': None, 'doi': 'https://doi.org/10.1109/tvcg.2018.2865145', 'ref_id': 23, 'reference_mentions': ['of presentation-like storytelling visualizations and explored mechanisms for automatically generating annotations by integrating deeplearning feature extraction techniques with a natural language generation process [9]. Annotations in such systems are used to describe salient patterns and facilitate storytelling [23].', '- [23] A. Srinivasan, S. M. Drucker, A. Endert, and J. Stasko. Augmenting visualizations with interactive data facts to facilitate interpretation and communication. _IEEE Transactions on Visualization and Computer Graphics_, 25(1):672–681, 2019. doi: 10.1109/TVCG.2018.2865145 2'], 'citation_key': 'citation-23'}"
24,24,research_reviewer_main,2025-06-24 18:45:49,raw_ref_to_json.py,"{'title': 'GeoVISTA Studio: a codeless visual programming environment for geoscientific data analysis and visualization', 'authors': ['author-62', 'author-63'], 'year': 2002, 'venue': 'venue-12', 'raw_venue': 'Computers and Geosciences', 'citation_count': 0, 'fields_of_study': [{'id': 'https://openalex.org/C41008148', 'wikidata': 'https://www.wikidata.org/wiki/Q21198', 'display_name': 'Computer science', 'level': 0, 'score': 0.81142545}, {'id': 'https://openalex.org/C168167062', 'wikidata': 'https://www.wikidata.org/wiki/Q1117970', 'display_name': 'Component (thermodynamics)', 'level': 2, 'score': 0.68636775}, {'id': 'https://openalex.org/C115903868', 'wikidata': 'https://www.wikidata.org/wiki/Q80993', 'display_name': 'Software engineering', 'level': 1, 'score': 0.64466035}, {'id': 'https://openalex.org/C36464697', 'wikidata': 'https://www.wikidata.org/wiki/Q451553', 'display_name': 'Visualization', 'level': 2, 'score': 0.6275289}, {'id': 'https://openalex.org/C512115632', 'wikidata': 'https://www.wikidata.org/wiki/Q134067', 'display_name': 'Microsoft Visual Studio', 'level': 3, 'score': 0.5669715}, {'id': 'https://openalex.org/C2777904410', 'wikidata': 'https://www.wikidata.org/wiki/Q7397', 'display_name': 'Software', 'level': 2, 'score': 0.55747104}, {'id': 'https://openalex.org/C105339364', 'wikidata': 'https://www.wikidata.org/wiki/Q2297740', 'display_name': 'Software deployment', 'level': 2, 'score': 0.5477533}, {'id': 'https://openalex.org/C128644962', 'wikidata': 'https://www.wikidata.org/wiki/Q683111', 'display_name': 'Visual programming language', 'level': 2, 'score': 0.46731064}, {'id': 'https://openalex.org/C45012715', 'wikidata': 'https://www.wikidata.org/wiki/Q746628', 'display_name': 'Studio', 'level': 2, 'score': 0.457541}, {'id': 'https://openalex.org/C174683762', 'wikidata': 'https://www.wikidata.org/wiki/Q609588', 'display_name': 'Component-based software engineering', 'level': 4, 'score': 0.4215423}, {'id': 'https://openalex.org/C201995342', 'wikidata': 'https://www.wikidata.org/wiki/Q682496', 'display_name': 'Systems engineering', 'level': 1, 'score': 0.40409172}, {'id': 'https://openalex.org/C107457646', 'wikidata': 'https://www.wikidata.org/wiki/Q207434', 'display_name': 'Human–computer interaction', 'level': 1, 'score': 0.3913628}, {'id': 'https://openalex.org/C2522767166', 'wikidata': 'https://www.wikidata.org/wiki/Q2374463', 'display_name': 'Data science', 'level': 1, 'score': 0.36184844}, {'id': 'https://openalex.org/C149091818', 'wikidata': 'https://www.wikidata.org/wiki/Q2429814', 'display_name': 'Software system', 'level': 3, 'score': 0.3569025}, {'id': 'https://openalex.org/C154945302', 'wikidata': 'https://www.wikidata.org/wiki/Q11660', 'display_name': 'Artificial intelligence', 'level': 1, 'score': 0.17589027}, {'id': 'https://openalex.org/C199360897', 'wikidata': 'https://www.wikidata.org/wiki/Q9143', 'display_name': 'Programming language', 'level': 1, 'score': 0.16474715}, {'id': 'https://openalex.org/C127413603', 'wikidata': 'https://www.wikidata.org/wiki/Q11023', 'display_name': 'Engineering', 'level': 0, 'score': 0.11414084}, {'id': 'https://openalex.org/C76155785', 'wikidata': 'https://www.wikidata.org/wiki/Q418', 'display_name': 'Telecommunications', 'level': 1, 'score': 0.0}, {'id': 'https://openalex.org/C121332964', 'wikidata': 'https://www.wikidata.org/wiki/Q413', 'display_name': 'Physics', 'level': 0, 'score': 0.0}, {'id': 'https://openalex.org/C97355855', 'wikidata': 'https://www.wikidata.org/wiki/Q11473', 'display_name': 'Thermodynamics', 'level': 1, 'score': 0.0}], 'external_ids': {'OpenAlex': 'https://openalex.org/W2075274160'}, 'semantic_scholar_id': None, 'arxiv_id': None, 'doi': 'https://doi.org/10.1016/s0098-3004(02)00031-6', 'ref_id': 24, 'reference_mentions': ['Various spatial prediction models [21] and spatial data analysis tools [24] have been developed to support geographic analysis. In this work, we focus on two local spatial models widely used in spatial analysis: Geographically Weighted Regression (GWR) [1], and its recent extension, Multiscale Geographically Weighted Regression (MGWR) [2]. GWR extends the classical linear regression model [20] by capturing spatial heterogeneity with influence spreading over the space in a constant scale. MGWR further improves GWR models where local influences are modeled in different spatial windows.', '- [24] M. Takatsuka and M. Gahegan. GeoVISTA Studio: A codeless visual programming environment for geoscientific data analysis and visualization. _Computers and Geosciences_, 28(10):1131–1144, 2002. doi: 10.1016/S0098-3004(02)00031-6 1'], 'citation_key': 'citation-24'}"
25,25,research_reviewer_main,2025-06-24 18:45:49,raw_ref_to_json.py,"{'title': 'EnsembleMatrix: Interactive visualization to support machine learning with multiple classifiers', 'authors': ['author-64', 'author-42', 'author-65', 'author-66'], 'year': 2009, 'venue': 'venue-3', 'raw_venue': 'pp. 1283–1292', 'citation_count': 0, 'fields_of_study': [], 'external_ids': {}, 'semantic_scholar_id': None, 'arxiv_id': None, 'doi': '10.1145/1518701.1518895', 'ref_id': 25, 'reference_mentions': [""Narrative visualization is directly related to the concept of explainability, where the visualization authors seek to couple images and text to explain an underlying data analysis. With respect to model explainability, the visual analytics community has developed a variety of systems to support the interactive explanation of machine learning models (e.g. [22, 12]). Several model-independent approaches, e.g. EnsembleMatrix [25] and RuleMatrix [13], focus on the classifier's input-output behaviors to provide insight into the model classification results. EnsembleMatrix provides a visual summary of the model outputs, RuleMatrix uses a matrix-based visualization to explain classification results, and Prospector [8] explores the relationship between feature values and predictions by using partial dependence diagnostics."", '- [25] J. Talbot, B. Lee, A. Kapoor, and D. S. Tan. EnsembleMatrix: Interactive visualization to support machine learning with multiple classifiers. In _Proceedings of the ACM Conference on Human Factors in Computing Systems_, pp. 1283–1292, 2009. doi: 10.1145/1518701. 1518895 2'], 'citation_key': 'citation-25'}"
1,1,research_reviewer_main,2025-06-24 18:51:46,raw_ref_to_json.py,"{'title': 'Geographically Weighted Regression: A Method for Exploring Spatial Nonstationarity', 'authors': ['author-1', 'author-2', 'author-3'], 'year': 1996, 'venue': 'venue-1', 'raw_venue': '_Geographical Analysis_', 'citation_count': 0, 'fields_of_study': [{'id': 'https://openalex.org/C183115368', 'wikidata': 'https://www.wikidata.org/wiki/Q856577', 'display_name': 'Weighting', 'level': 2, 'score': 0.5591234}, {'id': 'https://openalex.org/C149782125', 'wikidata': 'https://www.wikidata.org/wiki/Q160039', 'display_name': 'Econometrics', 'level': 1, 'score': 0.5498866}, {'id': 'https://openalex.org/C152877465', 'wikidata': 'https://www.wikidata.org/wiki/Q208042', 'display_name': 'Regression analysis', 'level': 2, 'score': 0.46724772}, {'id': 'https://openalex.org/C83546350', 'wikidata': 'https://www.wikidata.org/wiki/Q1139051', 'display_name': 'Regression', 'level': 2, 'score': 0.45310447}, {'id': 'https://openalex.org/C57381214', 'wikidata': 'https://www.wikidata.org/wiki/Q55631393', 'display_name': 'Regression diagnostic', 'level': 4, 'score': 0.43200865}, {'id': 'https://openalex.org/C74193536', 'wikidata': 'https://www.wikidata.org/wiki/Q574844', 'display_name': 'Kernel (algebra)', 'level': 2, 'score': 0.4311947}, {'id': 'https://openalex.org/C105795698', 'wikidata': 'https://www.wikidata.org/wiki/Q12483', 'display_name': 'Statistics', 'level': 1, 'score': 0.42828384}, {'id': 'https://openalex.org/C191988596', 'wikidata': 'https://www.wikidata.org/wiki/Q628374', 'display_name': 'Null hypothesis', 'level': 2, 'score': 0.41306394}, {'id': 'https://openalex.org/C41008148', 'wikidata': 'https://www.wikidata.org/wiki/Q21198', 'display_name': 'Computer science', 'level': 0, 'score': 0.381736}, {'id': 'https://openalex.org/C33923547', 'wikidata': 'https://www.wikidata.org/wiki/Q395', 'display_name': 'Mathematics', 'level': 0, 'score': 0.33852097}, {'id': 'https://openalex.org/C120068334', 'wikidata': 'https://www.wikidata.org/wiki/Q45343', 'display_name': 'Polynomial regression', 'level': 3, 'score': 0.1839481}, {'id': 'https://openalex.org/C71924100', 'wikidata': 'https://www.wikidata.org/wiki/Q11190', 'display_name': 'Medicine', 'level': 0, 'score': 0.0}, {'id': 'https://openalex.org/C114614502', 'wikidata': 'https://www.wikidata.org/wiki/Q76592', 'display_name': 'Combinatorics', 'level': 1, 'score': 0.0}, {'id': 'https://openalex.org/C126838900', 'wikidata': 'https://www.wikidata.org/wiki/Q77604', 'display_name': 'Radiology', 'level': 1, 'score': 0.0}], 'external_ids': {'OpenAlex': 'https://openalex.org/W2047120335'}, 'semantic_scholar_id': None, 'arxiv_id': None, 'doi': 'https://doi.org/10.1111/j.1538-4632.1996.tb00936.x', 'ref_id': 1, 'reference_mentions': ['Various spatial prediction models [21] and spatial data analysis tools [24] have been developed to support geographic analysis. In this work, we focus on two local spatial models widely used in spatial analysis: Geographically Weighted Regression (GWR) [1], and its recent extension, Multiscale Geographically Weighted Regression (MGWR) [2]. GWR extends the classical linear regression model [20] by capturing spatial heterogeneity with influence spreading over the space in a constant scale. MGWR further improves GWR models where local influences are modeled in different spatial windows.', '- [1] C. Brunsdon, A. S. Fotheringham, and M. E. Charlton. Geographically weighted regression: A method for exploring spatial nonstationarity. _Geographical Analysis_, 28(4):281–298, 1996. doi: 10.1111/j. 1538-4632.1996.tb00936.x 1'], 'citation_key': 'citation-1'}"
2,2,research_reviewer_main,2025-06-24 18:51:46,raw_ref_to_json.py,"{'title': 'Multiscale Geographically Weighted Regression (MGWR)', 'authors': ['author-2', 'author-4', 'author-5'], 'year': 2017, 'venue': 'venue-2', 'raw_venue': '_Annals of the American Association of Geographers_', 'citation_count': 0, 'fields_of_study': [{'id': 'https://openalex.org/C2778755073', 'wikidata': 'https://www.wikidata.org/wiki/Q10858537', 'display_name': 'Scale (ratio)', 'level': 2, 'score': 0.61235404}, {'id': 'https://openalex.org/C2910321205', 'wikidata': 'https://www.wikidata.org/wiki/Q1938983', 'display_name': 'Geographically Weighted Regression', 'level': 2, 'score': 0.607604}, {'id': 'https://openalex.org/C41008148', 'wikidata': 'https://www.wikidata.org/wiki/Q21198', 'display_name': 'Computer science', 'level': 0, 'score': 0.57766426}, {'id': 'https://openalex.org/C124101348', 'wikidata': 'https://www.wikidata.org/wiki/Q172491', 'display_name': 'Data mining', 'level': 1, 'score': 0.53097165}, {'id': 'https://openalex.org/C158709400', 'wikidata': 'https://www.wikidata.org/wiki/Q3578586', 'display_name': 'Spatial ecology', 'level': 2, 'score': 0.5103974}, {'id': 'https://openalex.org/C159620131', 'wikidata': 'https://www.wikidata.org/wiki/Q1938983', 'display_name': 'Spatial analysis', 'level': 2, 'score': 0.4911537}, {'id': 'https://openalex.org/C180478619', 'wikidata': 'https://www.wikidata.org/wiki/Q7574066', 'display_name': 'Spatial heterogeneity', 'level': 2, 'score': 0.41404253}, {'id': 'https://openalex.org/C205649164', 'wikidata': 'https://www.wikidata.org/wiki/Q1071', 'display_name': 'Geography', 'level': 0, 'score': 0.25248158}, {'id': 'https://openalex.org/C33923547', 'wikidata': 'https://www.wikidata.org/wiki/Q395', 'display_name': 'Mathematics', 'level': 0, 'score': 0.2424098}, {'id': 'https://openalex.org/C105795698', 'wikidata': 'https://www.wikidata.org/wiki/Q12483', 'display_name': 'Statistics', 'level': 1, 'score': 0.20963207}, {'id': 'https://openalex.org/C58640448', 'wikidata': 'https://www.wikidata.org/wiki/Q42515', 'display_name': 'Cartography', 'level': 1, 'score': 0.19349894}, {'id': 'https://openalex.org/C18903297', 'wikidata': 'https://www.wikidata.org/wiki/Q7150', 'display_name': 'Ecology', 'level': 1, 'score': 0.0}, {'id': 'https://openalex.org/C86803240', 'wikidata': 'https://www.wikidata.org/wiki/Q420', 'display_name': 'Biology', 'level': 0, 'score': 0.0}], 'external_ids': {'OpenAlex': 'https://openalex.org/W2747207142'}, 'semantic_scholar_id': None, 'arxiv_id': None, 'doi': 'https://doi.org/10.1080/24694452.2017.1352480', 'ref_id': 2, 'reference_mentions': ['Various spatial prediction models [21] and spatial data analysis tools [24] have been developed to support geographic analysis. In this work, we focus on two local spatial models widely used in spatial analysis: Geographically Weighted Regression (GWR) [1], and its recent extension, Multiscale Geographically Weighted Regression (MGWR) [2]. GWR extends the classical linear regression model [20] by capturing spatial heterogeneity with influence spreading over the space in a constant scale. MGWR further improves GWR models where local influences are modeled in different spatial windows.', '- [2] A. S. Fotheringham, W. Yang, and W. Kang. Multiscale geographically weighted regression (MGWR). _Annals of the American Association of Geographers_, 107(6):1247–1265, 2017. doi: 10.1080/ 24694452.2017.1352480 1'], 'citation_key': 'citation-2'}"
3,3,research_reviewer_main,2025-06-24 18:51:46,raw_ref_to_json.py,"{'title': 'NewsViews: An automated pipeline for creating custom geovisualizations for news', 'authors': ['author-6', 'author-7', 'author-8', 'author-9', 'author-10'], 'year': 2014, 'venue': 'venue-3', 'raw_venue': 'pp. 3005–3014', 'citation_count': 0, 'fields_of_study': [], 'external_ids': {}, 'semantic_scholar_id': None, 'arxiv_id': None, 'doi': '10.1145/2556288.2557228', 'ref_id': 3, 'reference_mentions': ['The design space of narrative visualization [18, 5] has been widely explored in the visualization community and a diverse set of storytelling and annotation methods have been developed to reveal observations in data and to convey key messages to an audience. Such narrative visualization techniques have been adopted by a variety of geovisual analytics applications [16] that have integrated story authoring tools with spatial data visualizations. For example, NewsViews [3] generates interactive maps with narrative annotations automatically from a given news article. Latif and Beck [10] introduce a bivariate map design that integrates template-based text annotations, and they later extend their work to investigate the interplay of text and visualization in geographic storytelling [11].', '- [3] T. Gao, J. Hullman, E. Adar, B. Hecht, and N. Diakopoulos. NewsViews: An automated pipeline for creating custom geovisualizations for news. _Proceedings of the ACM Conference on Human Factors in Computing Systems_, pp. 3005–3014, 2014. doi: 10.1145/ 2556288.2557228 1'], 'citation_key': 'citation-3'}"
4,4,research_reviewer_main,2025-06-24 18:51:46,raw_ref_to_json.py,"{'title': 'Visualizing Multiple Variables Across Scale and Geography', 'authors': ['author-11', 'author-12', 'author-13', 'author-14'], 'year': 2015, 'venue': 'venue-4', 'raw_venue': 'IEEE Transactions on Visualization and Computer Graphics', 'citation_count': 0, 'fields_of_study': [{'id': 'https://openalex.org/C2779808786', 'wikidata': 'https://www.wikidata.org/wiki/Q6664603', 'display_name': 'Locality', 'level': 2, 'score': 0.7801113}, {'id': 'https://openalex.org/C41008148', 'wikidata': 'https://www.wikidata.org/wiki/Q21198', 'display_name': 'Computer science', 'level': 0, 'score': 0.63115597}, {'id': 'https://openalex.org/C161584116', 'wikidata': 'https://www.wikidata.org/wiki/Q1952580', 'display_name': 'Multivariate statistics', 'level': 2, 'score': 0.55824304}, {'id': 'https://openalex.org/C36464697', 'wikidata': 'https://www.wikidata.org/wiki/Q451553', 'display_name': 'Visualization', 'level': 2, 'score': 0.55002844}, {'id': 'https://openalex.org/C2778755073', 'wikidata': 'https://www.wikidata.org/wiki/Q10858537', 'display_name': 'Scale (ratio)', 'level': 2, 'score': 0.54068774}, {'id': 'https://openalex.org/C124101348', 'wikidata': 'https://www.wikidata.org/wiki/Q172491', 'display_name': 'Data mining', 'level': 1, 'score': 0.52359164}, {'id': 'https://openalex.org/C182365436', 'wikidata': 'https://www.wikidata.org/wiki/Q50701', 'display_name': 'Variable (mathematics)', 'level': 2, 'score': 0.48285562}, {'id': 'https://openalex.org/C172367668', 'wikidata': 'https://www.wikidata.org/wiki/Q6504956', 'display_name': 'Data visualization', 'level': 3, 'score': 0.47112012}, {'id': 'https://openalex.org/C2522767166', 'wikidata': 'https://www.wikidata.org/wiki/Q2374463', 'display_name': 'Data science', 'level': 1, 'score': 0.46255675}, {'id': 'https://openalex.org/C59732488', 'wikidata': 'https://www.wikidata.org/wiki/Q2528440', 'display_name': 'Visual analytics', 'level': 3, 'score': 0.4613962}, {'id': 'https://openalex.org/C2779343474', 'wikidata': 'https://www.wikidata.org/wiki/Q3109175', 'display_name': 'Context (archaeology)', 'level': 2, 'score': 0.4432754}, {'id': 'https://openalex.org/C12380541', 'wikidata': 'https://www.wikidata.org/wiki/Q58300', 'display_name': 'Geovisualization', 'level': 4, 'score': 0.427939}, {'id': 'https://openalex.org/C185578843', 'wikidata': 'https://www.wikidata.org/wiki/Q10609775', 'display_name': 'Information visualization', 'level': 3, 'score': 0.2559135}, {'id': 'https://openalex.org/C205649164', 'wikidata': 'https://www.wikidata.org/wiki/Q1071', 'display_name': 'Geography', 'level': 0, 'score': 0.24398425}, {'id': 'https://openalex.org/C119857082', 'wikidata': 'https://www.wikidata.org/wiki/Q2539', 'display_name': 'Machine learning', 'level': 1, 'score': 0.22207245}, {'id': 'https://openalex.org/C58640448', 'wikidata': 'https://www.wikidata.org/wiki/Q42515', 'display_name': 'Cartography', 'level': 1, 'score': 0.20363623}, {'id': 'https://openalex.org/C33923547', 'wikidata': 'https://www.wikidata.org/wiki/Q395', 'display_name': 'Mathematics', 'level': 0, 'score': 0.14833647}, {'id': 'https://openalex.org/C134306372', 'wikidata': 'https://www.wikidata.org/wiki/Q7754', 'display_name': 'Mathematical analysis', 'level': 1, 'score': 0.0}, {'id': 'https://openalex.org/C138885662', 'wikidata': 'https://www.wikidata.org/wiki/Q5891', 'display_name': 'Philosophy', 'level': 0, 'score': 0.0}, {'id': 'https://openalex.org/C41895202', 'wikidata': 'https://www.wikidata.org/wiki/Q8162', 'display_name': 'Linguistics', 'level': 1, 'score': 0.0}, {'id': 'https://openalex.org/C166957645', 'wikidata': 'https://www.wikidata.org/wiki/Q23498', 'display_name': 'Archaeology', 'level': 1, 'score': 0.0}], 'external_ids': {'OpenAlex': 'https://openalex.org/W1922630791'}, 'semantic_scholar_id': None, 'arxiv_id': None, 'doi': 'https://doi.org/10.1109/tvcg.2015.2467199', 'ref_id': 4, 'reference_mentions': ['Most closely related to our work are the techniques that explain models from feature-level observation. Muhlbacher and ¨ Piringer [14] facilitated feature selection and optimization in regression models by partitioning the feature space into disjoint regions for visualization. Sedlmair et al. [17] proposed an abstract conceptual framework to discuss the visual parameter space analysis problems independent of the application domain. Goodwin et al. [4] extended visual parameter space analysis to the spatial domain, enabling the exploration of correlations between multiple variables that vary geographically at different spatial scales. While these techniques focus on explanations for domain experts, our work is designed to support explanations to experts and support their use of external information to contextualize these relationships and communicate their findings to a general audience. Our choice of text templates, as opposed to large language models, for narrative generation is to support control for reliability and reproducibility. All text generated must have a verifiable source and the generation of text for the analysis should always return the same results to ensure that the resulting analyses are not subject to misinformation.', '- [4] S. Goodwin, J. Dykes, A. Slingsby, and C. Turkay. Visualizing multiple variables across scale and geography. _IEEE Transactions on Visualization and Computer Graphics_, 22:599–608, 1 2016. doi: 10. 1109/TVCG.2015.2467199 2'], 'citation_key': 'citation-4'}"
5,5,research_reviewer_main,2025-06-24 18:51:46,raw_ref_to_json.py,"{'title': 'Visualization Rhetoric: Framing Effects in Narrative Visualization', 'authors': ['author-7', 'author-10'], 'year': 2011, 'venue': 'venue-4', 'raw_venue': '_IEEE Transactions on Visualization and Computer Graphics_', 'citation_count': 0, 'fields_of_study': [{'id': 'https://openalex.org/C36464697', 'wikidata': 'https://www.wikidata.org/wiki/Q451553', 'display_name': 'Visualization', 'level': 2, 'score': 0.79622793}, {'id': 'https://openalex.org/C144430266', 'wikidata': 'https://www.wikidata.org/wiki/Q839721', 'display_name': 'Interactivity', 'level': 2, 'score': 0.7347064}, {'id': 'https://openalex.org/C41008148', 'wikidata': 'https://www.wikidata.org/wiki/Q21198', 'display_name': 'Computer science', 'level': 0, 'score': 0.6955757}, {'id': 'https://openalex.org/C199033989', 'wikidata': 'https://www.wikidata.org/wiki/Q1318295', 'display_name': 'Narrative', 'level': 2, 'score': 0.643844}, {'id': 'https://openalex.org/C1370556', 'wikidata': 'https://www.wikidata.org/wiki/Q81009', 'display_name': 'Rhetoric', 'level': 2, 'score': 0.6302061}, {'id': 'https://openalex.org/C185578843', 'wikidata': 'https://www.wikidata.org/wiki/Q10609775', 'display_name': 'Information visualization', 'level': 3, 'score': 0.623294}, {'id': 'https://openalex.org/C192562157', 'wikidata': 'https://www.wikidata.org/wiki/Q316694', 'display_name': 'Rhetorical question', 'level': 2, 'score': 0.5865254}, {'id': 'https://openalex.org/C169087156', 'wikidata': 'https://www.wikidata.org/wiki/Q2131593', 'display_name': 'Framing (construction)', 'level': 2, 'score': 0.5838043}, {'id': 'https://openalex.org/C527412718', 'wikidata': 'https://www.wikidata.org/wiki/Q855395', 'display_name': 'Interpretation (philosophy)', 'level': 2, 'score': 0.5080888}, {'id': 'https://openalex.org/C172367668', 'wikidata': 'https://www.wikidata.org/wiki/Q6504956', 'display_name': 'Data visualization', 'level': 3, 'score': 0.49569905}, {'id': 'https://openalex.org/C63985673', 'wikidata': 'https://www.wikidata.org/wiki/Q6966216', 'display_name': 'Narrative network', 'level': 5, 'score': 0.4251465}, {'id': 'https://openalex.org/C59732488', 'wikidata': 'https://www.wikidata.org/wiki/Q2528440', 'display_name': 'Visual analytics', 'level': 3, 'score': 0.41939878}, {'id': 'https://openalex.org/C107457646', 'wikidata': 'https://www.wikidata.org/wiki/Q207434', 'display_name': 'Human–computer interaction', 'level': 1, 'score': 0.36241305}, {'id': 'https://openalex.org/C2522767166', 'wikidata': 'https://www.wikidata.org/wiki/Q2374463', 'display_name': 'Data science', 'level': 1, 'score': 0.34457913}, {'id': 'https://openalex.org/C117893075', 'wikidata': 'https://www.wikidata.org/wiki/Q6966213', 'display_name': 'Narrative inquiry', 'level': 3, 'score': 0.32758468}, {'id': 'https://openalex.org/C136764020', 'wikidata': 'https://www.wikidata.org/wiki/Q466', 'display_name': 'World Wide Web', 'level': 1, 'score': 0.25471133}, {'id': 'https://openalex.org/C12772571', 'wikidata': 'https://www.wikidata.org/wiki/Q1965350', 'display_name': 'Narrative criticism', 'level': 4, 'score': 0.24969572}, {'id': 'https://openalex.org/C41895202', 'wikidata': 'https://www.wikidata.org/wiki/Q8162', 'display_name': 'Linguistics', 'level': 1, 'score': 0.1543862}, {'id': 'https://openalex.org/C154945302', 'wikidata': 'https://www.wikidata.org/wiki/Q11660', 'display_name': 'Artificial intelligence', 'level': 1, 'score': 0.1406241}, {'id': 'https://openalex.org/C138885662', 'wikidata': 'https://www.wikidata.org/wiki/Q5891', 'display_name': 'Philosophy', 'level': 0, 'score': 0.0}, {'id': 'https://openalex.org/C66938386', 'wikidata': 'https://www.wikidata.org/wiki/Q633538', 'display_name': 'Structural engineering', 'level': 1, 'score': 0.0}, {'id': 'https://openalex.org/C127413603', 'wikidata': 'https://www.wikidata.org/wiki/Q11023', 'display_name': 'Engineering', 'level': 0, 'score': 0.0}, {'id': 'https://openalex.org/C199360897', 'wikidata': 'https://www.wikidata.org/wiki/Q9143', 'display_name': 'Programming language', 'level': 1, 'score': 0.0}], 'external_ids': {'OpenAlex': 'https://openalex.org/W2108982845'}, 'semantic_scholar_id': None, 'arxiv_id': None, 'doi': 'https://doi.org/10.1109/tvcg.2011.255', 'ref_id': 5, 'reference_mentions': ['The design space of narrative visualization [18, 5] has been widely explored in the visualization community and a diverse set of storytelling and annotation methods have been developed to reveal observations in data and to convey key messages to an audience. Such narrative visualization techniques have been adopted by a variety of geovisual analytics applications [16] that have integrated story authoring tools with spatial data visualizations. For example, NewsViews [3] generates interactive maps with narrative annotations automatically from a given news article. Latif and Beck [10] introduce a bivariate map design that integrates template-based text annotations, and they later extend their work to investigate the interplay of text and visualization in geographic storytelling [11].', '- [5] J. Hullman and N. Diakopoulos. Visualization rhetoric: Framing effects in narrative visualization. _IEEE Transactions on Visualization and Computer Graphics_, 17(12):2231–2240, 2011. doi: 10.1109/ TVCG.2011.255 1'], 'citation_key': 'citation-5'}"
6,6,research_reviewer_main,2025-06-24 18:51:46,raw_ref_to_json.py,"{'title': 'Artificial reference paper 4', 'authors': ['author-15'], 'year': 2025, 'venue': 'venue-5', 'raw_venue': '_Fake Journal 2_', 'citation_count': 0, 'fields_of_study': [], 'external_ids': {}, 'semantic_scholar_id': None, 'arxiv_id': None, 'doi': '10.1080/13658816.2020.1720692', 'ref_id': 6, 'reference_mentions': ['Support for a variety of spatial models is integrated into the most widely used geographic information systems (GIS). However, these systems and notebooks do not support integrated external knowledge sources to help contextualize models [6]. They also require analysts to judiciously choose the proper tools at every stage of the analytical pipeline to build a well-trained model. This process necessitates a solid foundation in geographical concepts and can be time-consuming, even for seasoned analysts. Our goal is to enhance the spatial modeling process through a deliberately designed userfriendly workflow and automatically generated explanatory narratives guided by domain experts to promote the understanding of local contextual information from models. Our work focuses on improving model explainability, enabling interactive report authoring, and supporting contextualization through narrative generation. This is important in local models such as GWR and MGWR because the main output from such models is a set of local parameter estimates from each process being modeled, and the spatial variation in these estimates needs to be explained in terms of the contextualized environment of each location by providing additional contextual information for users.', '- [6] J. Hutt. Artificial reference paper 4. _Fake Journal 2_, 10(2):1–4, 2025. doi: 10.1080/13658816.2020.1720692 1'], 'citation_key': 'citation-6'}"
7,7,research_reviewer_main,2025-06-24 18:51:46,raw_ref_to_json.py,"{'title': 'Storytelling: The Next Step for Visualization', 'authors': ['author-16', 'author-17'], 'year': 2013, 'venue': 'venue-6', 'raw_venue': '_Computer_', 'citation_count': 0, 'fields_of_study': [{'id': 'https://openalex.org/C41008148', 'wikidata': 'https://www.wikidata.org/wiki/Q21198', 'display_name': 'Computer science', 'level': 0, 'score': 0.8512155}, {'id': 'https://openalex.org/C36464697', 'wikidata': 'https://www.wikidata.org/wiki/Q451553', 'display_name': 'Visualization', 'level': 2, 'score': 0.73311126}, {'id': 'https://openalex.org/C2776538412', 'wikidata': 'https://www.wikidata.org/wiki/Q989963', 'display_name': 'Storytelling', 'level': 3, 'score': 0.7125526}, {'id': 'https://openalex.org/C172367668', 'wikidata': 'https://www.wikidata.org/wiki/Q6504956', 'display_name': 'Data visualization', 'level': 3, 'score': 0.45415512}, {'id': 'https://openalex.org/C107457646', 'wikidata': 'https://www.wikidata.org/wiki/Q207434', 'display_name': 'Human–computer interaction', 'level': 1, 'score': 0.44045046}, {'id': 'https://openalex.org/C49774154', 'wikidata': 'https://www.wikidata.org/wiki/Q131765', 'display_name': 'Multimedia', 'level': 1, 'score': 0.39378357}, {'id': 'https://openalex.org/C121684516', 'wikidata': 'https://www.wikidata.org/wiki/Q7600677', 'display_name': 'Computer graphics (images)', 'level': 1, 'score': 0.39046153}, {'id': 'https://openalex.org/C136764020', 'wikidata': 'https://www.wikidata.org/wiki/Q466', 'display_name': 'World Wide Web', 'level': 1, 'score': 0.36869556}, {'id': 'https://openalex.org/C2522767166', 'wikidata': 'https://www.wikidata.org/wiki/Q2374463', 'display_name': 'Data science', 'level': 1, 'score': 0.33651778}, {'id': 'https://openalex.org/C199033989', 'wikidata': 'https://www.wikidata.org/wiki/Q1318295', 'display_name': 'Narrative', 'level': 2, 'score': 0.26546}, {'id': 'https://openalex.org/C154945302', 'wikidata': 'https://www.wikidata.org/wiki/Q11660', 'display_name': 'Artificial intelligence', 'level': 1, 'score': 0.17702144}, {'id': 'https://openalex.org/C138885662', 'wikidata': 'https://www.wikidata.org/wiki/Q5891', 'display_name': 'Philosophy', 'level': 0, 'score': 0.0}, {'id': 'https://openalex.org/C41895202', 'wikidata': 'https://www.wikidata.org/wiki/Q8162', 'display_name': 'Linguistics', 'level': 1, 'score': 0.0}], 'external_ids': {'OpenAlex': 'https://openalex.org/W2163805179'}, 'semantic_scholar_id': None, 'arxiv_id': None, 'doi': 'https://doi.org/10.1109/mc.2013.36', 'ref_id': 7, 'reference_mentions': ['In this paper, we present a visual analytics framework designed to support spatial data modeling, analysis and reporting. Our approach is inspired by research in explainable machine learning [21] and a combination of narrative visualization [18] and storytelling techniques [7]. The framework provides multiple types of explanation support throughout the spatial analysis pipeline. In the model calibration stage, our framework interprets the functionality of the spatial model configuration and recommends parameter settings. Then, the framework summarizes and explains model outputs by adopting template-based text annotations, linking with external knowledge repositories to provide relevant contextual information. All visualizations, model results, and annotations can be captured in an interactive report authoring widget, enabling analysts to generate documentation that explains their spatial analyses.', 'Many of these systems utilize annotations to enhance the visual narratives, and Kosara and Mackinlay [7] emphasize the importance of annotations for facilitating storytelling in visualization. Recent annotation work [15] has focused on the semi-automatic creation', '- [7] R. Kosara and J. Mackinlay. Storytelling: The next step for visualization. _Computer_, 46(5):44–50, 2013. doi: 10.1109/MC.2013.36 1'], 'citation_key': 'citation-7'}"
8,8,research_reviewer_main,2025-06-24 18:51:46,raw_ref_to_json.py,"{'title': 'Interacting with predictions: Visual inspection of black-box machine learning models', 'authors': ['author-18', 'author-19', 'author-20'], 'year': 2016, 'venue': 'venue-3', 'raw_venue': 'pp. 5686–5697', 'citation_count': 0, 'fields_of_study': [], 'external_ids': {}, 'semantic_scholar_id': None, 'arxiv_id': None, 'doi': '10.1145/2858036.2858529', 'ref_id': 8, 'reference_mentions': [""Narrative visualization is directly related to the concept of explainability, where the visualization authors seek to couple images and text to explain an underlying data analysis. With respect to model explainability, the visual analytics community has developed a variety of systems to support the interactive explanation of machine learning models (e.g. [22, 12]). Several model-independent approaches, e.g. EnsembleMatrix [25] and RuleMatrix [13], focus on the classifier's input-output behaviors to provide insight into the model classification results. EnsembleMatrix provides a visual summary of the model outputs, RuleMatrix uses a matrix-based visualization to explain classification results, and Prospector [8] explores the relationship between feature values and predictions by using partial dependence diagnostics."", '- [8] J. Krause, A. Perer, and K. Ng. Interacting with predictions: Visual inspection of black-box machine learning models. In _Proceedings of the ACM Conference on Human Factors in Computing Systems_, pp. 5686–5697, 2016. doi: 10.1145/2858036.2858529 2'], 'citation_key': 'citation-8'}"
9,9,research_reviewer_main,2025-06-24 18:51:46,raw_ref_to_json.py,"{'title': 'Automatic Annotation Synchronizing with Textual Description for Visualization', 'authors': ['author-21', 'author-22', 'author-23', 'author-24', 'author-25', 'author-26'], 'year': 2020, 'venue': 'venue-3', 'raw_venue': 'Proceedings of the ACM Conference on Human Factors in Computing Systems', 'citation_count': 0, 'fields_of_study': [{'id': 'https://openalex.org/C41008148', 'wikidata': 'https://www.wikidata.org/wiki/Q21198', 'display_name': 'Computer science', 'level': 0, 'score': 0.90069175}, {'id': 'https://openalex.org/C162932704', 'wikidata': 'https://www.wikidata.org/wiki/Q1058791', 'display_name': 'Synchronizing', 'level': 3, 'score': 0.75185287}, {'id': 'https://openalex.org/C36464697', 'wikidata': 'https://www.wikidata.org/wiki/Q451553', 'display_name': 'Visualization', 'level': 2, 'score': 0.72613573}, {'id': 'https://openalex.org/C502989409', 'wikidata': 'https://www.wikidata.org/wiki/Q11425', 'display_name': 'Animation', 'level': 2, 'score': 0.71811163}, {'id': 'https://openalex.org/C170130773', 'wikidata': 'https://www.wikidata.org/wiki/Q216378', 'display_name': 'Usability', 'level': 2, 'score': 0.66955286}, {'id': 'https://openalex.org/C186644900', 'wikidata': 'https://www.wikidata.org/wiki/Q194152', 'display_name': 'Parsing', 'level': 2, 'score': 0.6032105}, {'id': 'https://openalex.org/C116834253', 'wikidata': 'https://www.wikidata.org/wiki/Q2039217', 'display_name': 'Identification (biology)', 'level': 2, 'score': 0.56386936}, {'id': 'https://openalex.org/C23123220', 'wikidata': 'https://www.wikidata.org/wiki/Q816826', 'display_name': 'Information retrieval', 'level': 1, 'score': 0.55441487}, {'id': 'https://openalex.org/C170858558', 'wikidata': 'https://www.wikidata.org/wiki/Q1394144', 'display_name': 'Automatic summarization', 'level': 2, 'score': 0.5498219}, {'id': 'https://openalex.org/C2776321320', 'wikidata': 'https://www.wikidata.org/wiki/Q857525', 'display_name': 'Annotation', 'level': 2, 'score': 0.5325068}, {'id': 'https://openalex.org/C2777530160', 'wikidata': 'https://www.wikidata.org/wiki/Q41796', 'display_name': 'Sentence', 'level': 2, 'score': 0.48038036}, {'id': 'https://openalex.org/C2777601897', 'wikidata': 'https://www.wikidata.org/wiki/Q3409113', 'display_name': 'Presentation (obstetrics)', 'level': 2, 'score': 0.47402456}, {'id': 'https://openalex.org/C154945302', 'wikidata': 'https://www.wikidata.org/wiki/Q11660', 'display_name': 'Artificial intelligence', 'level': 1, 'score': 0.4233025}, {'id': 'https://openalex.org/C107457646', 'wikidata': 'https://www.wikidata.org/wiki/Q207434', 'display_name': 'Human–computer interaction', 'level': 1, 'score': 0.4124354}, {'id': 'https://openalex.org/C204321447', 'wikidata': 'https://www.wikidata.org/wiki/Q30642', 'display_name': 'Natural language processing', 'level': 1, 'score': 0.37678257}, {'id': 'https://openalex.org/C121684516', 'wikidata': 'https://www.wikidata.org/wiki/Q7600677', 'display_name': 'Computer graphics (images)', 'level': 1, 'score': 0.21897244}, {'id': 'https://openalex.org/C71924100', 'wikidata': 'https://www.wikidata.org/wiki/Q11190', 'display_name': 'Medicine', 'level': 0, 'score': 0.0}, {'id': 'https://openalex.org/C76155785', 'wikidata': 'https://www.wikidata.org/wiki/Q418', 'display_name': 'Telecommunications', 'level': 1, 'score': 0.0}, {'id': 'https://openalex.org/C59822182', 'wikidata': 'https://www.wikidata.org/wiki/Q441', 'display_name': 'Botany', 'level': 1, 'score': 0.0}, {'id': 'https://openalex.org/C126838900', 'wikidata': 'https://www.wikidata.org/wiki/Q77604', 'display_name': 'Radiology', 'level': 1, 'score': 0.0}, {'id': 'https://openalex.org/C761482', 'wikidata': 'https://www.wikidata.org/wiki/Q118093', 'display_name': 'Transmission (telecommunications)', 'level': 2, 'score': 0.0}, {'id': 'https://openalex.org/C86803240', 'wikidata': 'https://www.wikidata.org/wiki/Q420', 'display_name': 'Biology', 'level': 0, 'score': 0.0}], 'external_ids': {'OpenAlex': 'https://openalex.org/W3031494326'}, 'semantic_scholar_id': None, 'arxiv_id': None, 'doi': 'https://doi.org/10.1145/3313831.3376443', 'ref_id': 9, 'reference_mentions': ['of presentation-like storytelling visualizations and explored mechanisms for automatically generating annotations by integrating deeplearning feature extraction techniques with a natural language generation process [9]. Annotations in such systems are used to describe salient patterns and facilitate storytelling [23].', '- [9] C. Lai, Z. Lin, R. Jiang, Y. Han, C. Liu, and X. Yuan. Automatic annotation synchronizing with textual description for visualization. _Proceedings of the ACM Conference on Human Factors in Computing Systems_, pp. 1–13, 2020. doi: 10.1145/3313831.3376443 2'], 'citation_key': 'citation-9'}"
10,10,research_reviewer_main,2025-06-24 18:51:46,raw_ref_to_json.py,"{'title': 'Interactive map reports summarizing bivariate geographic data', 'authors': ['author-27', 'author-28'], 'year': 2019, 'venue': 'venue-7', 'raw_venue': '_Visual Informatics_', 'citation_count': 0, 'fields_of_study': [{'id': 'https://openalex.org/C64341305', 'wikidata': 'https://www.wikidata.org/wiki/Q4919225', 'display_name': 'Bivariate analysis', 'level': 2, 'score': 0.82727915}, {'id': 'https://openalex.org/C36464697', 'wikidata': 'https://www.wikidata.org/wiki/Q451553', 'display_name': 'Visualization', 'level': 2, 'score': 0.8226297}, {'id': 'https://openalex.org/C41008148', 'wikidata': 'https://www.wikidata.org/wiki/Q21198', 'display_name': 'Computer science', 'level': 0, 'score': 0.73198366}, {'id': 'https://openalex.org/C199163554', 'wikidata': 'https://www.wikidata.org/wiki/Q1681619', 'display_name': 'Univariate', 'level': 3, 'score': 0.69257474}, {'id': 'https://openalex.org/C148264743', 'wikidata': 'https://www.wikidata.org/wiki/Q4919224', 'display_name': 'Bivariate data', 'level': 3, 'score': 0.6744417}, {'id': 'https://openalex.org/C79337645', 'wikidata': 'https://www.wikidata.org/wiki/Q779824', 'display_name': 'Outlier', 'level': 2, 'score': 0.64662564}, {'id': 'https://openalex.org/C2780598303', 'wikidata': 'https://www.wikidata.org/wiki/Q65921492', 'display_name': 'Flexibility (engineering)', 'level': 2, 'score': 0.5315556}, {'id': 'https://openalex.org/C172367668', 'wikidata': 'https://www.wikidata.org/wiki/Q6504956', 'display_name': 'Data visualization', 'level': 3, 'score': 0.52295595}, {'id': 'https://openalex.org/C185578843', 'wikidata': 'https://www.wikidata.org/wiki/Q10609775', 'display_name': 'Information visualization', 'level': 3, 'score': 0.4881228}, {'id': 'https://openalex.org/C23123220', 'wikidata': 'https://www.wikidata.org/wiki/Q816826', 'display_name': 'Information retrieval', 'level': 1, 'score': 0.47964913}, {'id': 'https://openalex.org/C124101348', 'wikidata': 'https://www.wikidata.org/wiki/Q172491', 'display_name': 'Data mining', 'level': 1, 'score': 0.47605392}, {'id': 'https://openalex.org/C64073096', 'wikidata': 'https://www.wikidata.org/wiki/Q451553', 'display_name': 'Interactive visualization', 'level': 3, 'score': 0.4568693}, {'id': 'https://openalex.org/C12380541', 'wikidata': 'https://www.wikidata.org/wiki/Q58300', 'display_name': 'Geovisualization', 'level': 4, 'score': 0.4433759}, {'id': 'https://openalex.org/C2522767166', 'wikidata': 'https://www.wikidata.org/wiki/Q2374463', 'display_name': 'Data science', 'level': 1, 'score': 0.39644647}, {'id': 'https://openalex.org/C154945302', 'wikidata': 'https://www.wikidata.org/wiki/Q11660', 'display_name': 'Artificial intelligence', 'level': 1, 'score': 0.2828192}, {'id': 'https://openalex.org/C161584116', 'wikidata': 'https://www.wikidata.org/wiki/Q1952580', 'display_name': 'Multivariate statistics', 'level': 2, 'score': 0.26023448}, {'id': 'https://openalex.org/C119857082', 'wikidata': 'https://www.wikidata.org/wiki/Q2539', 'display_name': 'Machine learning', 'level': 1, 'score': 0.1893628}, {'id': 'https://openalex.org/C105795698', 'wikidata': 'https://www.wikidata.org/wiki/Q12483', 'display_name': 'Statistics', 'level': 1, 'score': 0.14903966}, {'id': 'https://openalex.org/C33923547', 'wikidata': 'https://www.wikidata.org/wiki/Q395', 'display_name': 'Mathematics', 'level': 0, 'score': 0.08651525}], 'external_ids': {'OpenAlex': 'https://openalex.org/W2923187851'}, 'semantic_scholar_id': None, 'arxiv_id': None, 'doi': 'https://doi.org/10.1016/j.visinf.2019.03.004', 'ref_id': 10, 'reference_mentions': ['The design space of narrative visualization [18, 5] has been widely explored in the visualization community and a diverse set of storytelling and annotation methods have been developed to reveal observations in data and to convey key messages to an audience. Such narrative visualization techniques have been adopted by a variety of geovisual analytics applications [16] that have integrated story authoring tools with spatial data visualizations. For example, NewsViews [3] generates interactive maps with narrative annotations automatically from a given news article. Latif and Beck [10] introduce a bivariate map design that integrates template-based text annotations, and they later extend their work to investigate the interplay of text and visualization in geographic storytelling [11].', '- [10] S. Latif and F. Beck. Interactive map reports summarizing bivariate geographic data. _Visual Informatics_, 3(1):27–37, 2019. doi: 10.1016/j .visinf.2019.03.004 1'], 'citation_key': 'citation-10'}"
11,11,research_reviewer_main,2025-06-24 18:51:46,raw_ref_to_json.py,"{'title': 'A Deeper Understanding of Visualization‐Text Interplay in Geographic Data‐driven Stories', 'authors': ['author-27', 'author-29', 'author-28'], 'year': 2021, 'venue': 'venue-8', 'raw_venue': '_Computer Graphics Forum_', 'citation_count': 0, 'fields_of_study': [{'id': 'https://openalex.org/C199033989', 'wikidata': 'https://www.wikidata.org/wiki/Q1318295', 'display_name': 'Narrative', 'level': 2, 'score': 0.7906942}, {'id': 'https://openalex.org/C36464697', 'wikidata': 'https://www.wikidata.org/wiki/Q451553', 'display_name': 'Visualization', 'level': 2, 'score': 0.7081024}, {'id': 'https://openalex.org/C41008148', 'wikidata': 'https://www.wikidata.org/wiki/Q21198', 'display_name': 'Computer science', 'level': 0, 'score': 0.688704}, {'id': 'https://openalex.org/C136197465', 'wikidata': 'https://www.wikidata.org/wiki/Q1729295', 'display_name': 'Variety (cybernetics)', 'level': 2, 'score': 0.58778226}, {'id': 'https://openalex.org/C2522767166', 'wikidata': 'https://www.wikidata.org/wiki/Q2374463', 'display_name': 'Data science', 'level': 1, 'score': 0.49861145}, {'id': 'https://openalex.org/C172367668', 'wikidata': 'https://www.wikidata.org/wiki/Q6504956', 'display_name': 'Data visualization', 'level': 3, 'score': 0.47064158}, {'id': 'https://openalex.org/C2777530160', 'wikidata': 'https://www.wikidata.org/wiki/Q41796', 'display_name': 'Sentence', 'level': 2, 'score': 0.45065117}, {'id': 'https://openalex.org/C192209626', 'wikidata': 'https://www.wikidata.org/wiki/Q190909', 'display_name': 'Focus (optics)', 'level': 2, 'score': 0.44566667}, {'id': 'https://openalex.org/C112313634', 'wikidata': 'https://www.wikidata.org/wiki/Q7886648', 'display_name': 'Complement (music)', 'level': 5, 'score': 0.42988345}, {'id': 'https://openalex.org/C136764020', 'wikidata': 'https://www.wikidata.org/wiki/Q466', 'display_name': 'World Wide Web', 'level': 1, 'score': 0.35396692}, {'id': 'https://openalex.org/C154945302', 'wikidata': 'https://www.wikidata.org/wiki/Q11660', 'display_name': 'Artificial intelligence', 'level': 1, 'score': 0.18501127}, {'id': 'https://openalex.org/C41895202', 'wikidata': 'https://www.wikidata.org/wiki/Q8162', 'display_name': 'Linguistics', 'level': 1, 'score': 0.15864143}, {'id': 'https://openalex.org/C55493867', 'wikidata': 'https://www.wikidata.org/wiki/Q7094', 'display_name': 'Biochemistry', 'level': 1, 'score': 0.0}, {'id': 'https://openalex.org/C138885662', 'wikidata': 'https://www.wikidata.org/wiki/Q5891', 'display_name': 'Philosophy', 'level': 0, 'score': 0.0}, {'id': 'https://openalex.org/C121332964', 'wikidata': 'https://www.wikidata.org/wiki/Q413', 'display_name': 'Physics', 'level': 0, 'score': 0.0}, {'id': 'https://openalex.org/C185592680', 'wikidata': 'https://www.wikidata.org/wiki/Q2329', 'display_name': 'Chemistry', 'level': 0, 'score': 0.0}, {'id': 'https://openalex.org/C188082640', 'wikidata': 'https://www.wikidata.org/wiki/Q1780899', 'display_name': 'Complementation', 'level': 4, 'score': 0.0}, {'id': 'https://openalex.org/C120665830', 'wikidata': 'https://www.wikidata.org/wiki/Q14620', 'display_name': 'Optics', 'level': 1, 'score': 0.0}, {'id': 'https://openalex.org/C104317684', 'wikidata': 'https://www.wikidata.org/wiki/Q7187', 'display_name': 'Gene', 'level': 2, 'score': 0.0}, {'id': 'https://openalex.org/C127716648', 'wikidata': 'https://www.wikidata.org/wiki/Q104053', 'display_name': 'Phenotype', 'level': 3, 'score': 0.0}], 'external_ids': {'OpenAlex': 'https://openalex.org/W3175903777'}, 'semantic_scholar_id': None, 'arxiv_id': None, 'doi': 'https://doi.org/10.1111/cgf.14309', 'ref_id': 11, 'reference_mentions': ['The design space of narrative visualization [18, 5] has been widely explored in the visualization community and a diverse set of storytelling and annotation methods have been developed to reveal observations in data and to convey key messages to an audience. Such narrative visualization techniques have been adopted by a variety of geovisual analytics applications [16] that have integrated story authoring tools with spatial data visualizations. For example, NewsViews [3] generates interactive maps with narrative annotations automatically from a given news article. Latif and Beck [10] introduce a bivariate map design that integrates template-based text annotations, and they later extend their work to investigate the interplay of text and visualization in geographic storytelling [11].', '- [11] S. Latif, S. Chen, and F. Beck. A deeper understanding of visualization-text interplay in geographic data-driven stories. _Computer Graphics Forum_, 40(3):311–322, 2021. doi: 10.1111/cgf.14309 1'], 'citation_key': 'citation-11'}"
12,12,research_reviewer_main,2025-06-24 18:51:46,raw_ref_to_json.py,"{'title': 'The State‐of‐the‐Art in Predictive Visual Analytics', 'authors': ['author-30', 'author-31', 'author-32', 'author-33', 'author-34'], 'year': 2017, 'venue': 'venue-8', 'raw_venue': '_Computer Graphics Forum_', 'citation_count': 0, 'fields_of_study': [{'id': 'https://openalex.org/C59732488', 'wikidata': 'https://www.wikidata.org/wiki/Q2528440', 'display_name': 'Visual analytics', 'level': 3, 'score': 0.8384055}, {'id': 'https://openalex.org/C41008148', 'wikidata': 'https://www.wikidata.org/wiki/Q21198', 'display_name': 'Computer science', 'level': 0, 'score': 0.79064494}, {'id': 'https://openalex.org/C545860419', 'wikidata': 'https://www.wikidata.org/wiki/Q5193251', 'display_name': 'Cultural analytics', 'level': 5, 'score': 0.70043474}, {'id': 'https://openalex.org/C79158427', 'wikidata': 'https://www.wikidata.org/wiki/Q485396', 'display_name': 'Analytics', 'level': 2, 'score': 0.6990821}, {'id': 'https://openalex.org/C83209312', 'wikidata': 'https://www.wikidata.org/wiki/Q1053367', 'display_name': 'Predictive analytics', 'level': 2, 'score': 0.6669907}, {'id': 'https://openalex.org/C2522767166', 'wikidata': 'https://www.wikidata.org/wiki/Q2374463', 'display_name': 'Data science', 'level': 1, 'score': 0.6190355}, {'id': 'https://openalex.org/C43521106', 'wikidata': 'https://www.wikidata.org/wiki/Q2165493', 'display_name': 'Pipeline (software)', 'level': 2, 'score': 0.5942843}, {'id': 'https://openalex.org/C99740376', 'wikidata': 'https://www.wikidata.org/wiki/Q17092520', 'display_name': 'Interactive visual analysis', 'level': 4, 'score': 0.56215984}, {'id': 'https://openalex.org/C36464697', 'wikidata': 'https://www.wikidata.org/wiki/Q451553', 'display_name': 'Visualization', 'level': 2, 'score': 0.56099993}, {'id': 'https://openalex.org/C37952496', 'wikidata': 'https://www.wikidata.org/wiki/Q5001829', 'display_name': 'Business analytics', 'level': 4, 'score': 0.49068415}, {'id': 'https://openalex.org/C119857082', 'wikidata': 'https://www.wikidata.org/wiki/Q2539', 'display_name': 'Machine learning', 'level': 1, 'score': 0.47956532}, {'id': 'https://openalex.org/C171981572', 'wikidata': 'https://www.wikidata.org/wiki/Q7554239', 'display_name': 'Software analytics', 'level': 5, 'score': 0.4600539}, {'id': 'https://openalex.org/C154945302', 'wikidata': 'https://www.wikidata.org/wiki/Q11660', 'display_name': 'Artificial intelligence', 'level': 1, 'score': 0.45019084}, {'id': 'https://openalex.org/C172367668', 'wikidata': 'https://www.wikidata.org/wiki/Q6504956', 'display_name': 'Data visualization', 'level': 3, 'score': 0.42820305}, {'id': 'https://openalex.org/C148792806', 'wikidata': 'https://www.wikidata.org/wiki/Q7449046', 'display_name': 'Semantic analytics', 'level': 4, 'score': 0.28207934}, {'id': 'https://openalex.org/C2777904410', 'wikidata': 'https://www.wikidata.org/wiki/Q7397', 'display_name': 'Software', 'level': 2, 'score': 0.0821386}, {'id': 'https://openalex.org/C2129575', 'wikidata': 'https://www.wikidata.org/wiki/Q54837', 'display_name': 'Semantic Web', 'level': 2, 'score': 0.0}, {'id': 'https://openalex.org/C167379230', 'wikidata': 'https://www.wikidata.org/wiki/Q1026884', 'display_name': 'Semantic Web Stack', 'level': 3, 'score': 0.0}, {'id': 'https://openalex.org/C189076506', 'wikidata': 'https://www.wikidata.org/wiki/Q1518232', 'display_name': 'Business analysis', 'level': 3, 'score': 0.0}, {'id': 'https://openalex.org/C199360897', 'wikidata': 'https://www.wikidata.org/wiki/Q9143', 'display_name': 'Programming language', 'level': 1, 'score': 0.0}, {'id': 'https://openalex.org/C186846655', 'wikidata': 'https://www.wikidata.org/wiki/Q3398377', 'display_name': 'Software construction', 'level': 4, 'score': 0.0}, {'id': 'https://openalex.org/C4216890', 'wikidata': 'https://www.wikidata.org/wiki/Q815823', 'display_name': 'Business model', 'level': 2, 'score': 0.0}, {'id': 'https://openalex.org/C162853370', 'wikidata': 'https://www.wikidata.org/wiki/Q39809', 'display_name': 'Marketing', 'level': 1, 'score': 0.0}, {'id': 'https://openalex.org/C149091818', 'wikidata': 'https://www.wikidata.org/wiki/Q2429814', 'display_name': 'Software system', 'level': 3, 'score': 0.0}, {'id': 'https://openalex.org/C144133560', 'wikidata': 'https://www.wikidata.org/wiki/Q4830453', 'display_name': 'Business', 'level': 0, 'score': 0.0}], 'external_ids': {'OpenAlex': 'https://openalex.org/W2625478334'}, 'semantic_scholar_id': None, 'arxiv_id': None, 'doi': 'https://doi.org/10.1111/cgf.13210', 'ref_id': 12, 'reference_mentions': [""Narrative visualization is directly related to the concept of explainability, where the visualization authors seek to couple images and text to explain an underlying data analysis. With respect to model explainability, the visual analytics community has developed a variety of systems to support the interactive explanation of machine learning models (e.g. [22, 12]). Several model-independent approaches, e.g. EnsembleMatrix [25] and RuleMatrix [13], focus on the classifier's input-output behaviors to provide insight into the model classification results. EnsembleMatrix provides a visual summary of the model outputs, RuleMatrix uses a matrix-based visualization to explain classification results, and Prospector [8] explores the relationship between feature values and predictions by using partial dependence diagnostics."", '- [12] Y. Lu, R. Garcia, B. Hansen, M. Gleicher, and R. Maciejewski. The state-of-the-art in predictive visual analytics. _Computer Graphics Forum_, 36(3):539–562, 2017. doi: 10.1111/cgf.13210 2'], 'citation_key': 'citation-12'}"
13,13,research_reviewer_main,2025-06-24 18:51:46,raw_ref_to_json.py,"{'title': 'RuleMatrix: Visualizing and Understanding Classifiers with Rules', 'authors': ['author-35', 'author-36', 'author-37'], 'year': 2018, 'venue': 'venue-4', 'raw_venue': 'IEEE Transactions on Visualization and Computer Graphics', 'citation_count': 0, 'fields_of_study': [{'id': 'https://openalex.org/C41008148', 'wikidata': 'https://www.wikidata.org/wiki/Q21198', 'display_name': 'Computer science', 'level': 0, 'score': 0.8745866}, {'id': 'https://openalex.org/C119857082', 'wikidata': 'https://www.wikidata.org/wiki/Q2539', 'display_name': 'Machine learning', 'level': 1, 'score': 0.7279041}, {'id': 'https://openalex.org/C36464697', 'wikidata': 'https://www.wikidata.org/wiki/Q451553', 'display_name': 'Visualization', 'level': 2, 'score': 0.7174397}, {'id': 'https://openalex.org/C154945302', 'wikidata': 'https://www.wikidata.org/wiki/Q11660', 'display_name': 'Artificial intelligence', 'level': 1, 'score': 0.62551653}, {'id': 'https://openalex.org/C170130773', 'wikidata': 'https://www.wikidata.org/wiki/Q216378', 'display_name': 'Usability', 'level': 2, 'score': 0.58002543}, {'id': 'https://openalex.org/C94966114', 'wikidata': 'https://www.wikidata.org/wiki/Q29256', 'display_name': 'Black box', 'level': 2, 'score': 0.5747435}, {'id': 'https://openalex.org/C36503486', 'wikidata': 'https://www.wikidata.org/wiki/Q11235244', 'display_name': 'Domain (mathematical analysis)', 'level': 2, 'score': 0.4862839}, {'id': 'https://openalex.org/C207685749', 'wikidata': 'https://www.wikidata.org/wiki/Q2088941', 'display_name': 'Domain knowledge', 'level': 2, 'score': 0.48466378}, {'id': 'https://openalex.org/C172367668', 'wikidata': 'https://www.wikidata.org/wiki/Q6504956', 'display_name': 'Data visualization', 'level': 3, 'score': 0.4603396}, {'id': 'https://openalex.org/C107457646', 'wikidata': 'https://www.wikidata.org/wiki/Q207434', 'display_name': 'Human–computer interaction', 'level': 1, 'score': 0.44463095}, {'id': 'https://openalex.org/C134306372', 'wikidata': 'https://www.wikidata.org/wiki/Q7754', 'display_name': 'Mathematical analysis', 'level': 1, 'score': 0.0}, {'id': 'https://openalex.org/C33923547', 'wikidata': 'https://www.wikidata.org/wiki/Q395', 'display_name': 'Mathematics', 'level': 0, 'score': 0.0}], 'external_ids': {'OpenAlex': 'https://openalex.org/W2883424428'}, 'semantic_scholar_id': None, 'arxiv_id': None, 'doi': 'https://doi.org/10.1109/tvcg.2018.2864812', 'ref_id': 13, 'reference_mentions': [""Narrative visualization is directly related to the concept of explainability, where the visualization authors seek to couple images and text to explain an underlying data analysis. With respect to model explainability, the visual analytics community has developed a variety of systems to support the interactive explanation of machine learning models (e.g. [22, 12]). Several model-independent approaches, e.g. EnsembleMatrix [25] and RuleMatrix [13], focus on the classifier's input-output behaviors to provide insight into the model classification results. EnsembleMatrix provides a visual summary of the model outputs, RuleMatrix uses a matrix-based visualization to explain classification results, and Prospector [8] explores the relationship between feature values and predictions by using partial dependence diagnostics."", '- [13] Y. Ming, H. Qu, and E. Bertini. RuleMatrix: Visualizing and understanding classifiers with rules. _IEEE Transactions on Visualization and Computer Graphics_, 25(1):342–352, 2018. doi: 10.1109/TVCG. 2018.2864812 2'], 'citation_key': 'citation-13'}"
14,14,research_reviewer_main,2025-06-24 18:51:46,raw_ref_to_json.py,"{'title': 'A Partition-Based Framework for Building and Validating Regression Models', 'authors': ['author-38', 'author-39'], 'year': 2013, 'venue': 'venue-4', 'raw_venue': '_IEEE Transactions on Visualization and Computer Graphics_', 'citation_count': 0, 'fields_of_study': [{'id': 'https://openalex.org/C41008148', 'wikidata': 'https://www.wikidata.org/wiki/Q21198', 'display_name': 'Computer science', 'level': 0, 'score': 0.762699}, {'id': 'https://openalex.org/C5274069', 'wikidata': 'https://www.wikidata.org/wiki/Q2285707', 'display_name': 'Categorical variable', 'level': 2, 'score': 0.61468995}, {'id': 'https://openalex.org/C124101348', 'wikidata': 'https://www.wikidata.org/wiki/Q172491', 'display_name': 'Data mining', 'level': 1, 'score': 0.594388}, {'id': 'https://openalex.org/C148483581', 'wikidata': 'https://www.wikidata.org/wiki/Q446488', 'display_name': 'Feature selection', 'level': 2, 'score': 0.59390324}, {'id': 'https://openalex.org/C36464697', 'wikidata': 'https://www.wikidata.org/wiki/Q451553', 'display_name': 'Visualization', 'level': 2, 'score': 0.51597744}, {'id': 'https://openalex.org/C119857082', 'wikidata': 'https://www.wikidata.org/wiki/Q2539', 'display_name': 'Machine learning', 'level': 1, 'score': 0.4976187}, {'id': 'https://openalex.org/C189430467', 'wikidata': 'https://www.wikidata.org/wiki/Q7293293', 'display_name': 'Ranking (information retrieval)', 'level': 2, 'score': 0.47395492}, {'id': 'https://openalex.org/C154945302', 'wikidata': 'https://www.wikidata.org/wiki/Q11660', 'display_name': 'Artificial intelligence', 'level': 1, 'score': 0.47106522}, {'id': 'https://openalex.org/C36503486', 'wikidata': 'https://www.wikidata.org/wiki/Q11235244', 'display_name': 'Domain (mathematical analysis)', 'level': 2, 'score': 0.42441222}, {'id': 'https://openalex.org/C116834253', 'wikidata': 'https://www.wikidata.org/wiki/Q2039217', 'display_name': 'Identification (biology)', 'level': 2, 'score': 0.419775}, {'id': 'https://openalex.org/C152877465', 'wikidata': 'https://www.wikidata.org/wiki/Q208042', 'display_name': 'Regression analysis', 'level': 2, 'score': 0.41267926}, {'id': 'https://openalex.org/C33923547', 'wikidata': 'https://www.wikidata.org/wiki/Q395', 'display_name': 'Mathematics', 'level': 0, 'score': 0.11688572}, {'id': 'https://openalex.org/C134306372', 'wikidata': 'https://www.wikidata.org/wiki/Q7754', 'display_name': 'Mathematical analysis', 'level': 1, 'score': 0.0}, {'id': 'https://openalex.org/C59822182', 'wikidata': 'https://www.wikidata.org/wiki/Q441', 'display_name': 'Botany', 'level': 1, 'score': 0.0}, {'id': 'https://openalex.org/C86803240', 'wikidata': 'https://www.wikidata.org/wiki/Q420', 'display_name': 'Biology', 'level': 0, 'score': 0.0}], 'external_ids': {'OpenAlex': 'https://openalex.org/W1974584593'}, 'semantic_scholar_id': None, 'arxiv_id': None, 'doi': 'https://doi.org/10.1109/tvcg.2013.125', 'ref_id': 14, 'reference_mentions': ['Most closely related to our work are the techniques that explain models from feature-level observation. Muhlbacher and ¨ Piringer [14] facilitated feature selection and optimization in regression models by partitioning the feature space into disjoint regions for visualization. Sedlmair et al. [17] proposed an abstract conceptual framework to discuss the visual parameter space analysis problems independent of the application domain. Goodwin et al. [4] extended visual parameter space analysis to the spatial domain, enabling the exploration of correlations between multiple variables that vary geographically at different spatial scales. While these techniques focus on explanations for domain experts, our work is designed to support explanations to experts and support their use of external information to contextualize these relationships and communicate their findings to a general audience. Our choice of text templates, as opposed to large language models, for narrative generation is to support control for reliability and reproducibility. All text generated must have a verifiable source and the generation of text for the analysis should always return the same results to ensure that the resulting analyses are not subject to misinformation.', '- [14] T. Muhlbacher and H. Piringer. A partition-based framework for build- ¨ ing and validating regression models. _IEEE Transactions on Visualization and Computer Graphics_, 19(12):1962–1971, 2013. doi: 10. 1109/TVCG.2013.125 2'], 'citation_key': 'citation-14'}"
15,15,research_reviewer_main,2025-06-24 18:51:46,raw_ref_to_json.py,"{'title': 'ChartAccent: Annotation for data-driven storytelling', 'authors': ['author-40', 'author-41', 'author-42', 'author-43', 'author-44'], 'year': 2017, 'venue': 'venue-9', 'raw_venue': '_IEEE Pacific Symposium on Visualization_', 'citation_count': 0, 'fields_of_study': [{'id': 'https://openalex.org/C2776321320', 'wikidata': 'https://www.wikidata.org/wiki/Q857525', 'display_name': 'Annotation', 'level': 2, 'score': 0.83623576}, {'id': 'https://openalex.org/C41008148', 'wikidata': 'https://www.wikidata.org/wiki/Q21198', 'display_name': 'Computer science', 'level': 0, 'score': 0.7969501}, {'id': 'https://openalex.org/C2779674283', 'wikidata': 'https://www.wikidata.org/wiki/Q425548', 'display_name': 'Palette (painting)', 'level': 2, 'score': 0.67369777}, {'id': 'https://openalex.org/C2776538412', 'wikidata': 'https://www.wikidata.org/wiki/Q989963', 'display_name': 'Storytelling', 'level': 3, 'score': 0.66978174}, {'id': 'https://openalex.org/C36464697', 'wikidata': 'https://www.wikidata.org/wiki/Q451553', 'display_name': 'Visualization', 'level': 2, 'score': 0.5909537}, {'id': 'https://openalex.org/C190812933', 'wikidata': 'https://www.wikidata.org/wiki/Q28923', 'display_name': 'Chart', 'level': 2, 'score': 0.5509476}, {'id': 'https://openalex.org/C2777904410', 'wikidata': 'https://www.wikidata.org/wiki/Q7397', 'display_name': 'Software', 'level': 2, 'score': 0.533134}, {'id': 'https://openalex.org/C98045186', 'wikidata': 'https://www.wikidata.org/wiki/Q205663', 'display_name': 'Process (computing)', 'level': 2, 'score': 0.51427907}, {'id': 'https://openalex.org/C23123220', 'wikidata': 'https://www.wikidata.org/wiki/Q816826', 'display_name': 'Information retrieval', 'level': 1, 'score': 0.47970933}, {'id': 'https://openalex.org/C172367668', 'wikidata': 'https://www.wikidata.org/wiki/Q6504956', 'display_name': 'Data visualization', 'level': 3, 'score': 0.47496057}, {'id': 'https://openalex.org/C26517878', 'wikidata': 'https://www.wikidata.org/wiki/Q228039', 'display_name': 'Key (lock)', 'level': 2, 'score': 0.44774207}, {'id': 'https://openalex.org/C21442007', 'wikidata': 'https://www.wikidata.org/wiki/Q1027879', 'display_name': 'Graphics', 'level': 2, 'score': 0.44207236}, {'id': 'https://openalex.org/C2522767166', 'wikidata': 'https://www.wikidata.org/wiki/Q2374463', 'display_name': 'Data science', 'level': 1, 'score': 0.42585915}, {'id': 'https://openalex.org/C136764020', 'wikidata': 'https://www.wikidata.org/wiki/Q466', 'display_name': 'World Wide Web', 'level': 1, 'score': 0.3957192}, {'id': 'https://openalex.org/C154945302', 'wikidata': 'https://www.wikidata.org/wiki/Q11660', 'display_name': 'Artificial intelligence', 'level': 1, 'score': 0.20820129}, {'id': 'https://openalex.org/C121684516', 'wikidata': 'https://www.wikidata.org/wiki/Q7600677', 'display_name': 'Computer graphics (images)', 'level': 1, 'score': 0.1322419}, {'id': 'https://openalex.org/C199360897', 'wikidata': 'https://www.wikidata.org/wiki/Q9143', 'display_name': 'Programming language', 'level': 1, 'score': 0.07947102}, {'id': 'https://openalex.org/C41895202', 'wikidata': 'https://www.wikidata.org/wiki/Q8162', 'display_name': 'Linguistics', 'level': 1, 'score': 0.0}, {'id': 'https://openalex.org/C138885662', 'wikidata': 'https://www.wikidata.org/wiki/Q5891', 'display_name': 'Philosophy', 'level': 0, 'score': 0.0}, {'id': 'https://openalex.org/C105795698', 'wikidata': 'https://www.wikidata.org/wiki/Q12483', 'display_name': 'Statistics', 'level': 1, 'score': 0.0}, {'id': 'https://openalex.org/C33923547', 'wikidata': 'https://www.wikidata.org/wiki/Q395', 'display_name': 'Mathematics', 'level': 0, 'score': 0.0}, {'id': 'https://openalex.org/C38652104', 'wikidata': 'https://www.wikidata.org/wiki/Q3510521', 'display_name': 'Computer security', 'level': 1, 'score': 0.0}, {'id': 'https://openalex.org/C111919701', 'wikidata': 'https://www.wikidata.org/wiki/Q9135', 'display_name': 'Operating system', 'level': 1, 'score': 0.0}, {'id': 'https://openalex.org/C199033989', 'wikidata': 'https://www.wikidata.org/wiki/Q1318295', 'display_name': 'Narrative', 'level': 2, 'score': 0.0}], 'external_ids': {'OpenAlex': 'https://openalex.org/W2596412070'}, 'semantic_scholar_id': None, 'arxiv_id': None, 'doi': 'https://doi.org/10.1109/pacificvis.2017.8031599', 'ref_id': 15, 'reference_mentions': ['Many of these systems utilize annotations to enhance the visual narratives, and Kosara and Mackinlay [7] emphasize the importance of annotations for facilitating storytelling in visualization. Recent annotation work [15] has focused on the semi-automatic creation', '- [15] D. Ren, M. Brehmer, B. Lee, T. Hollerer, and E. K. Choe. ChartAc- ¨ cent: Annotation for data-driven storytelling. In _IEEE Pacific Symposium on Visualization_, pp. 230–239, 2017. doi: 10.1109/PACIFICVIS .2017.8031599 1'], 'citation_key': 'citation-15'}"
16,16,research_reviewer_main,2025-06-24 18:51:46,raw_ref_to_json.py,"{'title': 'Authoring Narrative Visualizations with Ellipsis', 'authors': ['author-45', 'author-46'], 'year': 2014, 'venue': 'venue-8', 'raw_venue': '_Computer Graphics Forum_', 'citation_count': 0, 'fields_of_study': [{'id': 'https://openalex.org/C41008148', 'wikidata': 'https://www.wikidata.org/wiki/Q21198', 'display_name': 'Computer science', 'level': 0, 'score': 0.8534461}, {'id': 'https://openalex.org/C2776538412', 'wikidata': 'https://www.wikidata.org/wiki/Q989963', 'display_name': 'Storytelling', 'level': 3, 'score': 0.7768817}, {'id': 'https://openalex.org/C36464697', 'wikidata': 'https://www.wikidata.org/wiki/Q451553', 'display_name': 'Visualization', 'level': 2, 'score': 0.7637632}, {'id': 'https://openalex.org/C2780881102', 'wikidata': 'https://www.wikidata.org/wiki/Q189743', 'display_name': 'Ellipsis (linguistics)', 'level': 2, 'score': 0.7316454}, {'id': 'https://openalex.org/C199033989', 'wikidata': 'https://www.wikidata.org/wiki/Q1318295', 'display_name': 'Narrative', 'level': 2, 'score': 0.69846886}, {'id': 'https://openalex.org/C113843644', 'wikidata': 'https://www.wikidata.org/wiki/Q901882', 'display_name': 'Interface (matter)', 'level': 4, 'score': 0.4859513}, {'id': 'https://openalex.org/C201374245', 'wikidata': 'https://www.wikidata.org/wiki/Q104534', 'display_name': 'Digital subscriber line', 'level': 2, 'score': 0.43170166}, {'id': 'https://openalex.org/C107457646', 'wikidata': 'https://www.wikidata.org/wiki/Q207434', 'display_name': 'Human–computer interaction', 'level': 1, 'score': 0.4280765}, {'id': 'https://openalex.org/C36503486', 'wikidata': 'https://www.wikidata.org/wiki/Q11235244', 'display_name': 'Domain (mathematical analysis)', 'level': 2, 'score': 0.4173151}, {'id': 'https://openalex.org/C199360897', 'wikidata': 'https://www.wikidata.org/wiki/Q9143', 'display_name': 'Programming language', 'level': 1, 'score': 0.36567324}, {'id': 'https://openalex.org/C154945302', 'wikidata': 'https://www.wikidata.org/wiki/Q11660', 'display_name': 'Artificial intelligence', 'level': 1, 'score': 0.22729859}, {'id': 'https://openalex.org/C41895202', 'wikidata': 'https://www.wikidata.org/wiki/Q8162', 'display_name': 'Linguistics', 'level': 1, 'score': 0.19537419}, {'id': 'https://openalex.org/C76155785', 'wikidata': 'https://www.wikidata.org/wiki/Q418', 'display_name': 'Telecommunications', 'level': 1, 'score': 0.0}, {'id': 'https://openalex.org/C138885662', 'wikidata': 'https://www.wikidata.org/wiki/Q5891', 'display_name': 'Philosophy', 'level': 0, 'score': 0.0}, {'id': 'https://openalex.org/C157915830', 'wikidata': 'https://www.wikidata.org/wiki/Q2928001', 'display_name': 'Bubble', 'level': 2, 'score': 0.0}, {'id': 'https://openalex.org/C129307140', 'wikidata': 'https://www.wikidata.org/wiki/Q6795880', 'display_name': 'Maximum bubble pressure method', 'level': 3, 'score': 0.0}, {'id': 'https://openalex.org/C173608175', 'wikidata': 'https://www.wikidata.org/wiki/Q232661', 'display_name': 'Parallel computing', 'level': 1, 'score': 0.0}, {'id': 'https://openalex.org/C134306372', 'wikidata': 'https://www.wikidata.org/wiki/Q7754', 'display_name': 'Mathematical analysis', 'level': 1, 'score': 0.0}, {'id': 'https://openalex.org/C33923547', 'wikidata': 'https://www.wikidata.org/wiki/Q395', 'display_name': 'Mathematics', 'level': 0, 'score': 0.0}], 'external_ids': {'OpenAlex': 'https://openalex.org/W1530372876'}, 'semantic_scholar_id': None, 'arxiv_id': None, 'doi': 'https://doi.org/10.1111/cgf.12392', 'ref_id': 16, 'reference_mentions': ['The design space of narrative visualization [18, 5] has been widely explored in the visualization community and a diverse set of storytelling and annotation methods have been developed to reveal observations in data and to convey key messages to an audience. Such narrative visualization techniques have been adopted by a variety of geovisual analytics applications [16] that have integrated story authoring tools with spatial data visualizations. For example, NewsViews [3] generates interactive maps with narrative annotations automatically from a given news article. Latif and Beck [10] introduce a bivariate map design that integrates template-based text annotations, and they later extend their work to investigate the interplay of text and visualization in geographic storytelling [11].', '- [16] A. Satyanarayan and J. Heer. Authoring narrative visualizations with ellipsis. _Computer Graphics Forum_, 33(3):361–370, 2014. doi: 10. 1111/cgf.12392 1'], 'citation_key': 'citation-16'}"
17,17,research_reviewer_main,2025-06-24 18:51:46,raw_ref_to_json.py,"{'title': 'Visual Parameter Space Analysis: A Conceptual Framework', 'authors': ['author-47', 'author-48', 'author-49', 'author-39', 'author-50'], 'year': 2014, 'venue': 'venue-4', 'raw_venue': '_IEEE Transactions on Visualization and Computer Graphics_', 'citation_count': 0, 'fields_of_study': [{'id': 'https://openalex.org/C36464697', 'wikidata': 'https://www.wikidata.org/wiki/Q451553', 'display_name': 'Visualization', 'level': 2, 'score': 0.81709164}, {'id': 'https://openalex.org/C41008148', 'wikidata': 'https://www.wikidata.org/wiki/Q21198', 'display_name': 'Computer science', 'level': 0, 'score': 0.8127759}, {'id': 'https://openalex.org/C99740376', 'wikidata': 'https://www.wikidata.org/wiki/Q17092520', 'display_name': 'Interactive visual analysis', 'level': 4, 'score': 0.71844757}, {'id': 'https://openalex.org/C2778572836', 'wikidata': 'https://www.wikidata.org/wiki/Q380933', 'display_name': 'Space (punctuation)', 'level': 2, 'score': 0.5781091}, {'id': 'https://openalex.org/C177264268', 'wikidata': 'https://www.wikidata.org/wiki/Q1514741', 'display_name': 'Set (abstract data type)', 'level': 2, 'score': 0.56764126}, {'id': 'https://openalex.org/C73586568', 'wikidata': 'https://www.wikidata.org/wiki/Q2600211', 'display_name': 'Parameter space', 'level': 2, 'score': 0.56028014}, {'id': 'https://openalex.org/C172367668', 'wikidata': 'https://www.wikidata.org/wiki/Q6504956', 'display_name': 'Data visualization', 'level': 3, 'score': 0.55086666}, {'id': 'https://openalex.org/C59732488', 'wikidata': 'https://www.wikidata.org/wiki/Q2528440', 'display_name': 'Visual analytics', 'level': 3, 'score': 0.49232686}, {'id': 'https://openalex.org/C36503486', 'wikidata': 'https://www.wikidata.org/wiki/Q11235244', 'display_name': 'Domain (mathematical analysis)', 'level': 2, 'score': 0.47886178}, {'id': 'https://openalex.org/C124101348', 'wikidata': 'https://www.wikidata.org/wiki/Q172491', 'display_name': 'Data mining', 'level': 1, 'score': 0.4761643}, {'id': 'https://openalex.org/C185578843', 'wikidata': 'https://www.wikidata.org/wiki/Q10609775', 'display_name': 'Information visualization', 'level': 3, 'score': 0.4158303}, {'id': 'https://openalex.org/C2522767166', 'wikidata': 'https://www.wikidata.org/wiki/Q2374463', 'display_name': 'Data science', 'level': 1, 'score': 0.3864889}, {'id': 'https://openalex.org/C107457646', 'wikidata': 'https://www.wikidata.org/wiki/Q207434', 'display_name': 'Human–computer interaction', 'level': 1, 'score': 0.35227293}, {'id': 'https://openalex.org/C199360897', 'wikidata': 'https://www.wikidata.org/wiki/Q9143', 'display_name': 'Programming language', 'level': 1, 'score': 0.10926056}, {'id': 'https://openalex.org/C33923547', 'wikidata': 'https://www.wikidata.org/wiki/Q395', 'display_name': 'Mathematics', 'level': 0, 'score': 0.10606253}, {'id': 'https://openalex.org/C134306372', 'wikidata': 'https://www.wikidata.org/wiki/Q7754', 'display_name': 'Mathematical analysis', 'level': 1, 'score': 0.0}, {'id': 'https://openalex.org/C105795698', 'wikidata': 'https://www.wikidata.org/wiki/Q12483', 'display_name': 'Statistics', 'level': 1, 'score': 0.0}, {'id': 'https://openalex.org/C111919701', 'wikidata': 'https://www.wikidata.org/wiki/Q9135', 'display_name': 'Operating system', 'level': 1, 'score': 0.0}], 'external_ids': {'OpenAlex': 'https://openalex.org/W1964473154'}, 'semantic_scholar_id': None, 'arxiv_id': None, 'doi': 'https://doi.org/10.1109/tvcg.2014.2346321', 'ref_id': 17, 'reference_mentions': ['Most closely related to our work are the techniques that explain models from feature-level observation. Muhlbacher and ¨ Piringer [14] facilitated feature selection and optimization in regression models by partitioning the feature space into disjoint regions for visualization. Sedlmair et al. [17] proposed an abstract conceptual framework to discuss the visual parameter space analysis problems independent of the application domain. Goodwin et al. [4] extended visual parameter space analysis to the spatial domain, enabling the exploration of correlations between multiple variables that vary geographically at different spatial scales. While these techniques focus on explanations for domain experts, our work is designed to support explanations to experts and support their use of external information to contextualize these relationships and communicate their findings to a general audience. Our choice of text templates, as opposed to large language models, for narrative generation is to support control for reliability and reproducibility. All text generated must have a verifiable source and the generation of text for the analysis should always return the same results to ensure that the resulting analyses are not subject to misinformation.', '- [17] M. Sedlmair, C. Heinzl, S. Bruckner, H. Piringer, and T. Moller. Vi- ¨ sual parameter space analysis: A conceptual framework. _IEEE Transactions on Visualization and Computer Graphics_, 20:2161–2170, 12 2014. doi: 10.1109/TVCG.2014.2346321 2'], 'citation_key': 'citation-17'}"
18,18,research_reviewer_main,2025-06-24 18:51:46,raw_ref_to_json.py,"{'title': 'Narrative Visualization: Telling Stories with Data', 'authors': ['author-51', 'author-46'], 'year': 2010, 'venue': 'venue-4', 'raw_venue': 'IEEE Transactions on Visualization and Computer Graphics', 'citation_count': 0, 'fields_of_study': [{'id': 'https://openalex.org/C36464697', 'wikidata': 'https://www.wikidata.org/wiki/Q451553', 'display_name': 'Visualization', 'level': 2, 'score': 0.7779104}, {'id': 'https://openalex.org/C41008148', 'wikidata': 'https://www.wikidata.org/wiki/Q21198', 'display_name': 'Computer science', 'level': 0, 'score': 0.7696947}, {'id': 'https://openalex.org/C172367668', 'wikidata': 'https://www.wikidata.org/wiki/Q6504956', 'display_name': 'Data visualization', 'level': 3, 'score': 0.6883841}, {'id': 'https://openalex.org/C199033989', 'wikidata': 'https://www.wikidata.org/wiki/Q1318295', 'display_name': 'Narrative', 'level': 2, 'score': 0.6459437}, {'id': 'https://openalex.org/C185578843', 'wikidata': 'https://www.wikidata.org/wiki/Q10609775', 'display_name': 'Information visualization', 'level': 3, 'score': 0.5081377}, {'id': 'https://openalex.org/C121684516', 'wikidata': 'https://www.wikidata.org/wiki/Q7600677', 'display_name': 'Computer graphics (images)', 'level': 1, 'score': 0.48709583}, {'id': 'https://openalex.org/C107457646', 'wikidata': 'https://www.wikidata.org/wiki/Q207434', 'display_name': 'Human–computer interaction', 'level': 1, 'score': 0.3592197}, {'id': 'https://openalex.org/C2522767166', 'wikidata': 'https://www.wikidata.org/wiki/Q2374463', 'display_name': 'Data science', 'level': 1, 'score': 0.34056702}, {'id': 'https://openalex.org/C23123220', 'wikidata': 'https://www.wikidata.org/wiki/Q816826', 'display_name': 'Information retrieval', 'level': 1, 'score': 0.336892}, {'id': 'https://openalex.org/C136764020', 'wikidata': 'https://www.wikidata.org/wiki/Q466', 'display_name': 'World Wide Web', 'level': 1, 'score': 0.32884216}, {'id': 'https://openalex.org/C49774154', 'wikidata': 'https://www.wikidata.org/wiki/Q131765', 'display_name': 'Multimedia', 'level': 1, 'score': 0.3260895}, {'id': 'https://openalex.org/C154945302', 'wikidata': 'https://www.wikidata.org/wiki/Q11660', 'display_name': 'Artificial intelligence', 'level': 1, 'score': 0.23176211}, {'id': 'https://openalex.org/C138885662', 'wikidata': 'https://www.wikidata.org/wiki/Q5891', 'display_name': 'Philosophy', 'level': 0, 'score': 0.0}, {'id': 'https://openalex.org/C41895202', 'wikidata': 'https://www.wikidata.org/wiki/Q8162', 'display_name': 'Linguistics', 'level': 1, 'score': 0.0}], 'external_ids': {'OpenAlex': 'https://openalex.org/W2157900633'}, 'semantic_scholar_id': None, 'arxiv_id': None, 'doi': 'https://doi.org/10.1109/tvcg.2010.179', 'ref_id': 18, 'reference_mentions': ['In this paper, we present a visual analytics framework designed to support spatial data modeling, analysis and reporting. Our approach is inspired by research in explainable machine learning [21] and a combination of narrative visualization [18] and storytelling techniques [7]. The framework provides multiple types of explanation support throughout the spatial analysis pipeline. In the model calibration stage, our framework interprets the functionality of the spatial model configuration and recommends parameter settings. Then, the framework summarizes and explains model outputs by adopting template-based text annotations, linking with external knowledge repositories to provide relevant contextual information. All visualizations, model results, and annotations can be captured in an interactive report authoring widget, enabling analysts to generate documentation that explains their spatial analyses.', 'The design space of narrative visualization [18, 5] has been widely explored in the visualization community and a diverse set of storytelling and annotation methods have been developed to reveal observations in data and to convey key messages to an audience. Such narrative visualization techniques have been adopted by a variety of geovisual analytics applications [16] that have integrated story authoring tools with spatial data visualizations. For example, NewsViews [3] generates interactive maps with narrative annotations automatically from a given news article. Latif and Beck [10] introduce a bivariate map design that integrates template-based text annotations, and they later extend their work to investigate the interplay of text and visualization in geographic storytelling [11].', '- [18] E. Segel and J. Heer. Narrative visualization: Telling stories with data. _IEEE Transactions on Visualization and Computer Graphics_, 16(6):1139–1148, 2010. doi: 10.1109/TVCG.2010.179 1'], 'citation_key': 'citation-18'}"
19,19,research_reviewer_main,2025-06-24 18:51:46,raw_ref_to_json.py,"{'title': 'Artificial reference paper 2', 'authors': ['author-52', 'author-53'], 'year': 2025, 'venue': 'venue-5', 'raw_venue': '_Fake Journal 2_', 'citation_count': 0, 'fields_of_study': [], 'external_ids': {}, 'semantic_scholar_id': None, 'arxiv_id': None, 'doi': '10.1080/13658816.2020.1720692', 'ref_id': 19, 'reference_mentions': ['Geographic models are often used to answer _why_ questions regarding underlying spatial phenomena such as why do voter preferences generally exhibit strong spatial dependency. In order to answer such questions, researchers have developed sophisticated spatial modeling techniques and software, such as multiscale geographically weighted regression [21], to identify the determinants of the spatial patterns of data we observe in both the human and natural environments. However, these models generate output that needs local contextual information to be interpreted properly. Without such information, advanced spatial modeling techniques do not gain their full potential. While a variety of geovisual analytics systems [19] have been developed to explore spatial statistics with the help of interactive maps and narrative annotations, these applications tend to visualize only basic statistical results, and, to our knowledge, none of them explain spatial modeling results.', '- [19] L. Skywalker and O.-W. Kenobi. Artificial reference paper 2. _Fake Journal 2_, 10(2):1–4, 2025. doi: 10.1080/13658816.2020.1720692 1'], 'citation_key': 'citation-19'}"
20,20,research_reviewer_main,2025-06-24 18:51:46,raw_ref_to_json.py,"{'title': 'RETRACTED: The effect of color (red versus blue) on assimilation versus contrast in prime-to-behavior effects', 'authors': ['author-54', 'author-55'], 'year': 2011, 'venue': 'venue-10', 'raw_venue': 'Journal of Experimental Social Psychology', 'citation_count': 0, 'fields_of_study': [{'id': 'https://openalex.org/C2779157386', 'wikidata': 'https://www.wikidata.org/wiki/Q43499', 'display_name': 'Erasmus+', 'level': 3, 'score': 0.84274554}, {'id': 'https://openalex.org/C15744967', 'wikidata': 'https://www.wikidata.org/wiki/Q9418', 'display_name': 'Psychology', 'level': 0, 'score': 0.61534274}, {'id': 'https://openalex.org/C2776502983', 'wikidata': 'https://www.wikidata.org/wiki/Q690182', 'display_name': 'Contrast (vision)', 'level': 2, 'score': 0.59088504}, {'id': 'https://openalex.org/C77805123', 'wikidata': 'https://www.wikidata.org/wiki/Q161272', 'display_name': 'Social psychology', 'level': 1, 'score': 0.38897723}, {'id': 'https://openalex.org/C52119013', 'wikidata': 'https://www.wikidata.org/wiki/Q50637', 'display_name': 'Art history', 'level': 1, 'score': 0.15427855}, {'id': 'https://openalex.org/C142362112', 'wikidata': 'https://www.wikidata.org/wiki/Q735', 'display_name': 'Art', 'level': 0, 'score': 0.12670818}, {'id': 'https://openalex.org/C154945302', 'wikidata': 'https://www.wikidata.org/wiki/Q11660', 'display_name': 'Artificial intelligence', 'level': 1, 'score': 0.12311584}, {'id': 'https://openalex.org/C41008148', 'wikidata': 'https://www.wikidata.org/wiki/Q21198', 'display_name': 'Computer science', 'level': 0, 'score': 0.12184861}, {'id': 'https://openalex.org/C52069626', 'wikidata': 'https://www.wikidata.org/wiki/Q4692', 'display_name': 'The Renaissance', 'level': 2, 'score': 0.0}], 'external_ids': {'OpenAlex': 'https://openalex.org/W1979045736'}, 'semantic_scholar_id': None, 'arxiv_id': None, 'doi': 'https://doi.org/10.1016/j.jesp.2011.02.010', 'ref_id': 20, 'reference_mentions': ['Various spatial prediction models [21] and spatial data analysis tools [24] have been developed to support geographic analysis. In this work, we focus on two local spatial models widely used in spatial analysis: Geographically Weighted Regression (GWR) [1], and its recent extension, Multiscale Geographically Weighted Regression (MGWR) [2]. GWR extends the classical linear regression model [20] by capturing spatial heterogeneity with influence spreading over the space in a constant scale. MGWR further improves GWR models where local influences are modeled in different spatial windows.', '- [20] D. Smeesters and J. Liu. Retracted: The effect of color (red versus blue) on assimilation versus contrast in prime-to-behavior effects. _Journal of Experimental Social Psychology_, 47(3):653–656, 2011. doi: 10.1016/j.jesp.2011.02.010 1'], 'citation_key': 'citation-20'}"
21,21,research_reviewer_main,2025-06-24 18:51:46,raw_ref_to_json.py,"{'title': 'Artificial reference paper 1', 'authors': ['author-56', 'author-53'], 'year': 2025, 'venue': 'venue-11', 'raw_venue': '_Fake Journal 1_', 'citation_count': 0, 'fields_of_study': [], 'external_ids': {}, 'semantic_scholar_id': None, 'arxiv_id': None, 'doi': '10.1080/13658816.2020.1720692', 'ref_id': 21, 'reference_mentions': ['Geographic models are often used to answer _why_ questions regarding underlying spatial phenomena such as why do voter preferences generally exhibit strong spatial dependency. In order to answer such questions, researchers have developed sophisticated spatial modeling techniques and software, such as multiscale geographically weighted regression [21], to identify the determinants of the spatial patterns of data we observe in both the human and natural environments. However, these models generate output that needs local contextual information to be interpreted properly. Without such information, advanced spatial modeling techniques do not gain their full potential. While a variety of geovisual analytics systems [19] have been developed to explore spatial statistics with the help of interactive maps and narrative annotations, these applications tend to visualize only basic statistical results, and, to our knowledge, none of them explain spatial modeling results.', 'In this paper, we present a visual analytics framework designed to support spatial data modeling, analysis and reporting. Our approach is inspired by research in explainable machine learning [21] and a combination of narrative visualization [18] and storytelling techniques [7]. The framework provides multiple types of explanation support throughout the spatial analysis pipeline. In the model calibration stage, our framework interprets the functionality of the spatial model configuration and recommends parameter settings. Then, the framework summarizes and explains model outputs by adopting template-based text annotations, linking with external knowledge repositories to provide relevant contextual information. All visualizations, model results, and annotations can be captured in an interactive report authoring widget, enabling analysts to generate documentation that explains their spatial analyses.', 'Various spatial prediction models [21] and spatial data analysis tools [24] have been developed to support geographic analysis. In this work, we focus on two local spatial models widely used in spatial analysis: Geographically Weighted Regression (GWR) [1], and its recent extension, Multiscale Geographically Weighted Regression (MGWR) [2]. GWR extends the classical linear regression model [20] by capturing spatial heterogeneity with influence spreading over the space in a constant scale. MGWR further improves GWR models where local influences are modeled in different spatial windows.', '- [21] H. Solo and O.-W. Kenobi. Artificial reference paper 1. _Fake Journal 1_, 34(7):1378–1397, 2025. doi: 10.1080/13658816.2020.1720692 1'], 'citation_key': 'citation-21'}"
22,22,research_reviewer_main,2025-06-24 18:51:46,raw_ref_to_json.py,"{'title': 'Artificial reference paper 5', 'authors': ['author-56', 'author-57'], 'year': 2025, 'venue': 'venue-5', 'raw_venue': '_Fake Journal 2_', 'citation_count': 0, 'fields_of_study': [], 'external_ids': {}, 'semantic_scholar_id': None, 'arxiv_id': None, 'doi': '10.1080/13658816.2020.1720692', 'ref_id': 22, 'reference_mentions': [""Narrative visualization is directly related to the concept of explainability, where the visualization authors seek to couple images and text to explain an underlying data analysis. With respect to model explainability, the visual analytics community has developed a variety of systems to support the interactive explanation of machine learning models (e.g. [22, 12]). Several model-independent approaches, e.g. EnsembleMatrix [25] and RuleMatrix [13], focus on the classifier's input-output behaviors to provide insight into the model classification results. EnsembleMatrix provides a visual summary of the model outputs, RuleMatrix uses a matrix-based visualization to explain classification results, and Prospector [8] explores the relationship between feature values and predictions by using partial dependence diagnostics."", '- [22] H. Solo and L. Organa. Artificial reference paper 5. _Fake Journal 2_, 10(2):1–4, 2025. doi: 10.1080/13658816.2020.1720692 2'], 'citation_key': 'citation-22'}"
23,23,research_reviewer_main,2025-06-24 18:51:46,raw_ref_to_json.py,"{'title': 'Augmenting Visualizations with Interactive Data Facts to Facilitate Interpretation and Communication', 'authors': ['author-58', 'author-59', 'author-60', 'author-61'], 'year': 2018, 'venue': 'venue-4', 'raw_venue': 'IEEE Transactions on Visualization and Computer Graphics', 'citation_count': 0, 'fields_of_study': [{'id': 'https://openalex.org/C36464697', 'wikidata': 'https://www.wikidata.org/wiki/Q451553', 'display_name': 'Visualization', 'level': 2, 'score': 0.86902654}, {'id': 'https://openalex.org/C41008148', 'wikidata': 'https://www.wikidata.org/wiki/Q21198', 'display_name': 'Computer science', 'level': 0, 'score': 0.85580385}, {'id': 'https://openalex.org/C172367668', 'wikidata': 'https://www.wikidata.org/wiki/Q6504956', 'display_name': 'Data visualization', 'level': 3, 'score': 0.6545185}, {'id': 'https://openalex.org/C107457646', 'wikidata': 'https://www.wikidata.org/wiki/Q207434', 'display_name': 'Human–computer interaction', 'level': 1, 'score': 0.63202643}, {'id': 'https://openalex.org/C153083717', 'wikidata': 'https://www.wikidata.org/wiki/Q6535263', 'display_name': 'Leverage (statistics)', 'level': 2, 'score': 0.58076054}, {'id': 'https://openalex.org/C64073096', 'wikidata': 'https://www.wikidata.org/wiki/Q451553', 'display_name': 'Interactive visualization', 'level': 3, 'score': 0.54393876}, {'id': 'https://openalex.org/C185578843', 'wikidata': 'https://www.wikidata.org/wiki/Q10609775', 'display_name': 'Information visualization', 'level': 3, 'score': 0.54111356}, {'id': 'https://openalex.org/C59732488', 'wikidata': 'https://www.wikidata.org/wiki/Q2528440', 'display_name': 'Visual analytics', 'level': 3, 'score': 0.49517122}, {'id': 'https://openalex.org/C79581498', 'wikidata': 'https://www.wikidata.org/wiki/Q1367530', 'display_name': 'Suite', 'level': 2, 'score': 0.45350882}, {'id': 'https://openalex.org/C14669888', 'wikidata': 'https://www.wikidata.org/wiki/Q4014850', 'display_name': 'Creative visualization', 'level': 3, 'score': 0.44161397}, {'id': 'https://openalex.org/C2522767166', 'wikidata': 'https://www.wikidata.org/wiki/Q2374463', 'display_name': 'Data science', 'level': 1, 'score': 0.43182564}, {'id': 'https://openalex.org/C124101348', 'wikidata': 'https://www.wikidata.org/wiki/Q172491', 'display_name': 'Data mining', 'level': 1, 'score': 0.24726641}, {'id': 'https://openalex.org/C154945302', 'wikidata': 'https://www.wikidata.org/wiki/Q11660', 'display_name': 'Artificial intelligence', 'level': 1, 'score': 0.20981687}, {'id': 'https://openalex.org/C95457728', 'wikidata': 'https://www.wikidata.org/wiki/Q309', 'display_name': 'History', 'level': 0, 'score': 0.0}, {'id': 'https://openalex.org/C166957645', 'wikidata': 'https://www.wikidata.org/wiki/Q23498', 'display_name': 'Archaeology', 'level': 1, 'score': 0.0}], 'external_ids': {'OpenAlex': 'https://openalex.org/W2888660171'}, 'semantic_scholar_id': None, 'arxiv_id': None, 'doi': 'https://doi.org/10.1109/tvcg.2018.2865145', 'ref_id': 23, 'reference_mentions': ['of presentation-like storytelling visualizations and explored mechanisms for automatically generating annotations by integrating deeplearning feature extraction techniques with a natural language generation process [9]. Annotations in such systems are used to describe salient patterns and facilitate storytelling [23].', '- [23] A. Srinivasan, S. M. Drucker, A. Endert, and J. Stasko. Augmenting visualizations with interactive data facts to facilitate interpretation and communication. _IEEE Transactions on Visualization and Computer Graphics_, 25(1):672–681, 2019. doi: 10.1109/TVCG.2018.2865145 2'], 'citation_key': 'citation-23'}"
24,24,research_reviewer_main,2025-06-24 18:51:46,raw_ref_to_json.py,"{'title': 'GeoVISTA Studio: a codeless visual programming environment for geoscientific data analysis and visualization', 'authors': ['author-62', 'author-63'], 'year': 2002, 'venue': 'venue-12', 'raw_venue': 'Computers and Geosciences', 'citation_count': 0, 'fields_of_study': [{'id': 'https://openalex.org/C41008148', 'wikidata': 'https://www.wikidata.org/wiki/Q21198', 'display_name': 'Computer science', 'level': 0, 'score': 0.81142545}, {'id': 'https://openalex.org/C168167062', 'wikidata': 'https://www.wikidata.org/wiki/Q1117970', 'display_name': 'Component (thermodynamics)', 'level': 2, 'score': 0.68636775}, {'id': 'https://openalex.org/C115903868', 'wikidata': 'https://www.wikidata.org/wiki/Q80993', 'display_name': 'Software engineering', 'level': 1, 'score': 0.64466035}, {'id': 'https://openalex.org/C36464697', 'wikidata': 'https://www.wikidata.org/wiki/Q451553', 'display_name': 'Visualization', 'level': 2, 'score': 0.6275289}, {'id': 'https://openalex.org/C512115632', 'wikidata': 'https://www.wikidata.org/wiki/Q134067', 'display_name': 'Microsoft Visual Studio', 'level': 3, 'score': 0.5669715}, {'id': 'https://openalex.org/C2777904410', 'wikidata': 'https://www.wikidata.org/wiki/Q7397', 'display_name': 'Software', 'level': 2, 'score': 0.55747104}, {'id': 'https://openalex.org/C105339364', 'wikidata': 'https://www.wikidata.org/wiki/Q2297740', 'display_name': 'Software deployment', 'level': 2, 'score': 0.5477533}, {'id': 'https://openalex.org/C128644962', 'wikidata': 'https://www.wikidata.org/wiki/Q683111', 'display_name': 'Visual programming language', 'level': 2, 'score': 0.46731064}, {'id': 'https://openalex.org/C45012715', 'wikidata': 'https://www.wikidata.org/wiki/Q746628', 'display_name': 'Studio', 'level': 2, 'score': 0.457541}, {'id': 'https://openalex.org/C174683762', 'wikidata': 'https://www.wikidata.org/wiki/Q609588', 'display_name': 'Component-based software engineering', 'level': 4, 'score': 0.4215423}, {'id': 'https://openalex.org/C201995342', 'wikidata': 'https://www.wikidata.org/wiki/Q682496', 'display_name': 'Systems engineering', 'level': 1, 'score': 0.40409172}, {'id': 'https://openalex.org/C107457646', 'wikidata': 'https://www.wikidata.org/wiki/Q207434', 'display_name': 'Human–computer interaction', 'level': 1, 'score': 0.3913628}, {'id': 'https://openalex.org/C2522767166', 'wikidata': 'https://www.wikidata.org/wiki/Q2374463', 'display_name': 'Data science', 'level': 1, 'score': 0.36184844}, {'id': 'https://openalex.org/C149091818', 'wikidata': 'https://www.wikidata.org/wiki/Q2429814', 'display_name': 'Software system', 'level': 3, 'score': 0.3569025}, {'id': 'https://openalex.org/C154945302', 'wikidata': 'https://www.wikidata.org/wiki/Q11660', 'display_name': 'Artificial intelligence', 'level': 1, 'score': 0.17589027}, {'id': 'https://openalex.org/C199360897', 'wikidata': 'https://www.wikidata.org/wiki/Q9143', 'display_name': 'Programming language', 'level': 1, 'score': 0.16474715}, {'id': 'https://openalex.org/C127413603', 'wikidata': 'https://www.wikidata.org/wiki/Q11023', 'display_name': 'Engineering', 'level': 0, 'score': 0.11414084}, {'id': 'https://openalex.org/C76155785', 'wikidata': 'https://www.wikidata.org/wiki/Q418', 'display_name': 'Telecommunications', 'level': 1, 'score': 0.0}, {'id': 'https://openalex.org/C121332964', 'wikidata': 'https://www.wikidata.org/wiki/Q413', 'display_name': 'Physics', 'level': 0, 'score': 0.0}, {'id': 'https://openalex.org/C97355855', 'wikidata': 'https://www.wikidata.org/wiki/Q11473', 'display_name': 'Thermodynamics', 'level': 1, 'score': 0.0}], 'external_ids': {'OpenAlex': 'https://openalex.org/W2075274160'}, 'semantic_scholar_id': None, 'arxiv_id': None, 'doi': 'https://doi.org/10.1016/s0098-3004(02)00031-6', 'ref_id': 24, 'reference_mentions': ['Various spatial prediction models [21] and spatial data analysis tools [24] have been developed to support geographic analysis. In this work, we focus on two local spatial models widely used in spatial analysis: Geographically Weighted Regression (GWR) [1], and its recent extension, Multiscale Geographically Weighted Regression (MGWR) [2]. GWR extends the classical linear regression model [20] by capturing spatial heterogeneity with influence spreading over the space in a constant scale. MGWR further improves GWR models where local influences are modeled in different spatial windows.', '- [24] M. Takatsuka and M. Gahegan. GeoVISTA Studio: A codeless visual programming environment for geoscientific data analysis and visualization. _Computers and Geosciences_, 28(10):1131–1144, 2002. doi: 10.1016/S0098-3004(02)00031-6 1'], 'citation_key': 'citation-24'}"
25,25,research_reviewer_main,2025-06-24 18:51:46,raw_ref_to_json.py,"{'title': 'EnsembleMatrix: Interactive visualization to support machine learning with multiple classifiers', 'authors': ['author-64', 'author-42', 'author-65', 'author-66'], 'year': 2009, 'venue': 'venue-3', 'raw_venue': 'pp. 1283–1292', 'citation_count': 0, 'fields_of_study': [], 'external_ids': {}, 'semantic_scholar_id': None, 'arxiv_id': None, 'doi': '10.1145/1518701.1518895', 'ref_id': 25, 'reference_mentions': [""Narrative visualization is directly related to the concept of explainability, where the visualization authors seek to couple images and text to explain an underlying data analysis. With respect to model explainability, the visual analytics community has developed a variety of systems to support the interactive explanation of machine learning models (e.g. [22, 12]). Several model-independent approaches, e.g. EnsembleMatrix [25] and RuleMatrix [13], focus on the classifier's input-output behaviors to provide insight into the model classification results. EnsembleMatrix provides a visual summary of the model outputs, RuleMatrix uses a matrix-based visualization to explain classification results, and Prospector [8] explores the relationship between feature values and predictions by using partial dependence diagnostics."", '- [25] J. Talbot, B. Lee, A. Kapoor, and D. S. Tan. EnsembleMatrix: Interactive visualization to support machine learning with multiple classifiers. In _Proceedings of the ACM Conference on Human Factors in Computing Systems_, pp. 1283–1292, 2009. doi: 10.1145/1518701. 1518895 2'], 'citation_key': 'citation-25'}"
